-0.249954417,-0.419448525,-0.307898521,-0.311133653,-1.7155503,-1.107108,-0.578935683,-0.965255439,-1.16429949,-0.902720571,-0.829160213,0.7184304,-0.93242377,-0.551814973,-0.266229004,-0.564208329,-0.0348607972,-1.05453312,-0.119938686,-0.6442523,-0.465473473,0.371376336,-0.548759282,-0.476274699,-0.960935891,-0.660000682,-0.200445116,-0.977188945,-0.207394764,-0.668321788,1
-0.797198892,3.42031217,-0.842678607,-0.737059951,-1.30989707,-1.28569961,-1.06946349,-1.08256185,0.163001552,-0.63002497,-0.617288888,0.803168893,-0.641972601,-0.512626588,-0.869062006,-1.07695138,-1.06283474,-1.37434649,-0.174741596,-0.52157253,-0.788251817,2.67991686,-0.83784759,-0.703522384,-1.40750945,-1.1817503,-1.2090826,-1.27347863,0.0290667061,-0.607161462,1
0.120402947,1.95051372,0.197216094,0.0113376826,1.28197563,1.04087842,0.96114254,0.62534374,1.86105704,1.13472521,-0.109006457,-0.327905744,0.0134286042,-0.160137683,-0.473512292,0.978584111,0.584899306,-0.1561573,-0.245032281,0.744966447,0.253627688,1.91095459,0.503592551,0.115158632,1.57521534,2.56727052,2.10757828,0.852038682,2.17528296,2.81725836,0
0.275179178,-0.663242877,0.311468214,0.0545356348,1.36095238,1.43941963,0.321040362,0.922675788,0.741378546,0.272837579,0.102864876,-0.263430804,-0.025706863,-0.00977817271,0.603790224,0.94681561,0.0117517244,1.7457875,0.345886052,0.536756396,-0.0221639369,-1.19796824,-0.0311032385,-0.197891951,0.291755795,0.21541813,-0.365443408,0.416938424,-0.498045325,-0.342320174,1
0.880464733,0.682314336,0.905579209,0.80651015,-0.43469131,0.435547054,0.106012017,0.661684334,1.13808584,-1.14433169,1.50803447,0.777378917,1.55385721,1.04418218,-0.121701233,1.9842006,0.54649055,1.56829441,0.815284848,0.905659676,0.852197707,0.275462747,0.909021258,0.72496593,-0.815887332,0.205231443,-0.200445116,0.575019836,0.285233289,-0.507845938,0
-0.0205539595,0.476026803,-0.0809978321,-0.141093314,-0.383715421,-0.651981533,-0.946132004,-0.764238656,-1.05307317,-0.620134473,-0.495523781,0.537900567,-0.55804354,-0.376292378,0.0912870765,-0.671643496,-0.910728753,-0.296197772,-0.952704608,-0.352671862,-0.18151021,0.778182209,-0.255264163,-0.279534727,-0.143389732,-0.656817317,-1.01806533,-0.526581705,-1.09576738,-0.433219075,1
0.280706882,-0.595261753,0.279397428,0.170372188,-0.523001671,-0.155121014,-0.168299243,-0.209473044,-0.767592192,-0.406781971,-0.453079939,-1.56379819,-0.413289428,-0.286159188,-0.516300142,-0.362045318,-0.42267698,-0.586048961,-0.642949045,-0.371678591,0.316957623,-0.882114887,0.315567672,0.195414677,0.753273785,0.500645518,0.301872164,0.159491569,0.856681883,0.75800544,0
-0.650714278,0.225199953,-0.629808843,-0.646261692,0.922990501,0.187398791,-0.258629054,-0.296131343,0.711718202,0.253056556,0.349526256,0.887907386,0.507101297,-0.0407163426,0.739126503,-0.0813275725,0.370854586,-0.055197902,1.58967376,0.570018172,-0.592133343,0.105133474,-0.530250609,-0.576984763,0.168684319,-0.415520072,-0.367396027,-0.534711599,0.451084763,-0.22561048,1
-0.335634112,-0.824991047,-0.309902936,-0.379920214,-1.28261423,-0.156624943,0.291654438,-0.384568572,-1.36821437,-0.478841424,-0.382804036,0.327896476,-0.237415597,-0.351129323,-0.216468349,0.817431331,1.77295923,0.957652867,-0.220013559,-0.019622229,-0.473645061,-0.973067403,-0.435944349,-0.487368405,-1.4373982,-0.144936085,0.310170889,-0.194309652,-1.46852267,-0.708160222,1
-1.52215958,-0.145179898,-1.51215589,-1.19270205,0.815294921,-0.858395755,-1.13292432,-1.24606895,1.34200072,1.53317153,-0.224509373,2.88478827,-0.296354562,-0.464156777,4.32601452,-0.660091341,-1.18302047,-1.93108869,4.86474323,1.3298552,-1.48447251,-0.518304765,-1.47801363,-1.1035893,0.120334819,-1.12559617,-1.32223821,-1.72544098,0.408390313,-0.153228015,1
-0.529104352,-1.38993752,-0.51034528,-0.547209084,0.757857323,-0.169972301,-0.768155515,-0.51366657,0.292765617,0.278489292,-0.698697567,-0.72709769,-0.41376096,-0.517164171,-0.103952207,-0.0518695377,-0.803408086,-0.613080025,0.714018643,0.173468813,-0.588047504,-1.28395963,-0.457684726,-0.57473135,0.471967578,0.0256910026,-0.838226974,-0.492857665,0.945354939,0.47801438,1
-0.335634112,-1.19771504,-0.275025994,-0.392026633,-0.606286228,0.57278055,0.622565567,-0.234631896,-0.760177076,0.190887615,-0.691739559,-1.419927,-0.215726063,-0.494269937,-0.507108629,1.75951087,1.85909915,0.299788386,-0.949130535,1.64735389,-0.373542905,-1.30215013,-0.0575442389,-0.411965847,-0.288438231,2.10377598,2.4497788,0.624702573,-0.41758275,1.90265834,1
-0.783379555,-1.46729529,-0.747668922,-0.738435686,1.98558652,0.131001458,-0.123581529,0.164352074,0.804406762,0.904417515,-0.504917085,-0.414854795,-0.491088867,-0.500663817,-0.147690877,-0.44406572,-0.399557173,-0.0356573723,0.0540009812,-0.00882295333,-0.69019258,-0.834158063,-0.64717859,-0.694508731,1.27632749,-0.0736292377,-0.225341305,0.258857012,0.738451123,0.463425666,1
-0.321814805,-0.714814723,-0.345982552,-0.404683352,0.197122529,-0.296490312,-0.711811185,-0.638698459,-0.244828373,-0.10441485,-0.888999104,-0.563699782,-0.873720586,-0.597190917,-1.33560777,-0.728249133,-0.581532478,-0.741070449,-0.229544505,-0.764340222,-0.481816679,-0.422391176,-0.507335067,-0.512849271,-0.648861825,-0.37349996,-0.438667476,-0.462596387,0.662914813,-0.311459452,1
1.88374627,1.37619054,2.05210924,1.90489376,0.994787514,2.24590158,2.92233396,2.49980617,1.29009521,0.854964912,1.95125961,-0.340800732,2.78544569,1.6188072,-0.22249034,1.01901674,1.74238145,2.34177375,-0.00675876625,1.06764877,1.64892912,0.634311795,2.1194315,1.63326335,0.38405937,1.04499686,1.89913368,2.1016345,0.0586243905,0.832632363,0
1.35308492,-0.0725104362,1.26637542,1.32983828,-0.996144056,-0.448387146,0.0515841618,0.183920085,0.537463546,-1.73776245,1.0028832,0.241315857,1.11535132,0.843909144,-0.847192645,0.106972814,0.323496282,0.285132974,-0.0389256924,-0.455912948,1.2464776,0.025756726,1.21162379,1.14618015,-1.31256866,-0.178679496,0.243292883,0.108303308,-0.08587984,-1.0369674,0
0.95785284,-0.977362514,0.929632306,0.826595843,0.174147472,0.217477381,0.128754169,0.775026321,-0.229998186,-0.176474303,0.692208111,-0.715676427,0.850833297,0.428718865,-0.467173338,0.281410575,0.0874504596,0.273734331,-0.164019287,0.000248437602,0.774567485,-1.00118005,0.820884585,0.607095301,-0.284042835,0.170214683,-0.107206434,0.466621161,-0.225457802,-0.263765574,0
0.211610362,-0.597605944,0.273785055,0.0765473321,1.44710875,1.14239359,1.0263027,1.0215323,1.31975555,0.698129654,0.0879051611,-0.482829809,0.0652948841,0.0178599283,-0.0367594697,0.00993457623,-0.0602180101,0.138579011,-0.548831046,0.0615883209,0.529419363,0.296960622,0.591729224,0.378287524,2.45429707,1.23217726,0.974069297,1.32628286,1.13583779,1.26861048,0
-0.954738975,1.40666485,-0.95412451,-0.846568167,0.0377331264,-0.597652078,-0.828971624,-0.835649192,0.355793864,0.0778531805,-0.527530611,0.519479156,-0.638200521,-0.488288552,0.0278976969,-0.872651279,-0.779915333,-0.914166987,0.113569364,-0.484854996,-0.810723722,1.59014022,-0.851361871,-0.729869962,0.788437009,-0.730034173,-0.77305752,-0.801643372,0.846829295,-0.135833785,1
-0.598200917,-0.229570255,-0.64544338,-0.597285688,-0.964553356,-1.06443405,-0.880971909,-0.903247714,0.248275086,-0.231578588,-0.605460286,-1.06494641,-0.627355754,-0.471169442,0.0345535837,-0.986440122,-0.694148302,-0.628386736,-0.0794321895,-0.47794345,-0.637077153,-0.701863527,-0.684195995,-0.605932415,-0.771933258,-1.05307961,-0.872983992,-0.77755475,-0.177837089,-0.550489902,1
0.52945435,0.942517877,0.43654421,0.393790901,-1.00404179,-0.703867078,-0.711427867,-0.401595265,-1.01229012,-0.815118909,-0.0759559199,-0.0442160144,-0.181305707,0.0040408778,-0.973654449,-0.935090721,-0.772457361,-0.694987416,-0.71800524,-0.302131265,0.607049584,1.37350786,0.494778901,0.47362408,-0.609303117,-0.632623911,-0.610011876,-0.223667637,0.0898241699,0.0353030525,0
-0.070303455,-0.946888208,-0.113068603,-0.185116693,-0.06350068,-0.512304127,-0.560665309,-0.302992851,1.1455009,-0.594701707,-0.533792794,-0.536988735,-0.481187105,-0.431156069,-0.908363402,-0.580381334,-0.639704883,-0.232691035,-0.636992216,-0.928057253,-0.253011763,-0.634062529,-0.25232628,-0.35840404,-0.591721475,-0.522480309,-0.611476362,-0.220957667,0.101318821,-0.828797638,1
0.927450359,4.70257664,0.865490735,0.731670439,0.149018511,0.482544839,0.67750448,0.993069768,0.0295299422,-0.435040593,0.470595568,-0.65378052,0.0714245364,0.179150924,-0.710271597,0.138163671,-0.212734178,0.306301892,-0.996785223,-0.424379051,1.28529274,3.19090462,1.00597155,0.92083919,0.199452192,0.757859468,0.259890348,1.3849988,-0.0661747232,0.0599916428,0
-0.291412324,0.0212566145,-0.368832976,-0.350754708,-1.10886538,-1.24528146,-1.12408304,-1.14017308,0.0666053891,-1.09205329,0.00927967392,0.00552179478,-0.120480701,-0.151681259,0.12361566,-0.974137068,-1.15721571,-1.25254381,0.151693121,-0.324593753,-0.406229317,-0.549724698,-0.491176665,-0.437966734,-1.31256866,-1.2259351,-1.31323159,-1.5581758,-0.746001482,-1.17836571,1
1.70133138,0.893290222,1.62717152,1.67652249,-0.377971649,0.510743499,0.738831639,0.960541129,1.08988774,-0.882939517,1.23945546,0.548953414,0.803210616,0.980862081,-0.343881011,0.540756822,0.395093113,0.135322258,0.708061814,0.289237052,1.63462877,0.994814575,1.443717,1.51365924,-0.569744468,0.633072495,0.678243995,0.642768979,1.30661547,-0.0118297152,0
-0.570562303,2.09116435,-0.599742532,-0.563442707,-0.61202997,-0.829633117,-0.830504775,-0.642002165,0.196369454,-0.813705921,0.71238631,2.63794136,0.588672817,0.0958241224,0.131856278,-0.572294831,-0.636721671,-0.0047182031,-0.0186724421,0.0611563474,-0.534932077,1.28255534,-0.579313338,-0.535903394,-1.2246604,-1.00087285,-1.05257821,-0.890319467,-0.803474724,-0.981979132,1
-0.258246005,-0.234258607,-0.301885247,-0.322964936,-1.53533971,-0.830761075,-0.512114644,-0.516716123,-1.28664839,-1.02423263,-0.692435384,-0.968970835,-0.761265039,-0.483132213,-0.358777523,-0.608106554,-0.59980458,-0.55299288,-1.15523708,-0.893931568,-0.269354969,-0.278520823,-0.348395258,-0.327896357,-0.165366784,-0.369043291,-0.406448901,-0.15215461,-1.08098853,-0.821503282,1
-0.802726626,2.379498,-0.847489238,-0.73926115,-1.54754519,-1.28870738,-1.13292432,-1.24606895,-2.74742103,-1.09064031,-0.303482771,4.9461441,-0.381698161,-0.361029565,0.156261191,-0.957675219,-1.18302047,-1.93108869,-0.0877717659,-0.850302458,-0.878139436,2.10443544,-0.933328927,-0.757777572,-1.72705567,-1.27031088,-1.32223821,-1.72544098,-2.17954922,-1.3938297,1
1.5769577,0.687002659,1.53095925,1.66551661,0.162659958,-0.0269110687,0.756718695,1.16765702,-0.812082708,-1.24182391,1.24154282,-0.357380003,1.4213624,1.48680437,-0.192380399,-0.377063155,0.081484057,0.54567337,-0.841907442,-0.753540993,2.26792812,0.87740314,2.345649,2.63689733,0.845577359,0.385408551,1.30016065,1.86978173,-0.205752671,-0.434341282,0
0.382969737,0.175972253,0.424517661,0.247688264,1.43274939,0.978841364,1.28311014,1.06981707,0.4744353,0.66421932,0.854677618,0.221052304,0.860263526,0.548552692,0.0532534495,0.220761687,0.671039224,0.737821877,-0.250989109,0.211914226,1.01767266,0.634311795,1.03241253,0.835902989,1.58840156,0.871186376,1.38851762,1.46780336,0.482284516,1.01050246,0
-1.63299048,-0.557754934,-1.60756648,-1.24580526,-0.721161425,-0.840348601,-0.930033624,-1.09570038,-0.118771851,0.32370308,-0.852469563,-0.468461096,-0.828219712,-0.662264228,0.591746211,-0.519732475,-0.590854943,-0.967577755,0.609178305,-0.500837922,-1.48202097,-0.597681522,-1.46009243,-1.09994912,-0.0994356424,-0.75613755,-0.986383677,-1.33942115,0.347632855,-0.549928784,1
-0.907753348,1.16990304,-0.918846667,-0.806396782,-1.01409328,-0.716462493,-0.935144246,-1.03869903,0.648689926,0.0764402449,0.411452502,1.30238914,0.336414069,-0.150856242,0.36829865,-0.390348136,-0.706826925,-0.967577755,0.480510592,-0.330209374,-0.651377439,0.971662998,-0.677438796,-0.643373668,-0.508208692,-0.580417156,-1.01987147,-1.23403358,0.272096545,-0.428169161,1
-0.741921663,0.272083491,-0.570477962,-0.738985956,3.33537054,3.37948799,1.95132065,1.42737782,2.95107508,4.90301085,0.327956408,-0.10132239,0.280304193,-0.269865066,0.636752665,2.83732843,0.927967489,1.109092,4.64672327,2.36140203,-0.26731205,0.153090268,-0.237636834,-0.535730064,3.4212873,3.89536047,2.03093696,2.15131712,6.14914942,4.99995422,0
-0.518048942,0.0798610225,-0.531993032,-0.532901466,-0.0132427635,-0.437295675,-0.597972631,-0.202357396,0.65981257,-0.368632853,-0.166757911,0.211841598,-0.255804539,-0.269658804,0.130905434,-0.442910522,-0.660587311,-0.0747384354,-0.666776419,-0.174267843,-0.363328397,0.46067518,-0.435062975,-0.413179219,0.480758399,-0.320019841,-0.650041044,-0.0994608179,-0.369962037,-0.120683961,1
0.239248976,0.126744553,0.147907287,0.097733587,-0.849678159,-0.951451361,-0.884166062,-0.753311098,-1.06048822,-1.42409194,-0.756101131,-0.268957227,-0.737689435,-0.488288552,-1.09884846,-1.00937116,-0.874706566,-0.883716345,-0.165210649,-0.95959115,-0.0487216488,0.0406398661,-0.13686724,-0.164090812,-1.20707881,-0.983746469,-0.943913698,-0.85915488,-0.406088084,-1.29283094,1
1.50509727,0.935485363,1.48686194,1.42889082,0.355793953,0.520143092,1.23839247,1.34859753,0.69688797,-0.550900877,0.72838974,2.99347472,1.19409382,0.614347875,1.31184959,0.89598608,1.60217094,3.672158,0.8403036,1.07931197,0.940042436,0.804641128,1.02947474,0.756166995,-0.301624477,-0.0831792653,0.546928763,1.02216434,-0.521034658,-0.441635638,0
-0.0841227621,-0.803893447,-0.0553412139,-0.194196522,0.334254861,0.448706448,-0.137763441,0.0421155877,-0.515479147,0.4127177,-0.426639497,-1.08778894,-0.42130515,-0.349891812,-0.755595028,-0.277714461,-0.527089059,-0.432004452,-1.00393343,-0.264117807,0.0718095079,-0.779586554,0.0981638804,-0.111569032,0.401641011,0.634982467,0.0343601406,0.356716931,-0.499687433,1.0722239,0
0.192263335,-0.365532488,0.163140908,0.0553610735,-0.305456668,-0.286338806,-0.613048911,-0.671735406,0.340963691,-0.54807502,-0.629465401,-1.08484149,-0.645273149,-0.424143434,-0.73055619,-0.794096529,-0.527461946,-0.807996809,0.227940649,-0.764772236,0.0432088971,-0.468694299,-0.0311032385,-0.0819280297,-0.411509693,-0.422523439,-0.316627324,-0.474640667,1.16046917,-0.619505703,1
-1.42459536,-0.810925961,-1.32574451,-1.12666702,-0.10227108,0.379149735,0.0505620427,-0.659537137,-1.83907259,1.25623715,-0.306613863,-0.427565575,0.202504769,-0.482100934,3.56534195,2.43415761,2.27115393,1.82720637,0.382818431,0.803282559,-1.39009047,-1.40633214,-1.28146875,-1.05176079,-0.618093967,-0.423796773,-0.568518221,-1.1464113,-2.03832912,-0.374303132,1
-0.247190565,2.07241082,-0.27783218,-0.319938332,-0.670185566,-0.664764941,-0.75129056,-0.413793504,-0.64153564,-0.69643271,-0.57832408,0.711061835,-0.618396997,-0.463331759,-0.674456596,-0.677997172,-0.624415994,-0.446496993,-0.403484166,-1.03604996,-0.377628714,1.91756928,-0.425367951,-0.42843309,-1.08840275,-0.740857542,-0.80381161,-0.527334452,-0.690170288,-1.09195554,1
-0.125580668,-1.42041183,-0.157566786,-0.236018747,0.0298354533,-0.319989204,-0.636174381,-0.594734013,-1.63515759,0.0990471393,-0.664951265,-1.43208516,-0.688180745,-0.472613215,-0.940692008,-0.491429627,-0.566989362,-0.846752167,-0.824036956,-0.434746355,-0.17946732,-1.5253973,-0.212958574,-0.295655251,-0.0378999151,-0.04497917,-0.463563681,-0.512580216,-0.842884958,0.184556812,1
-0.111761369,-0.37022084,-0.162377402,-0.229965523,0.248098418,-0.461734504,-0.551849484,-0.443018436,-0.255951017,-0.262663066,-0.550492048,-0.487803578,-0.606609225,-0.405786783,-1.22214079,-0.997645736,-0.54983592,-0.427607805,-0.926494539,-0.957863271,-0.257097542,-0.338053375,-0.328417599,-0.329803079,-0.530185759,-0.763140917,-0.471862406,-0.358864874,-0.616276085,-0.801864624,1
-0.600964785,0.541663766,-0.612570822,-0.594534218,0.117427826,-0.482037544,-0.707722723,-0.735776126,-0.419082969,-0.112892434,-0.311484486,-0.531093895,-0.401030123,-0.320191175,0.222503081,-0.022411501,-0.49874863,-0.675446868,-0.934834123,0.0494931303,-0.52063179,0.0952113867,-0.570499659,-0.509209156,0.792832434,-0.0927292854,-0.588532805,-0.634378135,-0.74764353,0.0852413401,1
0.966144383,0.963615477,1.08998609,0.896483004,-0.226479933,1.80976212,1.59613419,1.30031288,-0.389422625,1.54730082,1.83540881,0.467899203,1.39118564,1.3321135,-0.106170841,2.58722377,1.27476466,1.83209157,-0.464243919,3.26508522,1.09326005,0.545012951,1.07648087,0.971107602,-0.495022476,1.42636108,1.19911134,1.27961123,-0.972610354,2.16076636,0
-0.708755314,-1.12035728,-0.68793714,-0.692761421,0.272509396,0.147920668,-0.272172123,-0.586856008,0.0628978461,0.717910707,-0.427683204,1.02606797,-0.576432467,-0.40124917,1.60027122,0.904650211,0.88769424,0.501707196,-0.265285522,0.764837086,-0.808680832,-0.974721074,-0.827858746,-0.726229846,0.111544006,-0.271633059,-0.445013583,-0.68391031,-0.926631749,-0.143128142,1
1.75937247,0.340064585,1.71937501,1.77282357,-0.321969986,0.510743499,0.812935293,1.3333497,1.35312343,-1.20791352,1.50385964,0.967119455,1.09271872,1.23929894,-0.685549736,0.313756675,0.34325999,0.835524559,0.89748925,-0.441657901,1.43238163,0.260579616,1.32326365,1.33165312,-0.978517532,-0.006779077,0.187154412,0.702990472,0.536473632,-1.12393856,0
-0.816545904,-1.43916523,-0.839471519,-0.750542104,0.10737624,-0.996381223,-0.879694283,-0.792192936,0.107388385,-0.238643244,-0.613114119,-0.791204214,-0.67026329,-0.512214065,0.607910514,-0.951494813,-0.737031817,-0.590608418,0.387583911,-0.91682601,-0.863839149,-1.53366566,-0.902187347,-0.755697489,0.0939623639,-1.04894125,-0.974863112,-0.896492183,-0.0563221574,-0.907352269,1
0.043014843,-0.245979488,-0.0236713309,-0.0593748875,-2.17433333,-0.976266205,-0.816706181,-0.896894515,-0.615582824,-0.971954167,-0.596067011,-0.998445094,-0.560872555,-0.407436818,-1.24622881,-0.675109148,-0.780661166,-1.07733035,-1.14332342,-0.770819783,0.000307975017,-0.0519663431,-0.0340411291,-0.0989152715,-1.64881742,-0.240436316,-0.558266819,-0.591771483,-0.422509015,-0.40011394,1
-0.913281024,0.647151709,-0.922855496,-0.811074257,-0.576849401,-0.877946854,-0.671181917,-0.889270604,0.796991706,-0.419498354,-0.325748384,0.755273223,-0.287867337,-0.414861977,-0.176849991,-0.22977297,-0.0676760152,-0.229434282,-0.260520071,-0.454185069,-0.706535757,1.06923032,-0.683608413,-0.671281278,-0.0730631873,-0.540307045,-0.381552696,-0.598546386,0.117739759,-0.407969385,1
-1.62663352,0.347097129,-1.54502845,-1.24030232,-0.143195376,0.495704234,0.554850161,-0.695115328,1.56074595,2.80763483,-0.723050594,1.38344336,-0.757964432,-0.620910168,1.68901634,1.6578517,1.70807469,-0.266886979,0.293465883,3.47243142,-1.45587182,0.685575962,-1.43600178,-1.0867753,1.36423564,1.12394369,1.30455399,-0.539228201,0.703967154,3.63085985,1
1.08499038,-0.555410743,1.02985346,0.922621846,-0.472025782,0.358470708,0.259713203,0.343259543,-0.300441533,-0.697845638,-0.357407331,-1.142869,-0.438279569,-0.0937237442,-0.945763171,-0.569406807,-0.0736424178,-0.342932194,-0.914580882,-0.563905716,0.850154817,-0.587759435,0.773878336,0.719765723,-0.248879567,0.0772611275,0.771970809,0.585558593,-0.0842377469,-0.0920676365,0
-0.122816816,-0.0209385604,-0.0942270234,-0.218409389,-0.393049031,0.19867827,0.100901417,-0.023195805,0.174124181,-0.131260529,-0.615549386,-0.582121193,-0.49344641,-0.432187349,-0.989184856,0.152026281,0.18515031,0.143464148,-0.573849738,0.0926902294,-0.220325336,-0.0122779682,-0.163308248,-0.291148454,-0.758747041,0.39623192,0.464429647,0.392849833,-0.245162919,0.252450436,1
-0.758504808,-0.386630058,-0.774528205,-0.701290965,-0.53592515,-0.958783031,-0.777354598,-0.712396145,-0.741639376,-0.509925902,-0.729660749,0.633691907,-0.703269124,-0.549752414,-0.541972816,-0.89592886,-0.749337554,-0.974905491,-0.859777987,-0.89954716,-0.64729166,1.77700627,-0.643065512,-0.616159439,0.586248219,-0.587420464,-0.438179314,-0.415924728,0.130876511,-0.361397743,1
1.54102743,0.576826394,1.52695036,1.4839201,0.138248965,0.559621215,1.24733591,1.55698407,1.04168963,-0.789686143,0.769789875,1.97661281,1.09507632,0.564021766,-0.743234098,0.474909455,0.437230825,1.00976098,2.01737475,-0.195866391,1.33432233,1.50249505,1.48778534,1.149647,-0.446672976,0.581502378,0.988714159,1.66954529,1.89120078,-0.264326662,0
-1.20680308,-1.69936883,-1.22552335,-1.00752866,-0.254480779,-1.18644023,-1.13292432,-1.24606895,0.378039151,0.20925571,-0.704611897,-1.31713545,-0.769752264,-0.578628004,-0.336274266,-1.14378071,-1.18302047,-1.93108869,0.255342096,-0.225240424,-1.14371657,-1.89747584,-1.1877501,-0.925396562,-0.376346439,-1.16144061,-1.32223821,-1.72544098,0.347632855,-0.133589357,1
-1.05423796,1.966923,-1.04793155,-0.917005539,-0.41243422,-0.517943859,-0.366462618,-0.550261259,-0.77129972,-0.207558781,-0.631204903,1.89371645,-0.66649121,-0.53325206,1.56857657,0.109860852,0.608392,0.871348858,-0.261711419,0.516885757,-1.09877276,1.54383707,-1.09843826,-0.899915695,0.282964975,-0.531393707,-0.345916986,-0.351337194,-1.09576738,-0.0595235862,1
-0.780615747,-1.36649573,-0.754083097,-0.74256289,1.46146822,0.177999243,-0.540733993,-0.027261883,-0.111356758,-0.285269946,-0.21894297,0.243157998,-0.471285373,-0.288427979,1.32135797,0.549998581,-0.367487758,1.26867294,-0.575041115,-0.129342869,-0.878139436,-1.62131083,-0.893961251,-0.767484546,0.208243012,-0.460086852,-0.899051785,-0.429022908,-1.29938698,-0.90061903,1
-0.482118726,-0.159244955,-0.513151467,-0.517218173,-0.809471786,-0.676420331,-0.795241654,-0.757885396,-0.737931848,-0.293747544,-0.979105294,-0.583226502,-0.944022954,-0.641184986,-1.15494812,-0.865719974,-0.747845948,-1.0260365,-0.967001021,-1.03043437,-0.598262012,0.316804826,-0.628669858,-0.576638103,-0.5961169,-0.370316625,-0.376671106,-0.454466462,0.147297442,-0.675616145,1
0.0651257336,-1.34774232,0.0280427858,-0.0370880477,0.216507718,-0.524335563,-0.401597977,-0.0763089582,1.01573682,-1.16693854,0.419802129,-0.734834731,0.430244893,0.164506868,-0.00379699189,-0.645651102,-0.302976012,0.163004667,0.242237061,-0.984213471,0.112667531,-1.43444479,0.101101764,-0.00617880188,-0.0994356424,-0.649177313,-0.525560081,-0.0889220536,0.277022839,-1.30012536,1
0.264123708,0.143153787,0.340331912,0.140106097,0.564005315,0.961922169,1.03907919,0.994086266,0.200076997,0.0142713077,0.262551159,-0.454276621,0.403368741,0.140787601,0.681125224,0.67533958,0.631884694,1.08303785,-0.672733247,-0.0956491232,0.410931081,-0.222295627,0.485965222,0.25695011,1.01699829,1.05582023,1.2176615,1.45877016,-0.0973744988,-0.0870177001,0
-0.69217217,-1.49542546,-0.70036459,-0.666072249,-0.446178824,-0.542946696,-0.596822739,-0.394733757,-0.671195984,0.435324579,-0.590848505,-1.23773921,-0.648573756,-0.506645203,-0.300459296,-0.702256739,-0.551700473,-0.810113668,-0.490454018,-0.514229,-0.645248771,-1.39144897,-0.705054998,-0.631413281,0.48954919,-0.441623479,-0.383993506,-0.453412592,-0.199184299,0.205878779,1
-0.968558252,-0.0631337315,-0.90321219,-0.848219037,0.0599902049,0.19867827,-0.316889852,-0.574657738,0.448482484,0.306747913,0.17105335,-0.0257946029,0.273231536,-0.272546381,0.116959773,0.597940087,0.0676867515,0.291646481,1.71715009,-0.182907268,-0.886311054,-0.435620636,-0.842548192,-0.783431768,-0.468650013,-0.0188757721,-0.386922479,-0.532152176,0.0766874179,-0.450052232,1
-0.305231631,1.38556719,-0.368832976,-0.370014936,-0.887012601,-1.00390089,-0.978839815,-0.7982921,-0.496941417,-1.16552567,-0.484390974,0.0386803336,-0.562758625,-0.394442767,-0.331837028,-0.952130198,-0.971175849,-0.899348736,-1.00989032,-0.962182939,-0.383757412,1.04277134,-0.467085958,-0.430339813,-0.446672976,-0.924217999,-1.1044209,-0.834012389,-0.964399874,-1.17724347,1
-1.76206279,1.46995759,-1.75709641,-1.30936408,-1.08158255,-1.04055917,-1.13292432,-1.24606895,0.255690157,1.42861474,-0.0822181255,0.46237278,-0.169046402,-0.436724931,1.76191413,-0.910657883,-1.18302047,-1.93108869,0.976119518,1.35231769,-1.45893621,0.884017825,-1.46273661,-1.08989549,-0.27964744,-1.08911502,-1.32223821,-1.72544098,0.270454466,0.869104147,1
-0.227843538,-1.28913796,-0.241351679,-0.310583353,-0.891320407,-0.345555991,-0.48426187,-0.518240929,-0.682318628,-0.960650742,-0.758536458,-1.25302899,-0.593406916,-0.516751707,-0.896953344,-0.273093611,-0.128458738,-0.552178681,-0.716813862,-0.487446815,-0.404186428,-1.35672176,-0.304620713,-0.438660085,-0.675234258,0.0893578231,0.0768301114,-0.344411701,-0.258299679,-0.599867105,1
0.117639087,0.028289143,0.0977967083,0.0138139976,-0.873371124,-0.491249114,-0.00642110826,-0.502738953,-1.21620512,-0.745885313,-0.51431042,0.263421535,-0.403859198,-0.356285691,-0.93625474,-0.28753382,0.0770092532,-0.490300357,-0.796635509,-0.610990524,0.0166511834,0.465636224,0.033530321,-0.0801946372,-1.01368082,0.066437766,0.522520721,-0.281028599,-0.693454444,-0.51962918,1
-0.178094029,-0.110017262,-0.175205722,-0.284994781,0.822474658,0.181759059,-0.596183956,-0.445051491,-0.289318919,0.0608980134,-0.701132894,-1.11302626,-0.663662136,-0.500045061,-0.85194689,-0.636986971,-0.620314062,-0.731137395,-0.844290197,-0.844254851,-0.177424416,-0.0685031638,-0.148618802,-0.272081137,1.33786321,0.368855178,-0.0266599357,0.422960579,1.02581751,0.154818282,1
0.175680175,1.45354831,0.115836516,0.0383020081,-0.954501808,-0.601411879,-0.60844934,-0.476817727,0.144463822,-0.839138687,-0.341751814,0.320527911,-0.317572564,-0.266152501,-0.737212121,-0.793518901,-0.456983805,0.135322258,-0.229544505,-0.481831193,0.0595521033,1.11057234,0.0129650962,-0.0873015448,-1.14114761,-0.744040847,-0.535811424,-0.0768777579,-0.281288981,-0.804109037,1
-0.0454287082,-1.41806769,-0.0601518303,-0.166406751,2.06456327,-0.123726495,0.157501265,0.435000449,0.648689926,0.258708268,0.503646135,2.62320423,0.584900737,0.0912865251,0.931513309,0.405018806,0.593103111,2.71467209,-0.414206475,0.771748662,-0.326556176,-1.68580449,-0.365435004,-0.387351692,0.326919049,-0.751680911,-0.561195791,-0.197320729,-1.20414555,-0.637461066,1
-0.100705929,-0.306928068,-0.147945568,-0.191720203,-1.19215,-0.758948445,-0.764833629,-0.908330321,-1.21620512,-0.980431736,-0.526486933,-0.83559984,-0.602365613,-0.388667643,-1.35113823,-0.550923288,-0.519258142,-0.982070327,-0.874074399,-0.762612343,-0.17946732,-0.514997423,-0.286993384,-0.261507452,-1.53189957,-0.458813518,-0.558754981,-0.819258153,-0.892147779,-0.77156502,1
-0.976849854,0.234576657,-0.868335247,-0.870505869,-0.381561518,1.16307271,1.7801156,0.263716877,1.4346894,3.07467866,-1.00832891,0.0368381925,-0.229871407,-0.682415307,0.443098128,2.94418597,4.54099751,2.82214499,-0.5309605,3.65385914,-1.09672987,-0.45546484,-0.894548833,-0.909796,-0.776328683,0.684005916,1.62137032,0.480170995,-0.486550659,2.02610135,1
-1.41077602,-1.12973392,-1.4211551,-1.1236403,-1.86632407,-1.37179947,-1.08589411,-1.15783513,-0.0483284965,0.78997016,-0.788803816,0.173156634,-0.804644108,-0.629593492,0.0912870765,-1.18842983,-1.04575586,-1.3657161,0.760481954,-0.686153471,-1.33186781,-0.910227478,-1.35315335,-1.02489328,-1.46596837,-1.28699148,-1.25038099,-1.51632178,0.160434186,-0.328292578,1
-0.133872256,0.940173745,-0.185227826,-0.224187464,-0.25735265,-0.689203739,-0.752951503,-0.625229597,-0.508064032,-0.668174088,-0.192502543,0.23026301,-0.369910359,-0.18715702,-0.390789151,-0.258075774,-0.429389179,-0.455127388,0.0289822612,-0.500405967,-0.177424416,0.581394017,-0.275535613,-0.254747212,-0.455463797,-0.654270649,-0.810157716,-0.645368576,-0.412656456,-0.805792391,1
0.131458387,0.541663766,0.224476248,-0.0271827839,0.671700895,1.5540942,0.687725663,0.985954106,1.67197227,0.918546796,-0.510831416,-0.419644356,-0.34916386,-0.397330344,-0.83958596,0.294117987,-0.183275074,0.270477593,-0.725153446,-0.013142664,0.28631413,1.26271105,0.453648448,0.0349025875,0.90271765,2.6092906,1.38168347,2.34101486,2.25081921,2.44692945,0
0.324928671,0.747951269,0.285009831,0.153863415,-0.393049031,0.0200867094,-0.446187943,-0.416843057,-0.274488717,0.0608980134,-0.68165046,-1.31787241,-0.710341752,-0.428681016,-1.20787823,-0.664712191,-0.521495521,-0.952596724,-1.06111908,-0.503861725,0.323086351,0.406103671,0.200989991,0.166987062,-0.0818540081,0.480272114,0.449784815,0.120347612,0.462579399,0.775960803,0
-0.200204924,2.69596171,-0.219303027,-0.268210858,-0.258070618,-0.56155777,-0.772755027,-0.416588932,-1.57954443,-0.364394069,-0.210593358,1.31344199,-0.265706301,-0.234801814,-0.399346709,-0.750775874,-0.887086868,-0.444705784,-0.594102979,-0.326753616,-0.238711447,2.65180421,-0.30168283,-0.296695292,-0.648861825,-0.715390801,-0.980379343,-0.556692421,-1.14503014,-0.400675029,1
-0.885642409,-1.46729529,-0.926864386,-0.792089224,-1.50015914,-1.25862885,-1.09344494,-1.07864821,-1.33113897,-0.750124097,-0.415854573,-0.828231275,-0.49156037,-0.449100226,-0.30394569,-1.116171,-1.11459327,-1.34878087,-0.507133186,-0.464984328,-0.788251817,-1.21946609,-0.848717749,-0.705082417,-0.653257191,-1.09204376,-1.2317332,-1.13030207,-0.255015492,-0.395063996,1
-0.128344536,-0.674963772,-0.184426054,-0.228039503,-1.37810421,-0.818541646,-0.895664871,-0.808203161,-1.6611104,-0.453408688,-0.744968355,-0.529804409,-0.660833061,-0.531395733,-0.831662297,-0.790630877,-0.780661166,-0.635551631,-0.87883985,-0.514229,-0.316341698,-0.394278586,-0.31960395,-0.381458163,-1.01368082,-0.612887204,-0.809669554,-0.432786733,-0.898716152,-0.204288512,1
-0.274829179,0.778425574,-0.192042872,-0.344701499,0.298356324,0.830328405,-0.0207307786,0.0505018756,0.181539282,1.463938,-0.724442244,-0.531830788,-0.641029537,-0.520258009,-0.586345375,0.286031455,-0.241074592,-0.578884065,0.537696242,0.19722721,-0.340856493,0.592969775,-0.219715714,-0.411619186,0.12912564,1.18251717,0.221325651,-0.0302061066,2.02749467,1.33033192,1
-0.581617713,2.11226177,-0.602949619,-0.583803535,-0.838190615,-0.745037138,-0.614837587,-0.751786292,-0.689733744,-0.240056172,-0.731052339,0.91001308,-0.629241765,-0.545627296,0.0738549978,0.0249523986,-0.0863210261,-0.438517958,-0.378465444,0.242152199,-0.639120042,2.03498077,-0.643065512,-0.611999273,-0.49062708,-0.438440144,-0.438179314,-0.654100716,-0.732864678,-0.109461874,1
1.79530275,2.37012124,1.93585265,1.67927384,1.56198406,3.24977398,3.35673475,2.61670589,2.20956635,1.04853642,1.12951887,0.707377553,1.37751186,0.946830094,-0.183505878,2.08643723,1.47091007,0.778531313,0.311336368,1.05555356,1.94514978,2.28964782,2.2810154,1.63673007,1.45214379,3.90682054,3.2601254,2.2642324,1.96016872,2.25054312,0
1.50509727,2.23884749,1.67527771,1.51968908,-0.247301072,1.92067683,1.14640164,1.6611774,0.340963691,-0.0592010766,1.53517067,-0.0221103225,2.03102684,1.36305165,-0.236119062,1.28182852,0.25749293,0.542416632,-0.150914252,0.65252465,1.80418956,1.76873791,2.10474205,1.8187362,-0.169762194,1.77270865,0.752932549,1.19680667,-0.123647995,0.931947827,0
-0.238898978,0.213479072,-0.198056132,-0.307556748,-0.948040068,0.341551512,0.157501265,-0.526118934,-0.741639376,0.223385021,-0.418637782,-0.732255697,0.244469315,-0.340404093,-0.688402295,2.37466383,1.68197167,0.296531618,-0.639374971,1.8970331,-0.159038305,-0.0122779682,0.236244664,-0.248333663,-0.521394908,1.97453237,1.87814271,0.317572981,-0.0793114677,2.30104232,1
-0.0150262369,1.85909081,-0.0172571763,-0.149347693,0.233021036,0.159200132,-0.562837303,-0.152293801,-0.978922248,-0.14538984,-0.128140971,0.517637014,0.0176722091,-0.216032654,0.0491331406,0.0763595551,-0.41074419,0.716652989,0.0206426885,0.674987137,-0.187638924,1.25609636,-0.19856292,-0.294788569,-0.345578551,-0.178679496,-0.674937248,-0.147638008,-1.05635715,-0.0382016189,1
-0.650714278,-0.388974249,-0.638227463,-0.637732208,0.808115244,-0.131622121,-0.45807007,-0.117732137,-0.75276202,0.569552958,0.128957406,1.28212559,0.140736744,-0.199119791,-0.162904337,-0.422116607,-0.535292864,0.211855993,-0.27124238,-0.614878297,-0.555361092,0.397835255,-0.54170835,-0.562424302,0.12912564,-0.439713478,-0.655410826,-0.204848409,-0.681959808,-0.354664475,1
-0.719810784,-0.180342555,-0.74285835,-0.680379868,-0.186273605,-0.831325054,-0.795880497,-0.72027421,0.122218557,-0.480254352,-0.0300330687,-0.678096771,-0.0785161704,-0.274815172,-0.228512332,-0.855323017,-0.718759716,-0.437052399,0.273212612,-0.985077441,-0.663634837,-0.514997423,-0.700354338,-0.63765347,-0.600512326,-0.952231407,-0.926584005,-0.740217447,-0.251731306,-1.06726706,1
0.916394889,1.48636675,0.909588039,0.80706048,0.327075154,0.196798354,1.01608145,0.430426121,-1.82795,-0.576333642,0.446242541,0.840011716,0.432130963,0.375711441,7.6159234,3.47096491,4.1792841,4.46354961,0.133822605,3.80936885,0.378244668,0.412718385,0.394890666,0.25001654,-0.33678776,-0.478550225,0.046075996,-0.0708556101,-2.11879158,-0.881541491,0
-0.775088012,-0.241291136,-0.716800809,-0.729906142,-0.00893494114,0.533302426,0.844876468,-0.520782173,0.93787843,1.97117996,-0.551535726,0.793958187,-0.227042332,-0.49344492,-0.138816372,1.94550073,2.12833309,0.20859924,-0.0806235597,2.13116145,-0.743308008,0.394527882,-0.581663668,-0.700055599,0.120334819,1.4664712,2.307724,0.108303308,0.680977881,2.57037258,1
0.225429669,-1.00549257,0.185991317,0.0886537656,-1.08158255,-0.35044378,-0.425234497,-0.42751652,-0.422790527,-0.854680955,-0.545273542,-1.43245351,-0.483073175,-0.350716829,-1.21390021,-0.448109001,-0.321621031,-0.563414514,-1.0897119,-0.588528037,0.196426466,-1.21615875,0.148107991,0.0517164879,-1.11917055,0.156844661,0.215955883,0.00141017383,-0.337120146,-0.0651346296,1
0.8832286,-0.501494706,0.849455357,0.752581537,0.341434538,-0.000592313707,0.484579444,0.876678288,0.0443601198,-0.933805048,-0.320181996,-0.652491033,-0.310028374,-0.137862206,-0.74291712,-0.602330446,-0.313417226,0.123923615,-0.796635509,-0.595871568,0.741881073,-0.0800789446,0.703369021,0.598428309,0.423618048,-0.0889092758,0.326768339,1.07034159,0.401821941,-0.154911324,0
1.25082207,1.38087893,1.32249916,1.19226515,0.743497908,1.58981252,1.8299439,1.91530728,1.41615164,-0.108653642,1.4937706,0.469741344,1.28415251,1.33417606,-0.270349324,0.478375107,0.754568875,-0.045427639,-0.0663271472,0.353600711,1.41603839,1.3950057,1.57298422,1.37498796,0.753273785,1.0902003,1.67165077,1.05679166,0.904302597,0.781571865,0
-0.382619739,-1.27507293,-0.402106404,-0.447331011,0.04491283,-0.379770398,-0.968363106,-0.757123053,-0.60446018,-0.245707899,-0.76758188,-0.954049528,-0.712227821,-0.555527508,-0.328667551,-0.788898051,-0.938248754,-0.631969213,-0.820462823,-1.0148834,-0.555361092,-1.33853114,-0.541120768,-0.559997559,-0.0950402319,-0.682920754,-1.06678379,-0.770478725,-0.860948026,-0.823186636,1
1.76213634,0.525254548,1.63118041,1.79208386,-0.897064149,-0.388229996,0.0223259963,0.2843014,-1.23845041,-1.54984272,0.995229363,-0.313168615,1.08140254,0.890728891,0.271946818,0.339171439,0.404415607,0.789929986,-0.859777987,0.0827549025,1.63462877,0.0985187516,1.60823882,1.51365924,-0.402718872,-0.148756087,0.219373018,0.450060248,-1.07606232,-0.708160222,0
1.66540122,2.11695027,1.57906532,1.66826808,0.126043469,-0.0137516912,0.706890404,1.24211705,-0.181800112,-1.04683948,1.26693952,2.30635595,1.1092217,1.2112484,-0.422166884,-0.0709306151,0.289935261,0.801328599,-0.196186215,-0.537123501,1.52635503,2.09616709,1.41140032,1.48072481,-0.675234258,-0.396420032,0.247198164,0.72557354,-0.52760303,-0.983101368,0
1.68474829,1.78407717,1.67928648,1.59397852,0.21578975,1.17999184,0.963697851,1.96867454,0.274227887,-0.358742326,1.9996177,1.25449347,2.0168817,1.30530035,0.424081296,1.22926617,1.01858222,2.19847655,1.96257186,0.235240668,1.6285001,1.36193204,1.55829477,1.37672126,-0.182948425,0.554762304,0.485420555,1.51447499,0.620220363,-0.424802512,0
-0.114525229,-0.738256514,-0.15917033,-0.207953826,-0.935116589,-0.759324431,-0.806357205,-0.729931116,0.263105273,-0.854680955,-0.803067684,-1.29760885,-0.697139442,-0.542739749,-0.90994817,-0.553811371,-0.747100115,-0.899511576,-0.142574668,-0.675786197,-0.281612366,-0.887075901,-0.229116961,-0.357363999,-0.943354249,-0.285639763,-0.665174007,-0.673522115,0.705609262,-0.386086315,1
-0.822073638,-0.609326839,-0.855506897,-0.752743304,-1.04353011,-1.23682189,-0.95801419,-0.897911012,-1.07531834,-0.177887231,-0.903958797,-0.449302852,-0.887630165,-0.631346643,-0.386034936,-1.10871983,-0.832568884,-0.923285902,-0.0639444143,-0.589392006,-0.927169085,-0.873846471,-0.958007216,-0.789845288,-1.2730099,-1.22415233,-1.09866059,-1.11660171,-0.837958694,-0.732848823,1
-1.29883969,0.581514776,-1.29126847,-1.05512893,0.599903822,-0.79974252,-0.871389568,-0.926627696,0.830359578,0.462170273,0.100429572,3.07084465,-0.0431527942,-0.312353492,2.42116356,-0.503559411,-0.673265874,-0.51863414,1.16912103,0.366559863,-1.09672987,0.936935663,-1.12311661,-0.896795571,0.907113075,-0.860551178,-1.02245879,-1.15785348,-0.0349749438,-0.0477403924,1
-0.012262376,-0.478052944,-0.0826013684,-0.125409976,-1.11963499,-0.949759424,-0.790386617,-0.419892609,-0.593337595,-0.720452547,-0.872995675,0.873170257,-0.760793507,-0.570171595,-0.54831177,-0.735180438,-0.760897458,-0.440309167,-0.409441024,-0.992420912,-0.26526916,-0.0387368836,-0.309615105,-0.333269864,-1.11477518,-0.836357772,-0.909254313,-0.534410477,-0.608065605,-0.998812258,1
1.67922056,0.0751726702,1.68329537,1.63800192,1.23889744,0.841607869,1.59230125,1.95342672,-0.285611361,-0.312115639,0.110518686,-0.386854261,0.0742536038,0.25113374,0.629462898,0.0977310762,0.885083914,1.1791122,0.462640077,0.113856815,1.18723345,-0.0833863094,1.1469903,1.04391003,1.51807499,0.252981544,1.26891828,1.54609132,0.227760032,-0.176233292,0
-0.426841527,-0.0350036174,-0.396494031,-0.464665234,-0.606286228,-0.00623204699,0.183054253,-0.130184501,-0.99375242,-0.127021745,-0.143100694,0.491847038,0.170441985,-0.264502466,0.872244239,0.975696027,1.15543652,1.27030134,0.686617196,0.200251013,-0.581918836,-0.519958436,-0.527018905,-0.570917904,-0.982912898,-0.345486581,-0.156510651,-0.330560774,-1.26818717,-0.67393285,1
1.28951609,0.518221974,1.2463311,1.20327103,-0.350688785,0.678055584,0.221383721,0.301582247,0.563416362,-0.269727707,0.837978363,0.587638378,0.715980947,0.988699734,0.141681626,0.780464351,0.276510864,1.02604473,0.125483036,0.303924054,1.7000016,1.45453823,1.59061146,1.72686648,0.784041643,1.45310116,0.939898074,1.35789919,1.29019451,0.830949008,0
1.889274,1.01753151,1.88774657,1.95166862,0.334254861,1.06155741,2.3320601,2.08303308,1.49771762,-0.531119883,2.09668183,-0.718808055,1.66041875,2.01275325,-0.576203048,0.786818027,2.36624336,1.1042068,0.403071702,0.544531882,1.91246331,0.235774383,1.71400285,1.96434116,-0.477440834,0.399415255,2.09049273,1.44371474,0.382116824,-0.303042889,0
0.00155692874,-1.4860487,-0.0713765994,-0.105049156,-0.212120533,-0.960098922,-0.907419264,-0.551531911,-1.5869596,-0.810880065,-0.501785994,-0.239482969,-0.6094383,-0.338135302,-0.129624903,-0.816623211,-0.969833434,-0.851962984,-0.770425379,-0.546626866,-0.140652195,-1.25253975,-0.251444906,-0.219906032,-0.169762194,-0.914031267,-1.06317139,-0.838679552,-1.30267119,-0.732848823,1
-0.84142065,-0.492118001,-0.824237883,-0.792914629,1.67685926,0.05580502,-0.613815486,-0.161442488,0.56712395,2.40494967,-0.777323067,-0.333432168,-0.722601056,-0.577803016,1.74923623,-0.114251256,-0.51180011,0.161376297,0.187434152,1.97478795,-0.925126195,-0.799430728,-0.90718174,-0.807179213,1.50488877,-0.327023178,-0.709108472,-0.293072879,-0.186047554,1.84654796,1
-0.786143422,0.143153787,-0.822233498,-0.733483076,-0.785060823,-1.12797499,-1.06818581,-1.10212982,-0.608167768,0.0976342037,-0.928659737,-0.235798687,-0.881406188,-0.63901931,-0.919456542,-1.12968707,-1.03960299,-1.26915324,-0.685838282,-0.624813616,-0.876096547,0.141514495,-0.898368061,-0.764191091,-0.930167973,-1.12839746,-1.19858706,-1.29907286,-0.552234411,-0.435463518,1
1.67369282,0.103302784,1.57505655,1.70403707,-1.13758421,-0.347623914,0.342760384,0.7173388,0.470727772,-1.66429007,0.665071905,-0.96657604,0.479753613,0.712318778,-0.812962413,-0.675686777,-0.19669947,0.0994979516,0.155267224,-0.929785132,1.39765227,-0.420737505,1.27038157,1.35245383,-1.16752005,-0.641537309,-0.0500916429,0.419949502,0.265528172,-1.37811887,0
0.0872366205,0.12908873,0.107017055,-0.0335111469,0.105940305,0.187398791,0.0665326566,0.237795636,0.289058059,0.164041936,-0.389066249,1.17896569,-0.223741755,-0.277702749,0.286526352,0.201700613,0.0553810447,0.387720764,-0.715622485,0.306947857,0.0227798857,0.874095738,0.0746607631,-0.0873015448,0.48954919,0.306461692,0.236946791,0.630724728,-0.287857354,0.54085809,0
1.14579535,0.178316429,1.11403918,1.06019497,-0.101553105,0.0915233344,0.306986213,0.634492457,-0.0260832291,-0.751537025,0.157833129,-0.806493998,0.155353606,0.280421883,-0.883324623,-0.672221124,-0.342503458,-0.239204556,-0.826419652,-0.674922228,1.36088002,0.344917417,1.35851824,1.26405084,0.537898719,0.0199609883,0.524961531,1.18325686,0.278664917,-0.0118297152,0
-0.40196678,-0.245979488,-0.365625918,-0.465215534,0.829654336,0.550221622,-0.108633034,0.0433862358,-0.593337595,0.81964165,-0.587717354,-1.06439376,-0.544369698,-0.451987773,-0.442768425,-0.0252995435,-0.200055569,-0.250603199,-0.361786306,-0.0770743713,-0.375585824,-0.56626153,-0.342813253,-0.42132616,0.937880933,0.825982928,0.426353097,0.392849833,0.552894533,1.08905709,1
-0.487646461,0.703411937,-0.479477137,-0.523271382,0.370153368,-0.0494700037,-0.446826756,-0.528914332,-0.927016616,0.688239157,-0.37027964,0.819748163,-0.422248155,-0.387017608,1.34354424,0.363431007,-0.0177073907,-0.0828803182,-0.218822196,0.693993866,-0.539017916,0.513593018,-0.575787842,-0.56121093,0.581852794,-0.131566048,-0.498223096,-0.491803795,-1.02679944,0.388798803,1
-0.23060739,-1.04534364,-0.283444554,-0.283343881,-1.61503446,-1.00728476,-0.716282964,-0.573132992,-1.5387615,-1.35061955,0.0151939811,-0.106848814,-0.0705004707,-0.0817609876,-0.830394506,-0.870918453,-0.676622033,-0.169184327,-1.1838299,-0.996308684,0.0289085899,-0.533187926,-0.0722336844,-0.0800212994,-1.37849975,-0.831901073,-0.663221359,-0.218398243,-1.422544,-1.22493732,1
-0.0343732648,0.0939260796,-0.0276801754,-0.151824012,0.714779079,0.172359511,0.305708557,0.396372706,-0.489526331,0.381633222,-0.628073812,-0.474724382,-0.588691771,-0.442706317,-0.566377699,-0.435979217,-0.368233562,-0.373220026,-1.0003593,-0.386797577,0.167825863,0.864173651,0.203927889,-0.0129390303,1.28951371,0.651535869,0.664087355,1.02517545,0.469147772,1.21249998,0
-1.52188325,0.412734061,-1.4893055,-1.19105113,2.02866459,-0.272615463,-0.749629617,-1.01077008,0.0999732912,0.682587445,-0.150058702,1.57686818,-0.168574885,-0.452194035,1.53054285,0.355922103,-0.0643199086,-0.423374027,1.54201913,-0.299539447,-1.35924268,0.242389113,-1.3190738,-1.04500055,1.40379429,-0.539033711,-0.882844806,-1.3072027,0.129234418,-0.379914165,1
1.25911367,-0.492118001,1.18619847,1.16199911,0.671700895,0.110322446,0.728610396,0.95596683,0.611614466,-0.0860467553,1.08359599,0.681587577,0.963996112,1.0344882,0.317270219,-0.256920576,0.0632119477,0.675943553,-0.0210551769,0.357920438,1.23217726,-0.111498907,1.12936294,1.16524744,0.806018651,-0.161489457,0.275023311,0.794828236,0.00115111587,0.0375474691,0
-0.495938033,-0.632768571,-0.50593555,-0.505662024,-0.310482442,-0.673788488,-0.702101052,-0.668685794,-0.300441533,-0.508512974,-0.524747431,-0.342642874,-0.523623168,-0.425587207,-0.712173283,-0.419806182,-0.5021047,-0.634086072,-0.80616641,-0.620925844,-0.430744141,-0.390971214,-0.506747484,-0.460500836,-0.631280184,-0.446716815,-0.490900666,-0.421645761,-0.45206672,-0.437707931,1
-1.07911265,-0.407727659,-1.07278633,-0.917555869,-1.11317325,-0.847116292,-0.39520973,-0.973895848,0.60419935,0.0580721535,-0.155277207,1.30975771,-0.0488109328,-0.361442059,-0.767322063,0.331662536,0.970105171,-0.187096477,0.592499137,0.376495183,-0.968027115,-0.182607248,-0.927159369,-0.820006311,-1.61277509,-0.730670869,-0.38252902,-1.18781364,-0.0415433161,-0.325487047,1
1.35861266,1.2589817,1.21025157,1.15924764,-0.413152218,0.309593022,0.742664576,0.85583961,0.563416362,-0.911198139,0.515474737,-1.00839269,0.0964146554,0.357561052,-1.02341509,-0.406521171,0.200439215,0.022964213,-0.117555954,-0.174699813,1.70408738,0.799680054,1.34970462,1.29351854,-0.310415298,0.421061963,1.48712611,1.21938968,1.74505448,0.504386306,0
0.0872366205,-0.628080249,0.0937878639,-0.0370880477,0.105222329,0.183638975,-0.109910689,-0.172878325,0.411407053,0.195126414,-0.181717634,-0.811283588,-0.0818167478,-0.168594122,-0.799967587,0.29296276,0.248916239,0.0929844454,-0.225970402,-0.159148857,0.0922385231,-0.672097206,0.130480662,-0.0254194532,-0.112621874,0.526112199,0.510804892,0.40338859,0.262243986,0.210367605,1
-0.714283049,-0.110017262,-0.740453005,-0.675977528,-0.0577569194,-0.928704441,-0.745030046,-0.667161047,0.441067398,-0.518403471,-0.265909523,-0.464039981,-0.314743489,-0.347416759,0.38890022,-0.966685951,-0.679978132,-0.51928544,1.37641907,-0.585504234,-0.69019258,-0.513343692,-0.738840699,-0.642333627,-0.310415298,-1.06492162,-0.87918365,-0.774543703,0.677693665,-0.759220719,1
-0.457243979,-0.824991047,-0.370436519,-0.488602936,2.2799542,1.23826909,0.88320595,0.809587955,1.06022739,1.89205587,-0.232511088,-0.590963483,-0.298712105,-0.270690084,0.129637644,0.461624444,0.186269,-0.0796235651,0.121908933,0.579089582,-0.152909607,-0.301672369,-0.104550466,-0.234293178,2.07189655,1.72177517,1.29186189,0.895699263,1.79267514,2.27298713,0
0.0457787029,0.780769706,0.0785542503,-0.0684547126,0.556825638,0.211837649,0.736276329,0.314034611,0.463312685,-0.412433684,-0.691043794,1.17896569,-0.450538844,-0.449100226,-0.313137144,0.021486748,0.549100876,0.146720901,-0.72872752,0.00629603164,-0.189681813,1.43800139,-0.0781094655,-0.257347286,0.265383333,0.119917899,0.744633853,0.32510066,-0.320699215,-0.0213684887,0
2.59958625,1.18396807,2.53717971,3.00547862,0.779396415,0.45434618,1.81588984,2.33716297,-0.0149605954,-1.08498859,2.11407685,-0.527778029,1.70285487,2.55313993,-0.256403655,-0.332009673,0.152707994,0.187430337,-0.695369244,-0.269301474,2.95230007,0.852597892,2.80395961,3.51746035,0.858763576,0.0849011466,1.03020775,1.41962612,-0.493119061,-0.365325451,0
0.374678165,1.10895443,0.480641514,0.210818678,1.59788251,1.55785406,1.46070337,0.919117987,0.0221148524,1.14320278,-0.237381697,1.38160121,0.0407762788,-0.160756454,0.772405922,1.38291001,1.06146574,1.39242959,0.050426878,0.975638986,0.182126164,1.77865994,0.315567672,0.056569986,1.81256735,1.54223466,1.56327915,1.5310359,0.196560249,1.27983248,0
0.300053924,-1.40869093,0.234097481,0.15716517,-1.17850852,-0.654049397,-0.699418008,-0.570845783,-0.296734005,-1.03129721,-0.775931478,-1.4709543,-0.713170826,-0.466013074,-0.662095666,-0.612727404,-0.604652286,-0.440309167,-0.495219469,-0.852894306,-0.0037778269,-1.62792563,-0.0722336844,-0.0999553055,-0.851050615,-0.514203668,-0.657363415,-0.494212657,-0.667180955,-0.910718918,1
0.275179178,0.656528413,0.218462974,0.159916624,-0.393766999,-0.626414716,-0.461775243,-0.398799837,-0.686026216,-0.833486974,-0.316007167,-0.694676042,-0.355293512,-0.214588866,-0.768906772,-0.875539303,-0.585261464,-0.429399043,-1.15285444,-0.912506282,0.384373367,1.01135135,0.315567672,0.265617043,0.304942012,-0.310469806,0.00165338034,0.578030884,-0.35846737,-0.289576381,0
-0.122816816,-0.953920722,-0.141932294,-0.203826636,-0.959527552,-0.538622856,-0.590051234,-0.618113935,-0.033498317,-0.532532811,-0.908481538,-1.23294961,-0.824919105,-0.597397208,-0.598706305,0.253107756,-0.272025317,-0.57041651,-0.291495621,0.486647785,-0.342899382,-0.981335819,-0.264371634,-0.380938143,-0.196134642,0.356121808,-0.06815359,-0.138604775,0.810703218,0.700772822,1
0.44377467,-1.23991024,0.408482283,0.294463128,-0.10227108,-0.178807884,-0.221321687,0.261683851,0.0554827563,-0.778382659,-0.311832368,-0.728571415,-0.414232463,-0.255221009,-0.597121596,-0.595399141,-0.557293952,0.133693874,-0.469009399,-0.6096946,0.261799306,-1.04582942,0.215679437,0.0797974393,-0.424695939,-0.379229993,-0.487971723,0.343167096,-0.279646873,-0.739582062,1
0.322164804,-1.47901618,0.25494349,0.19486019,-1.02127302,-0.786395133,-0.38013348,-0.443780839,-1.63886523,-1.05673003,-0.653818429,-1.5625087,-0.624998152,-0.418987066,-0.89061439,-0.756551921,-0.496511221,-0.730486035,-1.32095635,-0.900843084,0.237284496,-1.59650564,0.198052108,0.0969580188,-0.429091334,-0.228339612,0.123693533,-0.167209983,-0.941410601,-0.513457,1
-0.512521207,0.754983783,-0.546424866,-0.517768443,-1.01409328,-0.980026007,-0.913935244,-0.925611198,-0.952969432,-0.420911282,-0.617288888,-0.132638782,-0.600479543,-0.459412932,-0.635472119,-0.774457812,-0.832121372,-1.19001412,-0.541682839,-0.579888642,-0.418486744,1.06096184,-0.417729437,-0.440046817,-0.27964744,-0.471546888,-0.721800625,-0.771683156,0.339422405,-0.104411937,1
-0.612020195,-0.203784317,-0.580900967,-0.612143576,-0.17335014,0.211837649,-0.28507638,-0.447592795,0.615321994,0.0566592216,-0.365409046,0.648429036,-0.360008627,-0.388873905,0.561319292,0.950858891,1.03424406,0.975565016,0.870087802,0.446474493,-0.60643363,0.2523112,-0.609867394,-0.598998845,0.375268549,0.319195062,0.0475404784,-0.0121396603,0.827124178,-0.0135130286,1
-0.891170144,-0.843744457,-0.857912242,-0.813825727,0.334254861,0.0520451963,-0.479406804,-0.846830904,0.22232227,0.795621872,-0.880649507,-1.23976564,-0.730616748,-0.633553624,-0.832613111,0.3160671,-0.15493466,-0.84154135,-1.01346433,0.401981473,-0.874053657,-1.02929258,-0.769100964,-0.769044578,0.0544036813,0.8616364,0.320422262,-0.526130021,-0.512824178,1.35277605,1
-0.249954417,-0.796860933,-0.310303837,-0.322964936,-0.785060823,-0.97043848,-1.11425793,-1.16319728,-0.626705468,-0.536771595,-0.734183431,-1.17436957,-0.776353419,-0.5118016,-1.09948242,-1.01641798,-1.14095736,-1.54255784,-0.856203854,-0.499542028,-0.369457096,-0.847387552,-0.439469814,-0.415779322,-0.842259824,-0.763140917,-1.26756418,-1.3490566,-0.397877634,-0.00229094108,1
1.83123291,2.78972888,1.75946343,2.10299897,-0.0972452834,0.191158623,0.61362201,0.951138318,-0.118771851,-0.847616255,2.68115449,0.747904658,2.30969024,3.28740597,-0.808208227,-0.616770685,-0.383895367,-0.419954449,-0.828802407,-0.623085737,3.32410789,3.56959796,3.14475489,4.42922449,0.357686937,0.0632544309,0.35801062,0.772245169,-0.0415433161,-0.0959953666,0
0.416136086,0.0376658477,0.328305364,0.285933584,-1.26681888,-0.901821673,-0.595161796,-0.522561133,-0.941846788,-1.17400324,-0.596762776,-0.39090696,-0.62075454,-0.374023587,-1.35494161,-0.944563508,-0.694148302,-1.08856618,-1.25054657,-1.03518605,0.345558256,1.008044,0.262685657,0.19385463,-1.03565788,-0.469636887,-0.218995214,-0.435496718,-0.345330626,-0.87536931,0
-1.06252956,-1.64076436,-1.04472446,-0.916455269,0.281125039,-0.539750814,-0.887232423,-0.745941341,-0.00383796077,0.416956484,-0.731400251,-1.22189677,-0.708455741,-0.586465716,-0.449741274,-0.682040453,-0.866204441,-0.802785993,-0.148531511,-0.591983795,-0.98845613,-1.641155,-0.990911603,-0.835953534,0.102753185,-0.569593787,-0.901687801,-0.717333257,0.0717611387,-0.374303132,1
-0.108997509,0.377571404,-0.0645615608,-0.21125558,1.64096069,1.13487399,0.0637218282,0.274898589,1.46434975,1.66316116,0.63376087,0.305790782,0.474095494,0.219576806,0.540083885,0.27910015,-0.255244792,0.426801801,-0.68702966,0.721639991,0.171911657,0.424294174,0.106977545,0.0350759253,1.46972549,0.724116027,-0.0149440803,0.617174864,0.497063369,1.75116014,0
-0.454480141,0.157218844,-0.456225842,-0.504561424,-0.828139007,-0.0513499156,-0.260289997,-0.458520383,-0.0742813125,-0.0351812579,-0.129184678,-0.315010756,-0.128024891,-0.247383326,-0.180970311,0.475487053,0.574085176,0.353524834,0.806945324,0.392910093,-0.56353271,-0.41412276,-0.553166091,-0.564157665,-1.18510175,-0.246166334,-0.392780393,-0.577468872,-0.34204644,-0.350736737,1
1.46363938,-0.243635312,1.41871154,1.34909844,0.549645901,0.753252029,0.94453311,1.15901661,0.340963691,-0.539597452,0.242025033,-0.3977229,0.0247448832,0.264952809,-0.45861578,-0.200314924,-0.0423188023,0.509849072,-0.523812294,-0.767364025,1.54678404,0.508631945,1.33501518,1.30218542,0.871949792,0.766772807,0.784663022,1.66502869,1.14404821,-0.337831348,0
-0.819309771,-1.20709181,-0.824638784,-0.74311316,-1.67319,-0.817601681,-0.557343423,-0.872243881,-0.411667883,-0.269727707,0.0725975409,-0.740176916,0.226080358,-0.236658096,-0.49443078,0.485884011,0.496894866,0.464254498,1.23822033,0.470664859,-0.837281466,-1.61304247,-0.803180456,-0.733683407,-1.90419066,-0.820441067,-0.735957325,-1.13496923,-0.521034658,-0.769320607,1
-0.23060739,-0.515559733,-0.291061372,-0.297926635,-0.832446873,-1.01875222,-0.678847849,-0.62192589,-1.13093162,-0.847616255,-0.377933443,-0.590042412,-0.380283624,-0.322459966,-0.338809848,-0.832796276,-0.340638936,-0.456267267,-0.691795111,-0.537987411,-0.220325336,-0.326477617,-0.238518208,-0.291148454,-0.191739246,-0.785424292,-0.450383335,-0.268382072,-0.635981202,-0.429852456,1
-0.506993473,-0.304583877,-0.537204504,-0.518869042,-0.660133958,-0.730749786,-0.722671211,-0.57186234,0.611614466,-0.956411898,-0.233554795,1.05001581,-0.363780707,-0.299565703,-0.384450197,-0.136200383,-0.415218979,-0.18058297,0.613943756,-0.63690877,-0.432787031,0.546666682,-0.527606487,-0.462060899,-0.349973977,-0.477276891,-0.650041044,-0.290362924,0.922365606,-0.83777535,1
1.54379129,0.476026803,1.53095925,1.5086832,0.973248363,1.04839814,1.38915503,2.00425267,0.99349159,-0.388413876,1.19770741,-0.781256676,0.817827463,1.10791481,-0.301410109,0.843423665,0.245933041,1.42011201,0.223175183,0.358352393,1.50184023,-0.00731692091,1.33795309,1.44259024,0.54668951,1.0825603,0.876437187,1.93301439,1.18181634,0.207000986,0
2.06063342,0.743262887,2.01202083,2.26808667,1.0737642,0.221237198,1.98326182,2.2837956,-0.278196275,-0.919675708,2.69507051,0.0828917176,2.27385545,2.44176269,1.01391947,0.199390173,0.755314708,2.06494951,-1.13021839,0.21493803,1.88590562,0.136553437,1.73750591,1.99380887,0.397245616,-0.274816394,0.682637453,1.61082935,-1.36835492,-0.71489346,0
0.852826118,0.668249249,0.793331504,0.752856672,0.0872730762,-0.266599745,0.0247535296,0.412637025,0.244567543,-0.980431736,0.065987438,-0.8707847,-0.0148620941,0.105311826,-0.826591134,-0.773880184,-0.419320881,-0.323065996,-1.09447742,-0.935832739,1.09530294,0.621082366,0.985406339,0.96937418,1.04776621,0.014230974,0.576218426,1.26154482,0.52990526,-0.459591001,0
-0.647950411,0.558072984,-0.685130954,-0.62397486,-0.694596529,-1.0240159,-0.921217859,-0.962714136,-1.13463914,-0.545249164,0.0169334821,-0.00184676959,-0.101620235,-0.244289517,-0.394275576,-0.906845689,-0.747473061,-0.718761683,0.40902853,-0.852030337,-0.661591947,0.0241030436,-0.704467416,-0.624479711,-1.0312624,-1.07160664,-1.05262709,-1.16613388,-0.755854011,-1.02462304,1
1.95007885,0.895634353,1.81959617,2.06172705,-0.126682073,-0.0363106243,0.268656731,0.947580516,-0.118771851,-1.4071368,1.01018906,-0.154744476,0.684861183,1.10708988,-0.752108574,-0.74326694,-0.543496668,-0.240832925,-1.16715086,-0.757860661,2.64586473,1.65628755,2.38090372,3.0130434,0.357686937,0.0352410264,0.217908531,1.29918325,-0.117079623,-0.484279573,0
3.68025589,1.6528033,3.81199265,5.08008099,0.887091935,1.77968347,3.51133013,3.04618549,0.963831186,-0.919675708,7.46478462,0.174998775,7.44963884,10.3516216,0.174010217,1.63359213,1.82069051,2.29943585,-0.435651094,0.352736771,4.04933786,0.958433568,4.23764944,5.85407257,0.164288908,1.08956361,2.01336336,2.22659397,-0.414298564,-0.539828897,0
-0.180857897,-0.215505198,-0.208880022,-0.273988932,0.441950381,-0.422632366,-0.625186563,-0.539587796,-0.60446018,-0.796750784,-0.369931728,0.298422217,-0.354350477,-0.311322212,-0.385717988,-0.609261751,-0.484951317,-0.405950397,-0.212865368,-0.831295729,-0.228496939,0.0604840554,-0.275241822,-0.307442337,0.0851715505,-0.50529027,-0.648088396,-0.534410477,-0.353541106,-1.00217891,1
-0.661769688,-0.597605944,-0.685130954,-0.635806143,0.650161743,-0.811773956,-0.673992753,-0.585331202,-1.71301603,-0.464712113,0.165486947,2.38925242,0.192131519,-0.122599371,-0.165756851,-0.673376322,-0.190360174,0.197200596,-0.838333368,-0.0148705477,-0.590090394,-0.0155853331,-0.611042559,-0.572131276,-0.213716283,-0.965601444,-0.811622202,-0.676382661,-1.93980348,-0.586961687,1
-0.998960733,0.0165682603,-0.978177607,-0.876559079,0.276099265,-0.344992042,-0.7502684,-0.94085896,1.54220819,0.292618603,-0.161191508,0.595006943,-0.258633614,-0.354429394,0.156578138,-0.188762754,-0.109067932,-0.528404355,0.771204293,-0.125455126,-0.955769718,-0.374434412,-0.961826503,-0.821566403,-0.44227758,-0.674007356,-0.932344317,-1.24321735,-0.110511243,-0.469690859,1
-0.0924143419,0.719821155,-0.0473235212,-0.180989504,1.71993744,0.42426759,0.636619687,0.412382901,0.122218557,0.852139056,0.757613361,1.65976453,0.96918273,0.193588749,2.12323356,0.46335727,0.556558907,1.42336881,0.746185541,0.243880078,0.035037294,1.3950057,0.136356428,-0.121102691,1.83454442,0.367581844,0.537165582,0.793322742,0.306580514,0.529635966,0
-0.661769688,-0.883595467,-0.672703505,-0.644885957,1.36095238,-0.588816524,-0.621098101,-0.420146763,0.77103889,0.327941865,-0.197373152,-0.868574142,-0.233643502,-0.325553775,0.771772027,-0.836839557,-0.567362249,-0.105677605,-0.130660996,-0.27707696,-0.645248771,-1.22608078,-0.669800282,-0.624653041,0.617016077,-0.910211265,-0.791607618,-0.541486502,-0.21067895,-0.327170372,1
-0.993432999,0.227544129,-0.928868771,-0.881786883,1.15992069,0.491944402,-0.305518776,-0.466398388,0.448482484,2.13084126,-0.235642195,1.19554496,-0.381698161,-0.420843363,1.51469553,0.693823099,0.528964281,0.583126068,0.267255783,1.31775999,-1.03339994,-0.467040598,-1.00883269,-0.870794713,-0.0862494186,-0.315563172,-0.690070212,-0.801643372,-0.837958694,0.357376963,1
-0.0675395951,-0.536657333,-0.0340943299,-0.208504125,0.47066921,0.894245386,0.132076055,0.177566841,1.13067079,0.907243371,-0.504569173,-0.0313210264,-0.432621419,-0.363504618,-0.361630023,0.515342057,0.274646342,0.405632913,-0.147340149,0.353600711,-0.0957083702,0.22419861,-0.075171575,-0.219559357,0.617016077,1.16214383,0.940874398,0.764717519,1.20973194,1.23494411,0
0.463121712,-0.311616421,0.472623825,0.347566336,0.0757855475,0.471265376,0.138847589,0.43271327,0.151878923,-0.271140635,0.363442272,-0.416512728,0.336414069,0.285578251,-0.421532989,0.875192165,-0.142256051,0.15649116,-0.065135777,0.173900783,0.858326375,0.282077491,0.867890775,0.7318995,0.33570987,1.95097566,0.613318622,0.999581277,1.47575116,1.17322266,0
-1.75349474,1.24726081,-1.7595017,-1.30331087,-3.11702824,-1.13756251,-1.13292432,-1.24606895,-0.793545008,-0.550900877,-0.0543860942,0.399739981,-0.142641753,-0.436518699,0.0278976969,-1.20131052,-1.18302047,-1.93108869,0.730697751,-0.414011747,-1.38151026,0.79306531,-1.40427256,-1.05418754,-1.84617126,-1.2098273,-1.32223821,-1.72544098,-0.0366170369,-0.757537425,1
0.148041561,-0.555410743,0.096193172,0.0311482083,-0.691724658,-0.698415339,-0.469568908,-0.536792397,-1.45348799,-1.29834116,-0.629465401,-0.377643555,-0.650459766,-0.419399559,-1.13022625,-0.665867388,-0.51180011,-0.930613577,-0.963426948,-1.08961439,0.0493375994,-0.0222000629,-0.0281653497,-0.0793279409,-0.780724108,-0.302193135,-0.132590786,-0.546906471,-0.719727933,-1.00610662,1
-0.274829179,-0.857809484,-0.184426054,-0.342500329,3.14151859,1.36046338,1.51308703,1.1938324,0.459605128,2.00367737,-0.0366431735,-0.529067576,-0.207710356,-0.116617993,0.0193401314,0.211519957,0.857862234,0.329099178,-0.61435622,1.44994318,0.0186940841,-0.52491951,-0.0164137948,-0.0859148353,2.3839705,0.989606678,1.7902739,1.26455581,0.416600794,3.17636514,0
-1.39916778,-0.0748546124,-1.27242696,-1.12859297,0.261021882,1.74960494,1.39043272,0.00120066816,1.96116078,3.48866725,0.222542599,1.28949416,0.433073968,-0.332360178,0.869708657,2.3359642,2.64666438,2.18382096,1.70166242,1.7864486,-1.25811911,-0.359551251,-1.12634826,-1.0047859,-0.43348676,0.766136169,0.927694082,-0.00160090043,0.396895677,1.21249998,1
-0.0564841516,-0.609326839,-0.113870367,-0.152099162,-1.99340475,-0.957655072,-0.848775148,-0.905789018,0.0443601198,-1.04260063,-0.855252743,-1.1693958,-0.687709212,-0.542120993,-1.20217323,-0.71092087,-0.81370008,-1.14425671,-0.88956213,-0.711207807,-0.220325336,-0.624140441,-0.169184029,-0.273641169,-1.67562938,-0.342939883,-0.646623909,-0.788695693,-0.351898998,-0.387769639,1
1.93073189,1.72312856,2.04008269,1.80584109,1.29633498,3.36632848,2.04458904,2.55571461,2.20215106,1.58827591,0.794838727,-0.825468063,0.737199008,0.848652959,-0.902658403,1.27836287,0.260849029,0.620578706,-0.315322965,0.671099424,2.13718247,1.30736053,2.04304647,2.10127902,0.753273785,3.20839548,1.98749077,2.6451335,1.97823179,2.49742889,0
0.874936998,1.45354831,0.82540226,0.754232407,-0.914295435,0.127241641,0.405365199,0.211620241,-1.23845041,-1.22486877,0.378054082,0.86211741,0.203919306,0.372617632,0.319488823,1.01786149,0.659852207,0.905544758,-0.558361948,-0.00104747538,0.850154817,1.63478959,0.75918889,0.705898643,0.511526227,1.00425005,1.13613868,0.892688155,-0.645833731,-0.249737963,0
1.24529433,0.241609186,1.21426034,1.20877385,-0.118066423,0.0464054644,0.770772815,0.718609452,-0.385715067,-0.812292993,1.57100451,1.17528141,1.31150019,1.09780836,1.15654552,0.101774335,0.711685359,1.18074059,0.274403989,0.205434665,1.04014456,0.278770119,0.96777904,0.912172258,0.0807761401,-0.272269726,0.359963268,0.517809391,-0.906926632,-0.543195546,0
-0.305231631,0.60964489,-0.172800407,-0.371115535,2.24405575,1.67440844,1.24222541,1.13080823,2.0353117,1.5755595,-0.330619007,-0.38501212,-0.20959641,-0.329885125,-0.434210867,0.552308977,0.141893893,0.0653020293,0.0956988484,0.0032722347,-0.148823798,0.852597892,-0.0222895723,-0.238279983,1.68510056,1.81854868,1.30894744,1.3759656,2.43801808,1.30788767,0
-0.822073638,0.754983783,-0.81461668,-0.760172248,-0.0276021678,-0.417180628,-0.516586423,-0.672497749,0.848897338,0.392936677,-0.422116786,0.471583486,-0.403859198,-0.463331759,-1.14290416,0.291807532,0.101620667,-0.263630211,1.01186049,0.424012005,-0.857710481,0.444138348,-0.856650054,-0.762977719,-1.02247155,-0.485553592,-0.558754981,-0.759939969,0.452726841,-0.200360775,1
0.449302405,-1.86111701,0.440553069,0.254566908,0.592724144,0.48442474,0.388755769,0.332331955,-0.063158676,-0.0210519545,-0.829160213,-1.51774466,-0.80511564,-0.545421064,-0.338175952,-0.419228554,0.0609745495,-0.193609983,-1.05754495,-0.641660452,0.161697149,-1.88093901,0.162797436,-0.0389399081,0.973044217,0.276538283,0.632356882,0.460599005,-0.552234411,-0.116756231,1
-0.343925685,-1.38290501,-0.360414416,-0.41238746,1.24607706,-0.296866298,-0.647417665,-0.382027268,-0.95667696,0.285553962,-0.626682222,-0.311326474,-0.583033621,-0.489732355,-0.377477378,-0.30601728,-0.4737643,-0.284799129,-1.02537811,-0.274053156,-0.445044458,-0.743205547,-0.41596669,-0.480608165,0.999416709,-0.199689552,-0.447942525,0.0134544708,-0.839600801,0.0919745937,1
-0.316287071,-0.217849374,-0.305894107,-0.356257617,-1.61790633,-0.472637981,-0.614582062,-0.767542362,0.270520359,-0.529706895,-0.576236665,0.162103787,-0.213840008,-0.414655715,-1.10043323,0.674184382,0.10423097,-0.196866736,0.678277612,-0.01573449,-0.426658332,-0.159455702,-0.31284681,-0.44178021,-1.69980419,-0.144299418,-0.539228559,-0.730581999,0.515126407,-0.640827715,1
-0.647950411,-0.253012002,-0.673906207,-0.615170181,0.261021882,-0.84580034,-0.789875567,-0.352802306,-0.674903572,0.0185100995,0.84771961,1.64686954,0.607061744,0.18141973,-0.476998687,-0.889979541,-0.708691418,0.400747776,-0.580997944,-0.424811035,-0.583961725,-0.361204952,-0.642184138,-0.560170889,-0.802701116,-1.1124171,-1.02348387,-0.647476315,-1.50300658,-0.827114344,0
-0.454480141,-1.49776959,-0.520367384,-0.488052666,-1.60282898,-1.1975317,-1.0412786,-0.954073727,-0.6971488,-0.368632853,-0.256516218,0.506584167,-0.350106865,-0.324110001,1.04244471,-0.891134739,-0.943767667,-0.645484746,0.960631728,0.466345161,-0.618691027,-1.52374363,-0.696828902,-0.594145358,-1.65145469,-1.20772636,-1.24052012,-1.32195699,-1.00709438,-0.763709545,1
-0.307995498,-1.16958499,-0.309902936,-0.386248559,-0.10227108,-0.0842483565,-0.655339062,-0.712904453,-0.552554607,1.36220694,-0.765146554,-1.04965663,-0.909366846,-0.53428334,-0.592684329,-0.139088422,-0.0221821927,-0.73993063,-0.504750431,0.846479654,-0.510417283,-1.43279111,-0.57520026,-0.521342874,-0.780724108,-0.36267662,-0.614405334,-0.844701707,-0.757496119,0.954391956,1
-0.69217217,-0.201440141,-0.718805254,-0.665797114,-0.787214696,-0.856891811,-0.702739894,-0.794480145,-1.0567807,-0.586224139,-0.764450788,-0.820494294,-0.729673743,-0.565634012,-0.124236807,-0.487963974,-0.407388061,-0.710294127,0.0730628595,-0.420491308,-0.704492867,-0.257022947,-0.713281095,-0.661574304,0.0983577743,-0.46900019,-0.414259464,-0.477651745,0.520052671,-0.295187414,1
-0.636894941,-0.459299535,-0.663483202,-0.612969041,-0.371509939,-0.786019206,-0.76841104,-0.829804182,0.170416638,-0.360155255,-0.200156346,-0.130796641,-0.294940025,-0.314622283,-0.519152641,-0.336052924,-0.407760978,-1.05209053,-0.697751999,-0.289604098,-0.5655756,-0.179299876,-0.61574316,-0.545610368,-0.332392335,-0.521206975,-0.614893496,-0.919075251,-0.187689647,-0.150422484,1
-0.487646461,-1.00080431,-0.542015135,-0.510614634,-0.662287891,-1.09827244,-0.863468111,-0.724086165,-0.852865696,-0.79957664,-0.0627357066,-0.558541834,-0.117180124,-0.209638759,0.190491453,-0.980028689,-0.695639908,-0.253859937,1.0809598,-0.997604609,-0.620733917,-1.44271314,-0.671269238,-0.59570539,-1.1938926,-1.19072735,-1.08201432,-1.00383699,-0.977536678,-1.35511351,1
1.57142997,1.38322306,1.54699457,1.47841716,0.39169246,1.02959895,2.11869264,1.6738838,1.48659503,-0.227339804,0.326912731,-0.0221103225,-0.0403237231,0.474713594,-0.655439794,0.365741432,0.590119898,-0.232691035,-0.577423871,-0.223512545,1.30980754,1.32389736,1.22631323,1.23458314,-0.196134642,0.838079631,1.44709694,0.882149398,0.676051557,0.0425974056,0
-1.22642648,-0.170965835,-1.21550131,-1.00587773,-0.47274375,-0.781131387,-0.756273389,-0.861316323,1.62006664,0.196539342,-0.0825660229,0.256052971,-0.132740006,-0.362679601,0.126785129,-0.321612716,-0.170969367,-0.321763277,-0.122321419,0.0741154775,-1.03748572,0.00756622013,-1.05995202,-0.852074087,-0.376346439,-0.638353944,-0.698857069,-0.737808585,0.460937321,0.0757025629,1
1.93349576,0.304901958,1.8556757,2.00669789,0.0571183227,0.251315773,0.875540078,1.68913162,-0.915893972,-0.86598438,0.914864361,0.276316524,0.797552466,0.857521892,-0.517884851,-0.271938384,0.00466662087,0.456112593,-1.23148465,-0.663690984,1.93289232,1.07419133,1.79920161,1.98514187,0.212638423,0.354211807,0.825180352,1.70718372,-1.02679944,-0.540951133,0
0.0402509831,0.586203098,0.072941862,-0.0596500337,0.156916186,0.106562622,0.55229485,0.176550314,0.311303347,-0.210384637,-0.401242763,-0.35369572,-0.0912469849,-0.317716122,-0.387619674,0.259461462,0.612493932,-0.0405425057,-0.0413084254,0.121200316,-0.0671077594,0.791411638,0.271499336,-0.133756444,0.555480361,1.07810354,1.20936275,0.453071326,1.14569032,0.982447207,0
-0.169802457,0.722165346,-0.196452603,-0.25775528,-0.61202997,-0.510424197,-0.525913239,-0.386093348,0.0295299422,-0.785447359,-0.582846761,0.261579394,-0.525980711,-0.414861977,-0.838635087,-0.672221124,-0.401794583,-0.00308982562,-0.502367675,-0.771251798,-0.218282431,1.03284931,-0.233817577,-0.308482349,-0.6928159,-0.53075701,-0.208255678,0.204657689,-0.0366170369,-0.825992107,1
1.40283442,0.766704679,1.43073809,1.35735285,-0.77644515,0.7269333,0.290376782,0.474898845,-0.126186937,-1.05249119,0.119564094,-0.254220098,0.463250726,0.286815763,-0.499818861,0.665520251,-0.173952565,0.0571601391,-0.771616757,-0.148781553,1.45893931,1.07253766,1.74631965,1.40618896,0.0104495883,1.94588232,0.564502537,0.846016526,0.492137104,0.466792285,0
-0.562270701,-1.35477483,-0.560455859,-0.57637459,1.00196719,-0.263967872,-0.649845183,-0.535013497,-0.534016848,0.47206077,-0.521964192,-1.30239832,-0.535882473,-0.449100226,0.0716363713,-0.804493427,-0.512545943,-0.630666494,-0.119938686,-0.651163816,-0.5655756,-1.62131083,-0.5887146,-0.566584408,0.885136068,-0.581053793,-0.530441701,-0.612397313,-0.184405461,-0.189138696,1
0.0513064265,-0.562443256,-0.0605527163,-0.0607506186,-2.2798748,-1.45470357,-1.04029477,-1.08723783,-1.08644104,-1.26866961,-0.943271577,-0.904864311,-0.94614476,-0.60935992,-1.14385498,-1.25618339,-1.00305879,-1.34357011,-0.627461255,-1.01963508,-0.26731205,-0.814313889,-0.367785335,-0.333096534,-2.03473425,-1.29947019,-1.13351524,-1.22364545,-0.714801669,-1.27319229,1
0.109347507,-1.9525398,0.0989993662,-0.0384637788,1.00914693,0.10844253,-0.00322698522,0.222293705,0.20378454,0.180997103,-0.377237648,-0.652122557,-0.434978962,-0.33256644,-1.04053032,-0.733447611,-0.108322136,0.022964213,-0.181889802,-0.403212488,-0.105922878,-1.5865835,-0.122177802,-0.227532953,-0.0291090943,-0.481733561,-0.0725470334,0.112819925,-0.00705935201,-0.214949489,1
-0.346689552,0.504156947,-0.368031204,-0.385698259,-1.47431231,-0.394245714,-0.350236475,-0.771608412,-0.819497824,-0.225926876,0.340828747,1.08133221,-0.140755698,0.0190974548,-0.34546575,1.11721015,0.746737957,0.252565444,0.722358227,1.7233808,-0.371500015,0.237428069,-0.450340003,-0.40035212,-1.6677177,-0.387506664,-0.424998999,-0.882189572,-0.665538847,-0.133589357,1
0.590259314,-0.10532891,0.681083798,0.413876563,0.757857323,1.43002009,1.35593617,1.05431509,0.277935445,0.579443514,-0.396720052,-0.541041493,-0.182248726,-0.2521272,-0.804404855,0.540179193,0.260849029,0.0376196094,-0.803783715,0.146686614,0.476303905,-0.0800789446,0.585853457,0.267350435,0.199452192,1.3760643,1.13125706,0.882149398,-0.202468485,1.25738835,0
-1.06529343,-0.712470591,-1.01385629,-0.90930146,0.721958816,0.131001458,-0.273577541,-0.238443851,-0.215168014,1.42013717,-0.117008165,0.47895205,-0.591049314,-0.36371085,1.07413936,0.99302429,0.310071856,0.583126068,0.781926572,1.66506469,-1.00888515,-0.820928633,-1.04085565,-0.843060434,0.362082332,-0.117559344,-0.395709366,-0.258445531,-0.46848765,0.736683488,1
-0.976849854,-0.210816845,-1.00182974,-0.86335206,-1.04999185,-1.11876345,-0.878288865,-0.963730633,2.11687756,-0.714800835,-0.763754964,2.45188522,-0.741933048,-0.560890138,1.14703715,-0.701679111,-0.439830393,-0.121961378,-0.41182375,0.324226677,-1.07834375,-0.374434412,-1.10490167,-0.884835184,-1.49541759,-1.20358801,-1.12765741,-1.39091063,-0.319057137,-0.927552044,1
-0.77785188,-1.44854188,-0.78495121,-0.733758211,0.164813861,-0.527343392,-0.715771914,-0.545941055,-0.118771851,-0.00550971879,-0.733835518,-1.25579226,-0.795213878,-0.559858859,-0.199353218,-0.822399318,-0.704962432,-0.490137517,-0.441607952,-0.399324745,-0.796423435,-1.55350995,-0.842841983,-0.726749837,0.168684319,-0.660637319,-0.699833393,-0.408095926,-0.263225943,-0.205971822,1
1.30057156,0.178316429,1.16615427,1.23078561,-0.489257067,-0.851440072,-0.108249739,0.238812149,-0.930724144,-1.80558312,-0.254080921,-0.705544651,-0.229871407,-0.0737170577,0.148971409,-0.827020168,-0.204903275,0.451227486,-0.158062458,-0.892203629,0.764352977,-0.210719854,0.647549152,0.622695804,-0.33678776,-0.88156122,-0.243403241,0.22272414,-0.535813451,-1.48809528,0
1.46363938,1.00346649,1.4948796,1.37661314,0.477848917,0.971321762,1.48497868,1.01212955,0.656104982,-0.387000948,0.427803814,1.08870077,0.559439063,0.414487302,1.11217296,0.40790686,0.276883751,0.607551694,0.146927655,0.0896664336,1.10960329,0.819524229,1.1146735,0.936439753,0.630202293,0.269534916,0.365821183,0.629219174,0.0438455492,-0.4349024,0
1.49956954,-0.0748546124,1.51091504,1.54720378,1.36095238,1.12923431,1.67407072,1.45279086,-0.033498317,0.392936677,2.46893525,-0.0921116844,2.06827641,1.91168857,-0.331203133,0.379604042,0.919390738,0.890889347,-0.212865368,0.45165813,1.98396492,0.110094525,1.88440037,2.03887701,0.770855427,1.00042999,1.66579294,1.25552261,0.122666039,0.864054203,0
0.897047877,0.900322735,0.769278467,0.76606369,-0.676647305,-0.775115669,-0.763555944,-0.525102437,-0.878818512,-1.36616182,-0.00220103818,0.195262328,-0.128967911,0.0844801217,-0.435795605,-0.831641078,-0.718386829,-0.681960344,-0.776382208,-0.934536815,0.741881073,0.9749704,0.624046028,0.591494739,-0.349973977,-0.674007356,-0.731075704,-0.485631108,-0.724654257,-1.05155611,0
0.532218218,-0.86953038,0.560818434,0.381134152,-0.0814499408,0.619778335,0.405365199,0.543259799,-0.0705737695,-0.420911282,-0.223465681,-0.853652835,-0.104449309,-0.145287365,-0.399980605,0.403863609,0.202303708,0.44471395,-0.709665656,-0.26800555,0.519204855,-0.59437412,0.509468317,0.334952742,0.507130861,1.23090398,1.09708583,1.2570281,0.206412807,0.412365168,0
0.595787048,0.623709917,0.628968835,0.473583281,1.46864784,0.45434618,1.16556644,0.782141924,0.251982629,0.364678055,0.588881731,0.453162074,0.0520925596,0.359004825,1.09632564,0.699021578,0.994343698,0.000166929138,2.33427858,1.05641758,0.308786035,-0.0602347553,0.198052108,0.170627177,0.467572153,-0.272906393,0.310170889,-0.149143547,-0.258299679,-0.244688019,0
-0.672825158,0.187693134,-0.665487587,-0.656166971,0.398872167,-0.180499807,-0.596311688,-0.697910786,0.214907184,0.264360011,-0.677127779,-0.619885087,-0.68723768,-0.515101671,-0.586345375,-0.472946167,-0.496884108,-1.06837428,-0.731110275,-0.462392509,-0.586004615,0.535090864,-0.586364269,-0.565371037,1.01260293,0.266988248,0.0241087675,-0.502944767,0.513484299,0.314733028,1
0.651064277,0.20879072,0.701128066,0.490367204,0.162659958,0.967561901,1.15790057,1.00704694,-0.0260832291,0.0693755969,-0.3396644,0.13447167,-0.173761517,-0.179938123,-0.150226459,0.894253254,0.819826424,1.02115953,-0.453521609,0.363968015,0.321043432,0.475558311,0.485965222,0.181027532,0.419222653,1.3512342,1.53935933,1.33832717,0.263886094,0.634001374,0
-0.772324145,-0.0420361459,-0.802189231,-0.716974258,-1.05214572,-1.07383358,-0.659044266,-0.679359257,-1.0567807,-0.857506812,-0.447513521,-0.493882656,-0.480715603,-0.457144141,0.69126755,-0.938152075,-0.413727373,-0.471248329,0.143353552,-0.689177275,-0.794380546,-0.286789238,-0.850774288,-0.710802615,-0.130203515,-1.03767228,-0.617334247,-0.677436531,-0.810043097,-0.980856955,1
-0.366036564,-0.639801085,-0.418542683,-0.418715805,0.162659958,-0.973634303,-0.666199088,-0.518240929,-0.782422364,-0.877287805,-0.572409749,-0.622279882,-0.650459766,-0.453431547,0.272897631,-1.14632213,-0.591973662,-0.52058816,0.227940649,-0.792850316,-0.56353271,-0.961491644,-0.625438213,-0.557917476,-0.103831053,-1.17054486,-0.815039337,-0.839883983,-0.837958694,-1.11047208,1
-0.764032543,0.478370994,-0.774929106,-0.710370779,-0.607004166,-0.721538246,-0.477107048,-0.763476253,-1.16429949,0.360439271,-0.580759346,-0.41430217,-0.591049314,-0.493032426,0.637703538,-0.571139634,-0.272025317,-0.883227825,-0.589337528,-0.546194911,-0.655463278,0.591316104,-0.674794734,-0.621706307,1.66751885,-0.221972942,0.200822905,-0.479157299,-0.105584964,0.248522699,1
-0.0813589022,1.06207085,-0.0100412527,-0.156501502,2.60304093,1.36610305,0.857652962,1.08582723,1.66826475,1.6207732,0.568703473,1.32449484,0.499085605,0.255877584,0.546105862,0.324731231,-0.0225550923,0.171146557,-0.0770494565,0.330274284,0.609092474,2.69149256,0.632859707,0.478824258,3.98389959,1.69630837,0.945756018,1.30520535,2.52669096,1.3864423,0
0.0927643403,-0.946888208,0.0865719393,-0.0401146561,0.262457818,-0.0381905362,-0.0485835299,0.159777746,-0.285611361,-0.272553593,-0.559189558,-0.86875838,-0.344448745,-0.394236535,-0.442134529,-0.143709287,-0.0218092911,0.500078797,-0.725153446,-0.524164379,-0.0752793625,-0.946608484,0.0482197627,-0.19043836,-0.0159228668,0.121191233,0.19252418,0.681912959,-0.332193881,-0.396186203,1
-0.998960733,-0.142835721,-1.00022626,-0.881511688,0.772216737,-0.70217514,-0.839448333,-0.793717742,-1.18283713,0.460757345,-0.87960577,0.648429036,-0.856038868,-0.623591483,0.562270164,-0.929718971,-0.508816898,-0.433144301,-0.323662549,-0.183339238,-1.05382895,-0.171031475,-1.0634774,-0.869061291,0.410431832,-0.955414712,-0.911060512,-0.742626309,-1.11711454,-0.306970596,1
-0.689408302,-0.74997741,-0.655465484,-0.678178668,0.915810764,0.238156393,-0.226176754,-0.103246734,0.315010875,0.0651368052,-0.541794538,-0.878890157,-0.55804354,-0.503757656,-0.385717988,-0.312370986,-0.201920077,0.192315459,-0.25575459,-0.760020554,-0.731050611,-0.976374745,-0.735315263,-0.695202112,0.419222653,-0.238526314,-0.198492467,-0.0618223846,-0.174552903,-0.539828897,1
0.247540548,-0.86953038,0.226079792,0.0820502564,-0.885576665,0.102802798,-0.301813573,-0.285457879,0.296473175,-0.518403471,-0.589804769,-1.31603026,-0.270892918,-0.421462119,-0.945129275,0.381914467,0.175827801,-0.0503127724,-0.800209582,-0.232151955,0.0391230956,-1.03590739,0.212741554,-0.118849277,-0.807096541,0.689099312,0.338484198,0.350694805,0.0996767282,-0.0151963411,1
-0.565034568,-1.51886725,-0.600143433,-0.567019641,-0.210684583,-0.972318351,-0.880971909,-0.747211993,-0.782422364,-0.518403471,-0.762363374,-0.888837695,-0.791913271,-0.558208823,-0.4985511,-0.905055106,-0.87194711,-0.90960753,-0.712048411,-0.523300409,-0.628905535,-1.18473876,-0.672150612,-0.596225441,-0.196134642,-0.835721076,-0.900662661,-0.667801082,-0.622844458,-0.275548756,1
0.0236678161,1.07613599,0.0424746312,-0.121007636,-0.101553105,0.497584134,0.291654438,0.396118581,1.60894394,0.224797949,0.0673790351,1.16791284,0.322268724,-0.192107126,1.19774866,0.672451556,0.19223541,0.718281388,2.90256095,0.443450689,0.131053641,1.53391504,0.236244664,-0.113475762,1.05216157,0.964139938,0.505435109,0.942370892,3.00618243,1.04977977,0
0.45483014,0.241609186,0.43253535,0.293362528,0.463489503,0.305833191,0.332539201,0.396118581,0.496680588,0.0411169864,-0.187979832,-0.534409761,-0.285981297,-0.167562842,-0.740064621,-0.0992334336,-0.294026434,-0.524659097,-0.346298546,-0.263685852,0.682636917,0.77983588,0.556474566,0.366153777,1.02139378,1.23217726,0.618688405,0.501248479,1.805812,1.26299942,0
-0.835892916,-0.0912638456,-0.742056549,-0.806396782,1.83481276,2.09174871,1.02502501,0.371976227,1.46434975,2.36821342,-0.660776436,-0.338958591,-0.53352493,-0.542945981,0.0963582247,1.15706515,0.527845562,0.249308676,-0.386805028,0.299604356,-0.60847652,1.19821751,-0.446520746,-0.639040232,3.79929233,4.35121489,2.77928734,2.07453489,2.070189,3.16514325,0
1.55484676,0.14080961,1.55902112,1.51693761,0.729138494,1.51837587,1.95515358,1.22915649,-0.252243459,0.59781158,1.26902699,-0.793967426,0.596216977,1.08275175,0.437710017,1.45049024,1.35270071,1.27844322,-0.709665656,1.51949048,1.85117626,0.00260517281,1.55241895,1.83087003,1.71586835,2.17126298,2.82175732,2.04894066,-0.236952454,2.57037258,0
-0.0647757351,-0.705438018,-0.131910175,-0.167782485,-0.618491709,-0.925132573,-0.941021442,-0.715445697,-1.39787483,-0.552313805,-0.511527181,0.280000806,-0.525037706,-0.403724223,-0.463686943,-1.0119127,-0.987098694,-0.947223067,-0.617930353,-0.714663565,-0.226454034,0.000951490598,-0.300213873,-0.31610927,-0.732374609,-0.978334785,-1.06424534,-0.888964474,-0.872442663,-0.716015697,1
-0.92710036,-0.996115923,-0.944102407,-0.823731005,-1.30056345,-0.991493464,-0.84532553,-1.04594171,-1.49056339,-0.827835262,-0.517789423,0.0515753217,-0.492503405,-0.46560058,-0.1755822,-0.441755295,-0.430507898,-1.01724327,-0.466626644,-0.596735477,-0.872010767,-0.80273813,-0.856943846,-0.755004108,-1.07082105,-0.841451108,-0.846037507,-1.21160114,-0.974252462,-0.909035563,1
-0.506993473,2.52014852,-0.576892078,-0.520795047,-1.36805272,-1.31878603,-1.13292432,-1.24606895,-0.370884895,-0.443518162,0.15365833,4.48745108,0.0157861635,-0.106924035,0.0754397288,-0.994353354,-1.18302047,-1.93108869,1.2846837,-0.261525989,-0.5655756,2.06309342,-0.642771721,-0.550983906,-1.65892684,-1.28820121,-1.32223821,-1.72544098,-0.795264244,-0.923624277,1
-0.675589025,-0.503838897,-0.726021171,-0.642959952,-1.46713257,-1.275172,-1.02680278,-0.95077002,-0.482111245,-0.767079234,-0.166757911,-0.992181838,-0.294940025,-0.294615597,-0.164172113,-1.06666994,-0.961182117,-0.905862272,0.182668686,-0.463688433,-0.600304902,-0.964798987,-0.685958683,-0.579411507,-1.42333293,-1.20779002,-1.17354453,-1.083781,-0.266510129,-0.877613723,1
-0.258246005,0.607300699,-0.256184399,-0.338923424,0.0786574334,0.0106871529,-0.0777139291,0.088621363,-0.20404537,-0.136912256,-0.722006917,-1.10289454,-0.715056896,-0.532633305,-1.18886137,-0.671065867,-0.641569376,-0.815161645,-1.13140976,-0.873196959,0.00235087611,0.713688552,-0.0428547934,-0.23585324,0.806018651,0.865456402,0.497624546,0.693957269,1.3131839,0.689550757,0
3.87096238,-0.175654203,3.87613416,5.07457781,1.30351472,0.892365456,2.9568305,2.80730343,-0.567384779,-1.0581429,8.5989399,0.488162756,9.01977253,10.0092392,2.01230216,0.130654767,1.19943881,0.36003834,3.24090934,0.317315161,2.42931724,-1.17481661,2.39559317,2.81196976,-0.780724108,-0.654907346,0.240363911,0.675890803,-2.04489756,-1.60704935,0
0.159097001,0.213479072,0.117440052,0.0820502564,0.188506886,-0.604043782,-0.188102812,0.0904002711,-0.797252536,-0.497209519,0.248287231,0.0534174629,0.162426278,0.104899317,-0.438331187,-0.799295008,-0.4379659,-0.125218138,-0.777573586,-0.715527534,0.58253479,0.87740314,0.483027339,0.4528234,0.634597719,-0.428890109,0.100261822,0.696968317,0.222833753,-0.0971175805,0
-1.22615016,-0.262388706,-1.23273933,-1.01358187,-0.92865485,-0.937164009,-0.943960011,-1.09946144,-0.448743343,0.195126414,-0.207810163,0.186051622,-0.271364421,-0.398774117,1.22944331,-0.744422197,-0.798560381,-1.29048502,0.750951052,-0.329345435,-1.03544283,-0.157802016,-1.05319488,-0.860741019,0.300546616,-0.821077704,-1.00937605,-1.3490566,0.268812358,-0.288454175,1
-0.612020195,-0.435857773,-0.625800014,-0.602788627,1.89943004,-0.602163851,-0.375406176,0.635508955,0.793284178,-0.563617229,0.834499359,1.99319208,0.551894903,0.175850853,2.24367332,-0.610417008,-0.710555911,1.1791122,0.733080506,-0.319410115,-0.780080199,-1.08882511,-0.807881117,-0.70092231,0.173079729,-1.08733237,-0.973056912,-0.378587395,-1.10561991,-1.32200837,1
-1.19602406,-0.522592306,-1.17501199,-1.00285113,0.549645901,-0.377702475,-0.579191208,-0.794225991,-0.804667652,1.11776996,0.00580067048,0.392371416,-0.0488109328,-0.359792024,2.139081,0.223072127,-0.167986155,-0.26525858,1.45147514,0.387294471,-1.05587184,-0.678711951,-1.03644884,-0.883621812,0.647783935,-0.496376932,-0.687629402,-0.922387421,-0.591644645,0.044280719,1
0.258596003,-0.581196666,0.277393013,0.0955324173,0.1999944,0.606619,-0.146451443,0.314796984,-0.49323386,0.840835631,-0.102048449,-0.67920208,-0.257690579,-0.112905413,-0.943861485,-0.419806182,-0.438711703,-0.296197772,-1.20050907,-0.217896923,0.110624634,-0.850694895,0.0805365443,-0.0344330892,-0.811491966,-0.234706298,-0.416212112,-0.192804113,-1.17622995,0.0897301733,1
-0.108997509,-0.126426488,-0.1234916,-0.230240673,0.223687425,0.0539251082,-0.444910288,-0.284695506,-0.322686821,0.804099441,-0.286087751,0.0699967295,-0.267120838,-0.285952926,-0.114728406,-0.170279279,-0.405150682,0.270477593,-0.229544505,0.00240829261,-0.226454034,0.00921990257,-0.221184656,-0.303108841,0.463176757,0.0135943061,-0.3776474,0.207668766,-0.0727430955,0.360182464,1
-0.581617713,-0.836711884,-0.595733702,-0.581602335,0.0851191655,-0.610623479,-0.602572203,-0.772624969,1.03056705,-0.432214707,-0.606156111,0.0810495764,-0.664605141,-0.498188794,-0.358777523,-0.423849434,-0.434609801,-0.786827862,-0.108025014,-0.490038663,-0.52063179,-0.111498907,-0.563448727,-0.535383344,0.252197087,-0.344849914,-0.215578094,-0.576415002,0.797566473,-0.260960042,1
0.988255262,0.356473833,1.02584457,0.85025841,1.10966277,1.17247224,1.23711479,1.43246043,0.630152166,-0.152454495,1.42627788,0.348160028,1.26812112,1.10543978,0.613615572,1.39099658,0.758297861,1.0667541,-0.339150339,0.52984488,0.868540883,-0.0767715797,0.762126803,0.737099648,0.432408869,0.606969059,0.426841259,0.555447817,-0.706591189,-0.365325451,0
-1.44173121,-1.07347369,-1.32374012,-1.12996876,0.128197387,0.920564115,-0.0333795026,-0.516207874,0.374331594,3.82353187,0.43441394,-0.660964847,0.149695471,-0.30678463,3.20402241,3.94056058,0.931696475,0.944625854,0.569863141,7.85693693,-1.32492197,-1.63784766,-1.30438435,-1.02680004,-0.495022476,-0.0691725612,-0.622215867,-1.0048908,-1.04978871,1.3752203,1
-0.296940058,-0.187375084,-0.368832976,-0.360109687,-0.446178824,-1.2496053,-0.80559063,-0.503247261,-1.23845041,-0.580572426,-0.756449044,2.08345699,-0.792384803,-0.539439678,-0.871280611,-1.18750572,-0.682215512,-0.0356573723,0.724740922,-0.848574579,-0.596219122,-0.457118511,-0.660986662,-0.573517978,-1.53629494,-1.32601929,-1.08631015,-0.970715165,-1.48822773,-1.24569821,1
-0.186385617,0.0962702557,-0.239347249,-0.245648861,-0.399510771,-0.775491655,-0.384477466,-0.372370332,-0.75276202,-0.851855099,0.237850219,-0.117901661,0.137436166,0.063648425,-0.348001301,-0.856478214,-0.380912155,-0.393411905,-0.646523178,-0.809265196,0.359858543,0.71038121,0.283250898,0.202521592,0.357686937,-0.635807276,-0.0315415412,0.0209821574,-0.0152698196,-0.571250737,0
0.803076625,0.243953362,0.717163444,0.68682158,-0.597670555,-0.584492683,-0.244958192,0.123691291,0.834067166,-1.4848479,0.641762555,-0.655070007,0.591973424,0.58052212,-0.653855085,-0.602330446,-0.457356691,-0.102420852,0.275595367,-0.501269877,0.731666565,-0.0866936743,0.676927984,0.577627599,-0.916981757,-0.674007356,-0.379111886,-0.0753722191,0.626788735,-1.07736683,0
-0.360508859,-0.412416011,-0.351194054,-0.402757347,-1.12035286,-0.285398841,-0.188741639,-0.208456516,-0.841743052,-0.740233541,-0.13022837,0.0994709879,-0.0860603526,-0.200976074,-0.532464385,0.537868798,0.511810839,0.322585672,-0.230735868,0.140639007,-0.506331503,-0.746512949,-0.477074802,-0.495342016,-1.6096983,-0.466453522,-0.394244879,-0.476447314,-1.48658562,-0.74968195,1
-0.567798436,0.820620716,-0.523574471,-0.569220781,-1.91658199,0.0595648438,-0.118087642,-0.489270091,-2.21724224,0.544120252,-0.980844796,0.410792828,-0.505705714,-0.634543598,-0.652587295,1.16341877,0.422314823,0.78341645,0.485276043,1.56225562,-0.745350897,0.518554032,-0.575787842,-0.673188031,-1.93276083,0.426155299,0.0992855057,-0.0813943669,-1.15324068,0.538613677,1
0.186735615,1.1066103,0.224075362,0.0374765694,1.51890576,0.822808743,0.485857099,1.04847014,0.563416362,0.537055612,-0.151798204,0.128945246,-0.188849896,-0.104655236,-0.126138493,-0.136200383,-0.319756538,-0.00308982562,-0.193803474,-0.223512545,0.22298418,1.29247737,0.224493101,0.0837842375,1.44335306,0.554762304,0.153959483,0.704496026,0.702325046,0.292849958,0
1.09880972,0.614333212,1.02584457,1.01617157,-1.60354686,-0.332960606,0.276322633,0.222293705,-0.115064301,-1.31953502,0.81710434,0.173156634,0.689104795,0.743463159,-0.497917205,1.58853865,1.09539962,0.420288295,0.0921247452,0.559218943,0.723494947,-0.144572556,0.650487006,0.608828664,-1.92265141,-0.370316625,-0.0847510472,-0.34320727,-0.860948026,-1.02742863,0
2.1850071,0.628398299,2.22048068,2.2763412,0.736318171,1.71576655,1.99476063,2.56842113,0.0851431116,-0.189190686,2.11059785,-0.941522956,2.22104621,1.85393727,-0.989818752,0.158957571,0.150470585,0.464254498,-0.648905873,0.0235748719,2.33738685,0.0373325013,2.58655596,2.34048724,-0.112621874,0.853359699,0.999453664,1.93602538,-0.250089198,0.103757784,0
0.949561238,0.0236007906,0.933641136,0.816965759,-0.4569484,0.294553727,0.190720156,0.656855881,-1.0938561,-1.10618258,-0.0147254514,-0.705176234,0.111974537,0.0085784765,-0.320426941,0.0134002278,-0.171342269,0.25907895,-0.558361948,-0.468008131,0.858326375,0.043947231,0.956027448,0.627895951,0.269778728,0.557308972,0.390229225,1.19379556,0.0569822975,-0.292943001,0
-0.661769688,-0.475708753,-0.686734498,-0.644885957,0.121735647,-0.803126395,-0.646267772,-0.422942191,-1.0567807,-0.25277254,-0.54353404,-0.820678473,-0.522680163,-0.463125527,-0.0621152185,-0.967725635,-0.445423901,-0.00146144826,-0.197377577,-0.894363523,-0.655463278,-0.691941381,-0.662161827,-0.615812778,0.0148449978,-0.95796138,-0.579745889,-0.0708556101,-0.52760303,-0.724993348,1
-0.708755314,-1.99239087,-0.724818528,-0.675702333,-0.723315358,-0.835460842,-0.958269715,-1.01971543,0.118511014,-0.245707899,-0.939792573,-1.56729829,-0.82209003,-0.636833012,-0.943544507,-0.696480632,-0.809001565,-1.17112494,-0.0365429558,-0.772979677,-0.792337596,-2.10087872,-0.755880475,-0.708895922,-1.0004946,-0.584873796,-0.915893316,-1.01558018,0.815629542,-0.535901189,1
0.606842458,-0.824991047,0.516721129,0.454323053,-0.127400041,-0.695783436,-0.42689544,-0.0864741579,-0.333809435,-0.871636093,-0.677127779,-1.36392593,-0.803701103,-0.405167997,0.0928718075,-0.77561301,-0.26195702,0.399119407,-0.856203854,-0.506453574,0.225027084,-1.2922281,0.0834744349,0.0891577527,0.151102692,-0.753590882,-0.371789485,0.317572981,-0.974252462,-0.650366485,1
-1.0017246,-0.993771732,-0.97497052,-0.883437753,0.151890397,-0.0532298237,-0.323533624,-0.68240881,0.459605128,0.905830443,-0.256516218,-0.154744476,-0.135097563,-0.403105468,0.0833634064,0.763136089,0.779553175,0.127180368,0.117143467,0.470232904,-0.835238516,-0.662175119,-0.750592232,-0.75639087,0.0324266367,0.287361652,0.112465836,-0.323785841,0.2080549,0.705261648,1
1.16237855,-0.14986825,1.07395077,1.06294644,-0.729777098,-0.365671039,-0.0892127678,0.231442377,-0.667488456,-1.19943595,-0.499698579,-1.35453093,-0.487316757,-0.235008061,-1.3422637,-0.940173686,-0.656485379,-0.836981893,-1.1838299,-1.14663458,1.04014456,0.129938707,0.947213829,0.924305975,-0.376346439,-0.0634425506,0.404874057,0.639757931,0.513484299,-0.814208925,0
-0.446188539,-0.555410743,-0.50593555,-0.476221383,-0.785060823,-1.23682189,-1.07577503,-1.0828414,-2.17275167,-0.849029183,-0.799240828,-0.913522422,-0.850380719,-0.569759071,-0.688719213,-1.29650044,-1.08532059,-1.37906873,-0.797826827,-1.03561807,-0.588047504,-0.96976006,-0.660399079,-0.576464772,-0.947749615,-1.30475461,-1.22763264,-1.30629945,-1.60317433,-1.24289262,1
-0.871823132,0.499468565,-0.798180401,-0.78025794,1.91378939,0.332151949,0.200941339,0.194593549,0.348378778,0.842248559,-0.573105574,0.399739981,-0.484959215,-0.481482178,0.305226237,-0.451574653,-0.215344489,-0.242461309,-0.840716064,-0.302995205,-0.69019258,1.61494541,-0.57990092,-0.628813207,2.59055495,0.0976345092,0.641631961,0.418443978,0.116097666,0.682817459,0
0.374678165,-1.71812224,0.428526521,0.226226851,2.12918043,0.96568197,1.46325862,1.54173625,0.611614466,1.12342179,0.0680748373,-1.01815605,-0.0214632582,0.0892239809,-0.541338921,-0.129846692,0.42156902,0.218369499,-0.322471172,0.184268087,0.525333524,-1.41129327,0.530033588,0.390421271,0.929090142,0.661085904,1.52373815,1.02517545,0.52990526,0.960003018,0
-0.266537577,0.356473833,-0.233734876,-0.324065536,-0.667313695,0.0896434188,0.253324956,-0.354072958,-0.886233628,-0.358742326,-0.299655855,-0.778493464,-0.253918499,-0.266358733,0.0614940673,0.365741432,0.537913859,0.110896595,-0.597677112,-0.220920712,-0.289783984,-0.018892698,-0.177997693,-0.325296253,0.137916461,0.639439166,0.876437187,0.0525984354,-0.542381883,-0.120683961,1
-0.330106378,-0.677307904,-0.372040063,-0.380470484,-1.19430387,-0.948819458,-0.638090849,-0.642002165,0.103680834,-0.857506812,-0.720615327,-0.55706811,-0.640086532,-0.506645203,-0.571448863,-0.553811371,-0.317519128,-0.559994876,-0.249797761,-0.686585486,-0.47773087,-0.591066778,-0.47443068,-0.478701442,-0.978517532,-0.661274016,-0.46112287,-0.485631108,0.214623272,-0.808036804,1
-0.261009872,0.30959031,-0.310704708,-0.319112897,-1.62939382,-0.965926647,-0.902947485,-0.92688185,-0.326394349,-0.545249164,-0.270084321,0.482636333,-0.247317344,-0.293790579,0.222186148,-0.285223395,-0.682961285,-1.02505946,0.0277908947,-0.449433386,-0.351071,0.477212012,-0.342813253,-0.396018654,-0.886213899,-0.572140455,-0.946452141,-1.09386814,-0.338762254,-0.53870672,1
0.0319593996,0.914387763,0.102607325,-0.123208806,0.822474658,2.57864571,1.39809859,0.435762852,2.16136813,1.79173779,-0.401242763,1.65608025,-0.348220825,-0.177256808,0.275433213,6.35034323,3.16499567,0.781788111,3.63406062,3.44651318,-0.0977512747,1.91922295,-0.0164137948,-0.198238626,0.937880933,4.31810808,2.82126904,0.942370892,3.73198771,3.40641809,0
-1.160923,-0.271765411,-1.09082615,-0.969283342,0.0678878799,0.475025207,0.536963046,-0.301722199,-0.489526331,2.60275984,0.103560679,1.93424356,0.132721052,-0.264708698,1.82530355,3.61709976,3.28059459,2.07471967,2.16510439,6.12473345,-1.01297092,-0.195836708,-0.995612204,-0.843407094,-0.0818540081,0.258074909,0.37948969,-0.233453616,-0.458635092,1.81288159,1
1.16237855,0.318967015,1.16214538,1.09321249,0.772216737,0.388549298,0.871707141,1.15571296,0.218614727,-0.470363855,0.499471307,-0.531462312,0.17327106,0.557834148,-0.293169498,-0.386304885,-0.096762225,-0.227805912,-0.600059807,-0.439066082,1.15250421,0.103479795,1.03535044,1.06817758,0.757669151,-0.00550574018,0.51275754,0.547920167,0.296727955,-0.295187414,0
1.75108087,0.600268185,1.68329537,1.75631487,-0.326277792,0.16859968,0.119044036,0.732332468,-0.6786111,-1.0129292,0.61497426,-0.541962564,0.644782722,0.662611425,-0.283027202,-0.369554222,-0.297382534,0.447970718,-0.735875726,-0.792850316,1.6530149,0.131592393,1.59354937,1.56566107,0.0324266367,-0.107372656,-0.00322822575,0.931832135,-0.466845542,-0.928113103,0
-0.451716274,-0.447578639,-0.45542407,-0.480348557,-0.485667199,-0.523207605,-0.67182076,-0.64403522,-1.01970518,-0.322006136,-0.863254488,-0.792125285,-0.753249347,-0.585846961,-1.04750311,-0.6785748,-0.681096792,-0.775592089,-0.627461255,-0.950519741,-0.440958649,-0.204105124,-0.415379137,-0.467087716,-0.191739246,-0.0246057864,-0.332248479,-0.140110314,0.232686311,-0.408530504,1
-1.11227906,-0.963297427,-1.12450051,-0.927736282,-0.242275283,-1.07496154,-1.11252022,-1.18497622,-0.363469809,-0.31918028,0.0805992484,0.104997411,-0.0804022104,-0.28636542,2.31023216,-0.777345836,-1.12346828,-1.53962672,0.566289067,-0.117247678,-0.888353944,-0.726668715,-0.92745316,-0.762284398,0.885136068,-0.971331418,-1.28845751,-1.56856394,0.0651927665,-0.388330728,1
-0.310759366,0.0306333192,-0.292264014,-0.387073994,-0.0182685554,0.157320216,-0.224899098,-0.496385723,-0.14843221,0.37598151,-0.462473243,-1.18744874,-0.181777224,-0.405580521,-0.435478657,0.409639686,0.455130041,-0.3334876,0.820050359,0.358784378,-0.367414206,-0.599335194,-0.22764802,-0.420286149,-0.138994321,0.450985372,0.356546134,-0.241282418,1.15390074,0.435931563,1
-0.4987019,-0.0467244983,-0.558451414,-0.523546517,-0.927218914,-1.16764116,-1.03382981,-1.02916908,-0.971507132,-0.464712113,-0.756101131,0.59132266,-0.778710961,-0.558415115,0.247224942,-0.983436584,-0.921841145,-0.869060934,-0.147340149,-0.656347513,-0.586004615,0.477212012,-0.658930123,-0.576291442,-0.429091334,-1.04378426,-1.1455729,-1.12578547,-0.557160676,-0.663271844,1
-0.0896504819,-0.803893447,-0.137923449,-0.189243898,-0.565361917,-0.694655478,-0.998132348,-0.993540108,-1.4683181,-0.601766407,-0.156668812,-1.34053075,-0.29022491,-0.226345375,-0.212031096,-0.802760601,-0.894358397,-1.00991559,-0.995593846,-0.508613408,-0.193767622,-1.33522379,-0.266134351,-0.2949619,-1.08840275,-0.938224673,-1.15055215,-1.226807,-1.69841576,-0.886030316,1
1.51615274,-0.25066784,1.55902112,1.53894937,1.14556122,1.17435217,2.07141972,2.0220418,0.837774694,-0.271140635,1.16570055,-0.300273627,0.915430367,1.17061627,-0.964779973,-0.155261457,0.31939438,0.19068709,-0.448756158,-0.182907268,2.14739704,0.134899765,1.99604023,2.34915423,0.520317078,0.828529656,2.00213552,1.65750098,1.23107922,0.467914522,0
-0.625839531,-0.0654779077,-0.653461039,-0.623699725,-0.52659148,-0.660441101,-0.791919768,-0.892066002,-0.99375242,-0.306463897,-0.623203218,-0.637017012,-0.663190603,-0.478388339,-0.502037525,-0.472946167,-0.420439571,-0.832422435,-0.532151878,-0.353967786,-0.596219122,-0.096615769,-0.638658702,-0.572824657,-0.174157605,-0.423160106,-0.604153931,-0.684663117,-0.588360488,-0.222243845,1
0.570912302,-0.738256514,0.580862701,0.368202299,0.197840497,0.745732427,-0.283159912,0.125470206,0.700595558,0.421195298,-0.789151669,-1.33003044,-0.707984209,-0.523970604,-0.821202993,-0.423849434,-0.455492198,0.0164507031,-0.153296977,-0.019622229,0.153525546,-1.06401992,0.180424765,-0.0264594872,-0.371951014,0.00340761477,-0.290266663,0.157986045,0.426453352,0.320344061,1
-0.686644435,-0.243635312,-0.618584096,-0.676527798,1.54044485,0.830328405,0.170277759,0.167909905,0.578246534,1.38622677,0.0305015966,0.97448802,0.0832123309,-0.257077307,2.3736217,0.381336868,0.666937351,1.0667541,-0.304600656,0.637405694,-0.583961725,-0.0288147908,-0.5528723,-0.604372382,2.02354693,0.212234795,0.23304151,0.406399667,-0.383098781,0.494286418,1
-0.846948385,-0.560099125,-0.837467074,-0.774479866,0.836834013,-0.490497142,-0.74375242,-0.615826786,-0.322686821,0.093395412,-0.711917818,0.324212193,-0.711284816,-0.552227437,-0.615821421,-0.930123329,-0.789237857,-0.712573886,-0.410632372,-0.666714787,-0.77803731,0.143168166,-0.794073045,-0.702655673,0.217033833,-0.676554024,-0.8013708,-0.60667628,0.171928853,-0.285087526,1
1.70962298,-1.14379907,1.73541033,1.76732063,0.305536032,0.538942158,1.3968209,1.40450609,0.0295299422,-0.552313805,1.23806381,-0.79157263,1.22002697,1.11637127,1.39108622,-0.0489814952,0.938035786,1.1384027,-0.365360409,0.593344629,1.29142141,-1.47247946,1.32913935,1.2103157,0.23901087,-0.314926505,0.630404234,0.721056938,-0.869158447,-0.398991734,0
-0.78890729,-1.04065526,-0.819026411,-0.728255272,-0.932244718,-1.11951542,-1.12048388,-1.17132938,-0.103941672,-0.272553593,-0.650339425,-0.395880759,-0.623112142,-0.520670533,-0.470342815,-1.05898774,-1.14671111,-1.45218289,-0.432076991,-0.739285946,-0.706535757,-0.581144691,-0.730908394,-0.66573447,-0.675234258,-0.996543467,-1.29530144,-1.47446787,-0.128574282,-0.54487884,1
-1.22200429,0.028289143,-1.23314023,-1.0152328,-0.799420238,-1.01198447,-0.834337711,-1.00172305,-0.819497824,-0.0549622849,-0.367496431,0.280000806,-0.375568509,-0.455287844,0.107451364,-0.82182169,-0.311552733,-0.365403801,0.167180896,0.178220496,-1.08038664,0.00260517281,-1.11224639,-0.888475299,-0.530185759,-1.01233292,-0.86580801,-1.1464113,-0.560444891,-0.263204455,1
-1.01278007,-0.881251276,-1.00984752,-0.894443572,0.664521158,-0.505912423,-1.04805005,-0.937047005,-0.0483284965,0.248817772,-0.730704427,-0.567936718,-0.774467349,-0.586878181,-0.186358407,-1.00486588,-1.07797444,-1.12145948,-0.667967796,-0.397596866,-0.959855497,-0.9548769,-0.983860672,-0.834393501,0.0939623639,-0.886017859,-1.19341266,-1.05336916,-0.456992984,-0.06737905,1
-1.0017246,0.150186315,-1.00583863,-0.872156739,0.786576092,-0.835084856,-0.515692055,-0.465890139,-0.237413272,0.234688461,-0.102396347,2.5808351,-0.157258615,-0.352573127,2.83319473,-0.669910669,-0.487561613,-0.0861370713,1.68379188,-0.078370288,-0.968027115,0.642580211,-0.977691054,-0.821566403,0.858763576,-0.966874778,-0.745720506,-0.711311102,-0.0169119127,-0.359714419,1
0.308345497,2.67251992,0.464606136,0.171197623,0.628622651,1.96579468,2.12508082,1.15012205,1.21223676,1.240695,-0.49100107,-0.0110574747,-0.230342925,-0.364329636,-0.784754157,1.32745969,1.56115198,0.687342227,0.0885506421,1.03697884,0.265885115,2.84693885,0.638735473,0.0662769824,0.428013474,3.42040586,4.38924074,1.82160461,1.96345294,3.19880939,0
-1.12609839,0.483059347,-1.14735091,-0.955801189,-1.06794107,-1.22215855,-1.1013664,-1.11496341,-0.634120584,0.233275533,-0.752274275,0.239473715,-0.785783648,-0.59224081,-0.436429501,-1.1414125,-1.10568094,-1.35676003,-0.735875726,-0.574704945,-1.04361451,0.556588769,-1.08815575,-0.867501259,-0.851050615,-1.16844392,-1.26195037,-1.33716285,-0.893789887,-0.184088752,1
0.233721256,-0.10532891,0.241714284,0.0958075598,-1.05286372,0.236276492,0.0233481154,-0.340858221,-0.211460471,0.30957377,0.0719017386,1.28580987,0.198261172,-0.0182346068,-0.415511012,1.34652078,0.794469178,0.555443645,1.54082775,2.4305172,0.00643667812,-0.0172390155,0.00415142905,-0.116249189,-1.4180584,-0.0150557635,-0.101836666,-0.460036963,-0.0678168163,0.465108991,1
-0.462771714,-0.520248115,-0.529587746,-0.488052666,-1.47000444,-1.30825853,-0.961463809,-0.814302266,-1.21991265,-1.00727737,-0.0818702281,1.82187295,-0.171403959,-0.188807055,0.0811447725,-0.847236514,-0.811649144,-0.107305981,1.63256299,-0.33712092,-0.677935183,-0.887075901,-0.740309656,-0.625519753,-2.10418177,-1.32009828,-1.21303666,-1.29907286,-1.62944782,-1.37867987,1
-0.142163843,0.614333212,-0.186430484,-0.25775528,-1.18353426,-0.404961199,-0.612665594,-0.701722682,-0.615582824,-0.586224139,-0.220334575,1.29870486,-0.122366749,-0.279559046,-0.527710199,-0.0807499662,-0.027402794,-0.31590113,-0.0389256924,-0.316386312,-0.289783984,0.7384938,-0.273185283,-0.373137891,-1.38289511,-0.518660307,-0.612940848,-0.793663979,-0.734506786,-0.765953958,1
0.161860868,-1.22818935,0.256947905,0.00390873523,0.506567717,1.49393702,0.719666898,0.354949534,1.05651987,1.59957933,0.503993988,0.552637696,0.916844904,0.188432381,0.911228657,1.55850303,0.785146713,0.641747653,0.703296304,0.735463083,0.0493375994,-1.19631457,0.209803656,-0.117115885,-0.0335045047,0.694192648,0.249150813,-0.0573057756,-0.10886915,0.459497929,1
1.51615274,1.35509288,1.43875575,1.47566569,0.513747394,-0.101919524,0.981584966,1.05711055,-0.51177156,-1.24747562,0.229848519,0.3021065,0.0308745354,0.327241659,1.52103448,-0.35626924,0.646800697,0.509849072,-0.502367675,-0.835615456,1.06670237,0.89063257,0.964841127,0.943373322,0.915903926,-0.445443481,0.619176567,0.481676519,-0.985747099,-1.28946435,0
0.662119687,-0.217849374,0.59288919,0.504674792,0.0585542656,-0.365671039,-0.383966416,-0.0173508171,-1.13463914,-0.96206367,-0.217203468,0.420003533,-0.238830134,-0.13889347,0.0494500846,-0.427892685,-0.49986732,-0.248974815,-0.439225197,-0.751813054,0.390502065,-0.0205463804,0.300878227,0.229215831,0.0807761401,-0.551130414,-0.510427117,-0.35193941,-0.819895685,-1.07736683,1
0.593023181,0.0681401417,0.721172273,0.443317205,0.47066921,1.60109198,1.72389913,1.09040153,1.29751027,0.429672867,-0.301395357,-0.415039003,0.103487328,-0.148381189,0.664327025,1.68904257,1.82964003,1.6757673,0.846260428,1.12898862,0.239327401,-0.417430133,0.444834769,0.109091766,0.252197087,1.22071719,1.55644488,0.946887493,0.697398782,0.419098437,0
0.139749974,-0.827335179,0.0348578244,0.0281215999,-1.42620826,-1.29679108,-0.948048472,-0.769067109,-0.626705468,-1.4396342,-0.296872646,-0.551725864,-0.422719657,-0.23542057,-0.656073689,-1.12269795,-0.984451115,-0.901302814,-0.677498698,-1.22965944,0.0493375994,-0.632408857,-0.0957367942,-0.0623407029,-1.35652268,-1.16888952,-1.09055722,-0.850272179,-0.596570969,-1.51166165,1
-1.22393906,-1.42510021,-1.11006868,-1.05155206,2.1148212,2.18574429,0.384922802,0.542497396,0.949001014,4.66422558,-0.44159922,0.329738617,-0.501462102,-0.467044353,4.6493001,1.3528744,0.751958549,0.430058569,0.678277612,3.34283996,-1.14780235,-1.24592495,-1.10137618,-0.951050758,3.0169096,0.712019324,0.0997736603,-0.106988505,-0.0743851885,2.94631243,1
-1.06252956,-1.05706453,-1.02668464,-0.916455269,0.199276432,-0.235769197,-0.675398171,-0.72840637,-0.62299794,1.03299415,-0.220334575,2.39109445,-0.215254545,-0.432806104,3.2515645,1.22753334,-0.209378079,0.179288447,1.920874,1.30307293,-1.09060121,-1.00779474,-1.05965817,-0.900782406,0.177475139,-0.578507125,-0.972617567,-1.1120851,-0.754211903,0.0555028059,1
-0.523576677,-0.281142116,-0.541213393,-0.540055275,-0.268122196,-0.608743548,-0.57178086,-0.730947673,-0.393130153,-0.505687118,-0.517093599,-0.796546459,-0.460440606,-0.448481441,-0.401882291,-0.668755472,-0.437220097,-0.777057588,-0.148531511,-0.769523919,-0.39397192,-0.253715575,-0.385118872,-0.437100053,0.212638423,-0.238526314,-0.144306645,-0.396202177,0.533189416,-0.515701413,1
-0.786143422,0.173628077,-0.725219429,-0.716974258,-1.13758421,0.262595236,0.0519674569,0.174009025,2.94366002,-0.0577881448,0.296645373,1.27844131,0.0124855815,-0.116205484,2.73811054,3.30172563,1.83709812,3.7470634,1.61469257,1.19896793,-0.890396893,-0.536495268,-0.842841983,-0.761244357,-1.28180075,-0.446716815,-0.567541897,-0.323183626,0.101318821,-0.774370551,1
-0.69217217,1.23553991,-0.70477432,-0.653415501,-1.52959597,-0.888286352,-0.880716383,-0.912396431,0.496680588,-0.559378445,-0.522312105,1.05922651,-0.41941908,-0.4559066,-0.310284644,-0.120604955,-0.58787179,-0.791550159,1.34782624,-0.661099195,-0.771908641,0.999775589,-0.751179814,-0.69381541,-1.60486329,-0.753590882,-0.968858719,-1.00052476,0.575883865,-0.9225021,1
0.103819788,0.525254548,0.0977967083,-0.0178278144,-0.115194544,-0.0876322016,0.405365199,0.00882456545,1.01573682,-0.901307642,0.0663353354,1.85871577,0.212406516,-0.0297848564,0.71884191,0.252530158,0.819826424,0.93648392,0.423324943,-0.212713271,-0.00173492602,0.607852876,0.0423439853,-0.117635906,-0.0598769598,-0.362039953,0.312611699,0.118842073,0.2080549,-0.865830541,0
-1.24328601,-0.557754934,-1.20948803,-1.02954042,-0.806599915,-0.222797811,-0.0568882488,-0.663603246,0.871142626,1.20254588,-0.754709542,-0.493882656,-0.67026329,-0.58254689,-0.363531709,0.534403145,0.691921651,-0.545339525,-0.372508615,0.125088051,-1.11715889,-0.41412276,-1.0490818,-0.906849265,-0.380741835,0.554762304,0.796867013,-0.502944767,0.145655349,0.805699348,1
-0.739157796,-0.897660494,-0.751677811,-0.701290965,0.0248096604,-0.662509024,-0.685363829,-0.515445471,-0.248535916,-0.57774657,-0.784281075,-0.400117666,-0.80511564,-0.570171595,-0.623745084,-0.591933489,-0.648281574,-0.530358434,-0.669159174,-0.930217087,-0.796423435,-0.587759435,-0.794073045,-0.718949556,-0.569744468,-0.570867121,-0.639301479,-0.449347645,-0.356825292,-0.911279976,1
0.814132035,-0.0326594412,0.865490735,0.661233008,1.29633498,0.997640491,1.30738544,1.52394724,1.22335935,0.0722014606,-0.366800636,-0.980023682,-0.328888863,-0.171894193,-0.49728331,-0.31063816,-0.0438104011,0.322585672,-1.05516231,-0.607102811,0.688765645,-0.113152593,0.779754102,0.541226387,1.68510056,0.884556413,1.12735176,2.10314012,0.354201227,0.377015591,0
-0.451716274,-0.145179898,-0.42976746,-0.475395918,0.258867979,0.0313661769,-0.110166214,-0.27503857,0.459605128,0.140022114,-0.0182044562,-0.307642192,-0.166688845,-0.206751198,-0.0469017699,-0.366666198,-0.175817072,-0.242461309,-0.334384859,-0.067139037,-0.255054653,-0.154494643,-0.320485294,-0.344710261,0.467572153,-0.106099322,-0.0183612052,-0.197320729,0.198202342,0.202512145,1
1.67922056,1.11364281,2.08017111,1.62424469,2.33739185,4.53563309,3.66337037,2.83017492,4.09670639,2.63949609,1.84514999,1.24159849,2.73405075,1.56930614,1.03927517,2.47747827,2.88532043,2.29129386,6.94844532,0.970023334,1.4609822,1.01631248,1.8608973,1.29351854,1.40379429,2.30432653,2.42732334,2.05044627,4.18192148,0.883692861,0
-0.136636123,1.2824235,-0.162377402,-0.225838333,-0.248737007,-0.479593664,-0.457686782,-0.462078184,-0.14843221,-0.203319982,-0.592588007,-0.379485697,-0.517965019,-0.422493398,-0.954954624,-0.792363703,-0.513291717,-0.810765028,-0.881222606,-0.983349562,0.13718234,1.66455591,0.183362663,-0.0486469045,0.665365577,0.216054797,0.530819476,0.275417924,0.946996987,-0.27442655,0
1.42770922,1.69968688,1.44677341,1.39587331,-0.146067262,1.27398741,0.984140217,0.68353951,0.192661911,-0.0182260927,0.537392437,-1.11413157,0.31943965,0.574540794,-0.661144853,0.446029007,0.121011473,-0.360844344,-0.61912173,0.0667719692,1.62032855,0.880710483,1.5994252,1.62286294,0.832391143,2.57554722,1.65114808,0.961942852,1.27869987,1.594051,0
0.714633048,0.229888305,0.612933457,0.558328331,-1.51308262,-0.620586991,-0.666710138,-0.659791291,0.166709095,-1.340729,-0.535880208,-1.18468559,-0.507120252,-0.358141989,-1.40533614,-0.635254145,-0.652383506,-1.06853712,-0.121130057,-0.881836355,0.605006695,0.163012356,0.59760499,0.359220237,-1.36531353,0.238974854,-0.113064364,-0.410053134,2.92900395,-0.429852456,0
-1.40276086,-0.442890286,-1.32374012,-1.11208427,0.757857323,0.698734641,2.86611748,-0.134250581,1.14920843,2.50385475,-0.257212013,-0.0313210264,-0.455253989,-0.467044353,0.775892377,3.50042295,10.1456871,3.47838116,2.542768,2.51302385,-1.20704651,-0.48357743,-1.21801043,-0.956944287,0.713715076,1.15896046,4.78953266,0.909249067,2.19170403,1.88582516,1
-0.421313792,-0.192063436,-0.480278909,-0.455860555,-0.869781315,-1.16500926,-1.10916007,-1.17176139,-0.385715067,-0.591875851,-0.45029673,0.256052971,-0.532581866,-0.368454725,-0.227561504,-1.00792718,-1.11366105,-1.45495117,0.605604172,-0.745765507,-0.555361092,-0.412469089,-0.628669858,-0.541970253,-1.23784661,-1.19836736,-1.29500365,-1.59337521,-0.63762331,-1.09868884,1
-1.50170708,-1.11801302,-1.49892676,-1.17619324,-0.334893435,-1.1537298,-1.13292432,-1.24606895,-0.293026447,0.635960698,-0.629465401,-0.780519783,-0.667434216,-0.597190917,0.656403363,-1.007985,-1.18302047,-1.93108869,0.77239567,-0.147917613,-1.42114258,-1.41129327,-1.42777562,-1.07048142,-0.6928159,-1.17079961,-1.32223821,-1.72544098,-0.494761139,-0.303603977,1
-1.04594636,-0.672619581,-1.06236339,-0.907375455,-0.122374244,-1.01875222,-1.00362623,-1.10642457,0.311303347,-0.103001922,-0.66425544,-0.44948706,-0.704683661,-0.563983977,-0.00474783266,-1.05188322,-0.805645466,-1.03629529,-0.598868489,-0.490470618,-1.01501381,-0.629101455,-1.05290103,-0.852594078,-0.152180552,-1.0571543,-1.10822856,-1.36697257,-0.348614812,-0.555539846,1
-0.070303455,-0.471020401,-0.135117248,-0.181539804,-0.588336945,-0.8040663,-0.951498151,-0.956106782,-0.693441272,-0.542423308,-0.636075497,-0.65378052,-0.639143527,-0.462094247,-0.792994738,-0.940866828,-0.842674434,-1.14718783,-0.971766531,-0.878380597,-0.148823798,-0.329784989,-0.195625022,-0.261507452,-0.714792967,-0.760594249,-0.926095843,-0.957014799,-0.869158447,-0.6772995,1
-0.846948385,-1.00549257,-0.847489238,-0.775855601,-1.16127717,-0.626790702,-0.67986995,-0.719003558,0.748793602,-0.0394200496,-0.824985445,-0.331590027,-0.740047038,-0.590590775,-0.572082758,-0.371287048,-0.540513456,-0.797738016,-0.217630833,-0.777731359,-0.843410134,-0.784547627,-0.799948812,-0.744777143,-0.987308323,-0.358219922,-0.564124763,-0.708601117,0.506915927,-0.618383527,1
2.53325367,0.661216736,2.41691422,2.83763933,-0.83675468,0.194918439,0.558683097,1.21949959,-0.000130416141,-1.01858091,0.914516449,-0.65378052,0.826314688,1.18670404,-0.694424272,-0.00103998557,-0.130696148,0.711767852,-0.127086893,-0.000615504396,2.40888834,0.437523633,2.26926374,2.64556432,-0.402718872,0.661085904,0.605019867,1.80654919,1.14240611,0.447714746,0
2.11314678,0.415078223,2.22448969,2.30110431,-0.146067262,1.72892594,1.67151546,1.51886463,-0.296734005,-0.112892434,2.66375947,0.259737253,2.83684039,2.4025743,-0.448156536,1.39446223,1.17706478,0.610808432,-0.165210649,0.376927167,2.44566059,0.430908889,2.61299682,2.61262965,-0.209320873,1.38816094,1.51251042,1.04625297,-0.0990165919,0.263111413,0
-1.17667699,-0.82967937,-1.15496767,-0.994596779,-0.0807319656,-0.374882609,-0.835232079,-0.632091105,-1.53505397,0.871920109,-0.527182698,0.00920607708,-0.412346423,-0.517164171,0.516946733,-0.290999472,-0.787000477,-0.8236292,-0.284347415,-0.106880374,-1.0170567,-0.42735222,-0.95888859,-0.867154598,0.436804295,-0.192049533,-0.910523534,-0.742626309,-0.642549574,0.460059047,1
2.00812006,-0.965641618,1.98395884,2.01220083,0.291176647,0.890485585,1.3354938,1.94326162,0.637567282,-0.128434673,-0.208505958,0.180525199,-0.209124893,-0.0258660223,-0.84782654,0.0746267289,0.0986374691,0.255822182,-0.461861193,0.270230323,1.322065,-0.617525697,1.32620144,1.14098001,-0.560953617,0.188041404,0.642120123,1.2344451,-0.268152237,0.155379385,0
1.72344232,0.536975384,1.76748109,1.67652249,1.5045464,1.56725359,2.14424562,2.57604504,2.84726405,0.559662461,0.587490082,-0.346327156,0.547651291,0.592897415,-0.512179792,-0.0663097501,0.00653112167,0.298159987,0.8403036,-0.171244055,1.85526216,1.039464,1.88440037,1.83953691,1.19721007,1.23981726,1.28649211,2.31692624,4.37568855,1.03855765,0
-1.32924211,-1.24694276,-1.27683663,-1.09199858,2.94766665,0.345311344,-0.707211673,-0.630820453,1.46805727,2.00932908,-0.165366322,-0.149218053,-0.21808362,-0.426618487,2.64936543,-0.00335041969,-0.363758743,0.641747653,2.30449438,0.0689318255,-1.15393114,-1.27899861,-1.14926374,-0.953650832,2.33122563,-0.285003096,-0.834272861,-0.632119834,1.29347873,0.332688361,1
1.47469485,-0.0936080217,1.45479119,1.40963066,0.922990501,0.764531493,1.74945211,1.78824234,0.0814355686,-0.224513948,0.572530389,0.362897158,0.368005365,0.565671802,-0.57461834,0.165888876,0.404042721,-0.0161168445,-0.41182375,-0.229128167,1.5815134,0.796372712,1.37908351,1.49632537,0.85436815,0.751492798,1.5754832,1.3759656,0.612009943,0.347838163,0
-0.764032543,-0.142835721,-0.76370436,-0.724953532,0.635802388,-0.359843314,-0.583279669,-0.586856008,0.467020214,-0.088872619,-0.550839961,-0.370274991,-0.641029537,-0.456319124,0.467819989,-0.522620499,-0.400302976,-0.128474891,0.442386806,-1.0904783,-0.765779912,-0.420737505,-0.816988528,-0.690175295,0.718110502,-0.61798054,-0.529465377,-0.439411104,0.273738652,-0.901180089,1
1.78977501,0.684658527,1.71937501,1.74806046,-0.369356006,0.576540411,0.962420225,1.18366718,-0.133602023,-1.76602113,1.59605324,0.495531321,1.97020197,1.47236657,0.324243039,0.61526835,0.863828659,2.57137489,1.32638156,-0.594575644,1.43442452,0.374683708,1.50835061,1.35072041,-0.622489333,0.238974854,0.562549949,1.16519034,0.02578252,-1.41627395,0
0.374678165,0.0611076094,0.396455735,0.259244412,0.944529593,0.341551512,0.740109265,0.809079707,0.481850386,-0.675238788,0.253853649,-0.783098817,0.114803612,0.164919376,-0.272884905,-0.613305032,-0.134052247,-0.151272178,-0.793061376,-0.553106427,0.621349871,0.0704061463,0.527095675,0.484024435,0.995021284,-0.0959126279,0.528378665,0.553942323,-0.0924482197,-0.207655132,0
-0.283120751,-0.822646856,-0.247765824,-0.370565236,0.822474658,0.429907322,-0.549294233,-0.455724925,0.615321994,0.758885682,-0.751926363,-0.853468597,-0.691952825,-0.52892071,-0.952102065,-0.374175102,-0.54983592,-0.87427175,-0.45828709,-0.568657398,-0.351071,-0.840772808,-0.319310158,-0.426873028,-0.0335045047,0.147294626,-0.399614632,-0.628958225,0.477358252,-0.115634024,1
-0.070303455,0.0892377272,-0.12549603,-0.17080909,-0.660851955,-0.767596066,-0.961463809,-0.663349092,-0.912186444,-0.849029183,-0.206766456,0.860275269,-0.244959772,-0.220363989,-0.400931448,-0.837994754,-0.966290832,-0.784873843,-0.0579875745,-0.611422479,-0.120223187,0.402796298,-0.177997693,-0.221292749,-0.886213899,-0.893657923,-1.09021544,-0.838679552,-0.624486506,-0.829358757,1
-0.874586999,-0.147524074,-0.858713984,-0.783284545,0.312715739,-0.555166066,-0.501254618,-0.500960052,-1.16800702,0.481951296,-0.0756080151,0.980014443,0.0789687261,-0.299771965,0.766383946,-0.237859488,-0.440949082,-0.0503127724,0.0194513202,-0.449433386,-0.780080199,0.000951490598,-0.710930765,-0.70092231,0.190661371,-0.573413789,-0.632955432,-0.53802377,-1.05471504,-0.36869207,1
1.33650172,0.49009186,1.27439308,1.30782652,-0.427511603,-0.0231512468,0.246936709,0.774518013,-0.812082708,-1.14857042,1.34800029,-0.761729956,1.24265945,1.14957821,-0.842121542,-0.516266823,-0.33690995,0.299788386,-0.80616641,-0.882700324,1.76537442,0.166319728,1.73163021,1.71473277,-0.556558192,-0.132839382,-0.0105506349,0.967965007,-0.562086999,-1.01003432,0
-1.06252956,-0.618703544,-1.04071558,-0.918656468,-0.522283673,-0.44124347,-0.576124847,-0.626500249,-0.489526331,0.621831417,-0.998239815,-0.346327156,-0.877869844,-0.680393994,1.0044111,0.310868621,-0.208632275,-0.144758657,0.255342096,0.928122163,-1.10081565,-0.584452033,-1.05407619,-0.900262356,0.621411502,-0.190139517,-0.451847821,-0.470876843,-0.332193881,0.611557245,1
1.09051812,-0.719503105,1.13809228,0.966645241,0.750677586,2.07670951,1.01863682,1.4985342,1.30121779,0.563901246,2.01527333,-1.21673882,1.63165653,1.94881439,0.265924811,1.90218008,0.553948581,1.43965256,0.629431546,1.43093646,1.26077795,-1.1020546,1.26744366,1.27098441,0.696133435,1.96689236,0.525937855,1.43919814,1.40842533,1.50988531,0
1.41112602,-0.152212426,1.35056114,1.36835873,0.664521158,0.42426759,0.557405472,1.03957558,0.429944783,-0.442105234,1.13473737,-0.0331631675,0.936648428,1.28261244,-0.203790486,-0.138510823,-0.0848294199,0.573355794,-0.250989109,-0.489606678,2.02686572,0.424294174,1.85502148,2.198349,1.33786321,0.615245759,0.571336806,1.42263722,1.05701733,-0.0533514358,0
-0.755741,-0.0771987885,-0.787356496,-0.711746514,-0.640030801,-1.01612031,-0.826416314,-0.693844676,0.785869062,-0.450582832,-0.47221446,1.40554905,-0.422719657,-0.470756948,-0.17843473,-0.664712191,-0.669909775,-0.315086931,1.61230981,-0.351375967,-0.788251817,0.0935577005,-0.812875509,-0.723629713,-0.886213899,-1.00201881,-0.954702079,-0.791556239,0.613651991,-0.782787085,1
-0.93815577,0.274427652,-0.894392729,-0.852346241,0.87273258,0.465625644,-0.053566359,-0.517478526,-0.49323386,0.830945134,-0.283652455,0.512110591,-0.292582452,-0.403724223,0.570827723,1.29338074,1.55369401,0.910429895,0.792648911,1.6711123,-0.925126195,-0.0602347553,-0.894548833,-0.808392584,0.0675899088,0.00340761477,-0.0852392092,-0.430678993,-0.473413914,0.175018042,1
-0.523576677,-1.20240343,-0.522371769,-0.530149996,-1.07440281,-0.486925334,-0.259140104,-0.60210377,-0.574799836,-0.169409648,-0.468735456,-0.700202465,-0.355293512,-0.419812083,-0.854482472,0.277367324,0.436857939,-0.161042437,-0.168784752,0.380382925,-0.630948424,-1.03921473,-0.567267954,-0.601252258,-1.2905916,-0.0723559037,0.179343835,-0.349379987,-0.355183184,0.244033873,1
1.77042794,2.01380658,1.70734847,1.82785285,-0.319816083,0.0614447519,0.8525424,0.873374581,-1.30889368,-0.963476598,0.426760137,-0.0405317321,0.432130963,0.612491608,-0.659560084,-0.279447287,0.10609547,-0.154528931,-0.911006749,-0.369086772,1.68570137,1.95229661,1.63761771,1.72513306,-0.424695939,0.137744606,0.701675713,0.627713621,-0.749285638,-0.0342738889,0
0.341511816,-1.16255248,0.428526521,0.136804342,0.808115244,2.05603051,1.52075291,1.2332226,2.66930175,1.07114327,0.13034901,-0.923654199,0.251541972,0.0947928503,-0.0988810584,1.60702217,1.22069407,1.73601723,1.91729987,0.281893522,0.378244668,-1.07394207,0.532971442,0.180507511,0.309337407,2.17062616,1.7556144,1.87730944,2.91258311,0.873592973,0
0.482468724,1.10895443,0.476632684,0.352243811,-0.864037514,-0.0739088506,0.136803359,0.117083915,0.170416638,-1.32236087,0.00684437156,-0.245009392,0.0247448832,-0.0770171359,0.845620692,0.335128188,0.700498343,1.31263912,1.09406495,-0.319410115,0.126967832,0.344917417,0.148107991,-0.000458608469,-0.829073608,-0.395146698,-0.188729256,-0.0407448672,-0.13842684,-1.17948782,0
-0.487646461,1.79110968,-0.427362144,-0.487777501,0.528106809,0.585939944,0.253324956,-0.0867282897,0.526340961,0.936914921,0.0138023794,1.10159576,-0.0983196571,-0.12115559,0.632949293,0.750428736,0.220202923,0.219997883,-0.220013559,0.833952487,-0.116137385,2.27641845,-0.154494584,-0.18697159,2.04552412,1.3760643,0.837872505,0.471137762,0.528263152,2.05415654,0
1.79253888,0.473682642,1.84364927,1.83060431,0.894271672,1.13299406,1.66257191,1.60272741,0.174124181,-0.07333038,0.657765985,0.00920607708,0.639124572,0.717268884,-0.137865528,0.141629323,0.331700087,0.477281511,-1.12664425,-0.00623112731,1.56108439,0.857558966,1.65230715,1.53099322,0.634597719,0.669999242,1.20594561,1.45575905,-0.678675592,0.342227131,0
-1.16866183,-0.456955343,-1.15817475,-0.98854357,0.922990501,-0.598028064,-0.908569157,-0.750007391,0.49297303,0.0156842377,-0.652774751,0.241315857,-0.628770232,-0.57718426,0.829773307,-0.749043047,-0.885632575,-0.70540899,0.17552048,-0.548354745,-1.1845746,-0.389317542,-1.17159176,-0.9449839,0.419222653,-0.8261711,-1.01894403,-0.88414675,0.15715,-0.566200793,1
1.2563498,-0.379597545,1.27840185,1.15924764,0.994787514,1.2119503,1.38915503,1.318102,0.392869323,-0.317767352,0.791707635,-1.00894535,0.680146098,0.644461036,-0.255769759,0.83649236,0.888067126,0.829011023,0.4352386,-0.0891695619,1.34862268,-0.703517199,1.2821331,1.19644856,1.57961071,1.62054491,2.26330137,1.85472643,1.4872458,0.44659254,0
-0.103469789,0.794834793,0.0717392117,-0.210154995,1.22453797,2.35305643,1.58591294,0.793323636,0.99349159,1.98954809,-0.658341169,-0.0773745552,-0.372267932,-0.435281157,-0.212981939,1.9582082,0.868303418,0.719909728,-0.121130057,1.8797543,-0.242797241,1.06426919,0.0540955439,-0.310389102,1.45653927,3.29816556,2.06706095,1.59878504,1.15390074,3.32225227,0
-0.526340485,-0.939855695,-0.553239882,-0.54143101,-0.66874963,-0.727177978,-0.878161073,-0.816081166,-0.60446018,-0.20473291,-0.500394404,-0.74367696,-0.420362115,-0.439406246,-0.538169444,-0.651427209,-0.79110235,-1.09377706,-0.869308889,-0.72416693,-0.504288554,-0.693595111,-0.465617031,-0.509035826,-0.27964744,-0.39260003,-0.752554774,-0.888964474,-0.381456673,-0.240199193,1
-0.164274722,-0.0771987885,-0.148747325,-0.265734524,0.707599401,0.19867827,-0.0367013924,0.121404126,0.0184073076,-0.275379449,-0.653122663,0.222894445,-0.630656302,-0.433631122,-0.525808513,-0.340096205,0.0490417406,0.294903249,-0.890753508,-0.551810503,-0.289783984,0.268848032,-0.282880336,-0.349390417,0.476362973,0.0161409788,0.356057972,0.462104529,-0.373246223,-0.394502878,1
-0.612020195,0.457273394,-0.618183196,-0.607741237,0.12101768,-0.431091964,-0.806484997,-0.69231993,0.80811435,0.0227488913,-0.440555513,-0.014741757,-0.434035957,-0.428681016,0.885555983,0.29296276,-0.575193167,-0.420605808,0.232706115,-0.634748936,-0.64729166,0.270501703,-0.64247793,-0.613385975,0.467572153,-0.227702945,-0.75401926,-0.4814156,0.298370063,-0.582472861,1
-0.769560277,1.84268165,-0.803792775,-0.712571919,-1.95391643,-1.24076962,-0.92428422,-1.16665339,0.251982629,-0.912611067,-0.975278378,-0.58635813,-0.844722569,-0.654014051,-1.09282649,-0.519154847,-0.574074447,-1.42222071,-0.626269937,-0.729782581,-0.845453024,1.35201001,-0.79730469,-0.73576349,-1.75518632,-0.708387434,-0.790631294,-1.41183758,-0.0727430955,-0.73060441,1
1.07393503,-2.07209277,1.24232233,0.952887952,1.60506225,3.26105356,2.70130062,2.49218225,2.29113221,2.25659204,2.41327119,-0.563147187,2.70576,2.33244777,-0.22249034,1.3621161,0.820572197,0.653146267,1.12027502,1.05900931,1.87160528,-1.36333644,2.2810154,1.97994173,1.32907236,2.6175673,2.15297723,2.27025461,2.80420494,1.96437979,0
0.45483014,0.00015902704,0.612933457,0.285933584,2.02866459,2.48653007,2.59014511,1.91022468,2.12800026,1.87792659,0.414235711,0.208157316,0.295392573,0.224939421,0.706164062,2.31805825,2.52845502,1.786497,4.14634848,1.55016041,0.233198687,-0.232217714,0.365511775,0.0667969957,1.01260293,1.59253144,2.03240156,1.48888087,2.21961951,1.18444479,0
-0.33839798,2.27400994,-0.373242706,-0.386248559,-1.06363332,-0.862719536,-0.34142071,-0.650642574,-0.871403456,-0.79957664,-0.660080671,0.274474382,-0.635842919,-0.484369725,0.415523738,-0.226884916,0.27054444,-0.690265119,-0.438033849,-0.406236291,-0.475687951,1.68109274,-0.532307088,-0.487195075,-0.407114297,-0.588693857,-0.131614462,-0.747895658,-0.856021702,-0.643633246,1
-0.393675178,1.08316851,-0.365625918,-0.428345919,1.15992069,0.414868057,0.308263868,0.500565946,0.385454237,0.446628034,0.0840782523,-0.0607952848,0.036061164,-0.079492189,0.215530261,0.0590313002,-0.0743882135,0.169518188,-0.509515882,-0.0606594756,0.17804037,1.30570686,0.142232209,0.0199954174,2.33562112,0.965413272,0.642120123,0.858060837,0.804134846,1.07783496,0
0.839006782,-0.660898685,0.969720721,0.709933877,1.6194216,2.32109785,1.71495557,2.31429124,4.5935173,1.60946977,2.2428,-0.43290779,2.08666539,1.46617889,0.294133097,0.723858714,0.208643019,1.97213197,0.292274505,1.59940505,1.23217726,-0.690287709,1.33501518,1.01270902,0.990625858,0.894106448,0.558644652,2.11367869,1.92568481,1.23494411,0
-0.465535581,-0.979706645,-0.529186845,-0.490253836,-1.20507336,-1.31972599,-0.998387873,-0.964493036,-0.945554316,-0.734581828,-0.995108724,-0.988313317,-0.987119138,-0.645743251,-1.21580195,-1.18571508,-0.940896332,-1.31849313,-0.408249646,-1.02870655,-0.616648138,-0.860616982,-0.678907752,-0.577851474,-1.2422421,-1.12502313,-1.01747954,-1.11539733,0.0126457708,-0.901180089,1
0.689758301,2.07709932,0.661039591,0.559704065,-0.825267136,-0.0344307125,0.0490288623,0.101327859,-0.782422364,-0.884352446,0.191579476,-0.250535816,0.270873964,0.169869483,-0.379696012,0.684581339,0.580797374,0.604294956,-0.887179434,0.0650440902,0.564148664,1.41319621,0.579977691,0.428555906,-0.793910325,0.349755138,0.33897236,0.409410745,-1.10890412,-0.319314897,0
-0.84142065,-1.02893436,-0.861921072,-0.760722518,-1.3378979,-1.06123817,-0.786425889,-1.06192648,-0.986337304,-0.0846338272,-0.750882626,-0.963260233,-0.748534203,-0.563777685,-0.900756717,-0.621969163,-0.459594101,-1.25238097,-1.03848314,-0.0883056149,-0.722878993,-0.863924384,-0.768807173,-0.6588009,-0.877423108,-0.423796773,-0.307352275,-0.888964474,-0.498045325,0.431442738,1
-1.20569754,-0.0232827365,-1.19786239,-1.00422692,0.822474658,-0.391049862,-1.01877916,-0.746195436,2.73233008,1.06690454,1.02688825,0.987383008,0.828200758,0.0661234781,1.89186239,-0.381684005,-0.958497226,-0.218035638,1.23583758,0.208890438,-1.02318549,-0.397585958,-1.03321719,-0.859527647,0.344500691,-0.759320915,-1.22045672,-1.03454995,0.497063369,-0.213266179,1
-0.739157796,-0.447578639,-0.727624714,-0.706243575,0.944529593,-0.174296096,-0.873433769,-0.773133218,-0.578507423,0.407065988,-0.407157063,1.28396773,-0.430735379,-0.39052394,-0.138499424,-0.468325287,-0.751202047,-0.380873382,0.261298954,-0.0930572972,-0.702449977,0.196086004,-0.713868618,-0.647880495,0.410431832,-0.479186893,-0.945963979,-0.761596024,-0.507897913,-0.164450094,1
1.03524089,-1.40400255,0.913596928,0.92839992,-1.26825476,-0.788839042,-0.565009296,-0.184314176,-2.15421391,-1.45658934,0.285512567,-0.303957909,0.147337914,0.219370559,-0.865892529,-0.992562771,-0.75306654,-0.720064402,-0.906241298,-1.05073702,0.735752344,-1.18308508,0.591729224,0.577627599,-1.46552885,-0.984956145,-0.810645878,-0.469672412,-1.82321489,-1.41290724,1
0.349803418,0.82999742,0.336323053,0.202289134,-0.290379286,-0.00999186933,0.300597966,0.655585229,-0.311564177,-0.249946684,-0.30765757,-0.681044221,-0.365666747,-0.224282831,0.881435692,-0.0588008389,0.506590247,0.939740717,0.486467421,-0.690905154,0.0432088971,0.043947231,0.0159029849,-0.0795012787,-0.275252014,-0.348669916,0.0670669004,0.496731907,-0.553876519,-0.875930429,0
-0.835892916,-1.05706453,-0.865929902,-0.775855601,0.327075154,-0.877946854,-0.831015825,-0.589651406,-0.871403456,0.558249533,-0.675040364,1.09422719,-0.694781899,-0.437962472,2.49089193,-0.245368391,-0.641196489,0.646632791,1.21439302,0.45079419,-0.994584799,-1.44767427,-1.02675378,-0.832486749,-0.455463797,-1.09548175,-1.13000059,-1.07715666,-1.62780571,-0.603794813,1
-0.33839798,-0.234258607,-0.295070201,-0.444579571,1.84917212,1.16495264,-0.516458631,0.101581991,-0.341224521,1.38340092,0.143569216,-0.0773745552,0.153467566,-0.122599371,-0.579372525,-0.125225827,-0.659095705,0.0946128219,-0.293878347,-0.191114724,-0.238711447,-0.199144065,-0.224710122,-0.350257099,0.599434435,0.265078247,-0.713990092,-0.0753722191,-0.51118207,0.28275007,1
1.20107257,0.630742431,1.13809228,1.15649617,-0.125246122,-0.132374078,0.340205103,0.493958592,-0.404252797,-0.772730947,0.676900506,-0.016583899,0.43165943,0.578253329,-0.348635197,-0.649116755,-0.118390441,-0.441449016,-0.679881454,-0.663690984,1.28733563,0.961740911,1.13523865,1.23631656,0.638993144,-0.171676144,0.613318622,0.350694805,0.354201227,-0.437146813,0
-1.16866183,0.0423542,-1.11688364,-0.980564356,0.319895446,-0.13462998,-0.346659064,-0.476309448,0.533756018,0.0679626688,-0.76897347,0.020258924,-0.623583615,-0.588734508,0.620271444,-0.20204775,-0.0535058081,-0.120333001,-0.540491462,-0.0740505755,-1.115116,0.207661778,-1.02058423,-0.893675506,1.05216157,-0.154486105,-0.0315415412,-0.257692784,-0.445498347,0.056625016,1
-0.700463772,-0.0420361459,-0.705976963,-0.674051464,-0.759931862,-0.505912423,-0.432133794,-0.883171499,0.852604866,-0.00974851009,-0.399851173,0.421845675,-0.303898722,-0.412799418,0.0561059713,-0.288111418,0.475266635,-0.498279393,-0.231927246,-0.173835874,-0.643205822,0.232467011,-0.603110254,-0.617546141,-0.310415298,-0.386869997,-0.0725470334,-0.722150981,0.232686311,-0.0589624792,1
1.40007055,1.30820942,1.62717152,1.28856635,0.0973246619,2.66324162,1.50542104,1.59510362,2.20956635,2.15627384,1.92795026,4.34192181,3.87558055,1.56518102,-1.25573719,3.32194185,2.1320622,4.72897482,2.88469028,3.93032074,0.968643069,0.721956968,1.31444991,0.789101422,-1.2422421,0.864819705,0.454178274,0.934843183,0.464221507,1.03294659,0
0.117639087,-1.22818935,0.0821622089,-0.0288336612,0.994787514,-0.220165938,-0.251985252,0.404504865,-0.559969664,-0.216036364,-0.331662685,-0.902101099,-0.333603978,-0.301422,-0.30679822,-0.74788779,-0.580786645,-0.0812519416,0.171946377,-0.0770743713,-0.0854938701,-1.42948377,-0.11336413,-0.219906032,0.120334819,-0.679100692,-0.651993692,-0.116021723,-0.471771836,-0.324925959,1
-0.202968776,-0.663242877,-0.22892426,-0.278391272,-1.78734732,-0.580544889,-0.0990506709,-0.534505188,-1.40528989,-0.63708967,-0.826029122,-0.130796641,-0.767394662,-0.529126942,-0.374624848,0.418303818,0.665445745,-0.240832925,-1.01822984,0.14452675,-0.400100619,-0.467040598,-0.439763606,-0.424099594,-1.29498696,-0.0086890813,0.292597115,-0.373769671,-1.38806009,-0.427046925,1
-1.31873941,0.637775004,-1.31492066,-1.07493949,-0.261660486,-0.903889596,-0.622375727,-0.920274436,-0.404252797,0.426847011,-0.348014027,1.23054564,-0.343977213,-0.463125527,1.21676552,-0.411142051,0.307088673,0.15649116,2.02094889,0.38081488,-1.30204141,-0.0866936743,-1.29557061,-1.00703931,-0.95214504,-1.09178901,-0.93205142,-1.33942115,-0.752569854,-0.558906436,1
-0.343925685,-0.285830468,-0.345581681,-0.408260256,0.236610889,-0.163016632,-0.636046588,-0.657758236,-0.307856619,-0.391239733,-0.472562343,-0.213692993,-0.505705714,-0.411768168,-0.573033631,-0.511068344,-0.41074419,-0.599238813,-0.374891341,-0.385933638,-0.404186428,-0.124728367,-0.44299528,-0.441433519,-0.134598926,-0.256989688,-0.477232188,-0.532152176,-0.187689647,-0.264326662,1
0.463121712,0.865160108,0.556809604,0.351968676,1.39685082,1.33602452,1.59230125,1.16282856,1.09359527,1.49360955,0.524172246,-0.256062239,0.352445483,0.377774,0.506487489,0.826095462,1.03573561,0.332355917,-0.67630738,0.96872741,0.811339676,0.814563215,0.685741663,0.685097933,2.35320282,1.51549459,2.26867127,1.33682168,0.625146687,2.31787562,0
0.134222254,0.811244011,0.183586016,0.00666019693,-0.812343657,0.542702019,0.181776598,-0.296639591,-1.28664839,-0.179300174,-0.612070382,-0.189745158,-0.295411527,-0.428474754,-0.906144798,1.20904994,1.26991689,0.684085429,-0.505941808,0.287077188,-0.150866702,0.28042379,-0.0311032385,-0.248333663,-1.2905916,0.398778588,0.465405971,-0.0618223846,-1.0432204,-0.216071695,1
-1.52934563,-1.43447685,-1.49451697,-1.19242692,0.542466223,-0.522831619,-0.805207312,-0.862332821,-0.456158429,1.20395875,-0.955448091,-0.979471028,-0.840007484,-0.681879044,0.25229609,-0.452729851,-0.511427224,-0.73911643,-0.560744703,0.0792991295,-1.37803733,-1.17812395,-1.28264391,-1.04205382,1.41258514,-0.197142869,-0.466004491,-0.443927705,0.147297442,1.17883372,1
-0.797198892,0.150186315,-0.796576858,-0.735684216,0.671700895,-0.683188021,-1.0689652,-1.05336225,0.515218318,-0.347438902,-0.360886335,1.39081192,-0.420362115,-0.426824719,1.83481193,-0.832796276,-1.06007528,-1.12227368,2.5975709,-0.768227994,-0.865882039,0.0340251364,-0.882797241,-0.76384443,0.458781332,-1.00450182,-1.25706875,-1.42102134,0.654704332,-1.0476284,1
1.40559828,-0.768730819,1.3826319,1.38211596,-0.653672218,0.270114899,0.391311049,1.21060503,-0.2225831,-1.5512557,2.08276582,-1.06365693,1.94285429,1.62911987,0.730568945,0.294117987,0.436857939,2.61859775,1.30255425,-0.163900539,1.18723345,-1.28395963,1.16461754,1.07164431,-0.859841466,-0.336573213,-0.217042565,0.949898601,-0.73943311,-1.1996876,0
-1.77256536,1.45823669,-1.74266458,-1.33247626,-0.672339499,0.296433657,0.0491566285,-0.899435818,0.874850154,2.08704042,-0.63224864,0.493689179,-0.662719071,-0.589559495,2.65253496,2.25914216,2.26705194,0.290018111,0.050426878,1.64562595,-1.54044795,1.04442501,-1.54147196,-1.13219023,1.21479177,0.330655068,0.334090769,-0.972672343,-0.169626608,1.27422142,1
-0.683880568,2.36074448,-0.67911768,-0.659193575,-0.177657962,-0.345743984,-0.218127564,-0.733488977,-0.00754550565,-0.152454495,-0.305570155,2.23819685,-0.330303401,-0.354429394,0.874779761,-0.0738186613,0.411127806,-0.430538893,0.491232902,-0.69695276,-0.632991314,2.18877316,-0.614567995,-0.604892373,0.379663974,-0.327023178,0.104655266,-0.696406305,-0.0152698196,-0.655977488,1
0.233721256,-0.386630058,0.20202671,0.0644408986,1.48300731,0.495704234,0.833377659,0.945547462,0.578246534,-0.0818079636,3.11255097,0.443951368,2.6256032,1.27023709,0.918835402,0.539601624,1.26954401,2.62999654,3.69958591,-0.369086772,0.476303905,-0.685326695,0.424269557,0.164040282,0.401641011,-0.242346317,0.315540642,0.784289479,0.855039775,-0.696938157,0
0.429955363,0.933141172,0.737207651,0.326930374,1.06658447,3.89646339,2.92488933,2.25330019,2.57290554,2.5858047,3.09863496,2.2897768,3.42764449,2.0251286,1.66683006,1.99228704,1.88669384,2.99312472,0.326824158,0.993781745,0.741881073,1.00308299,1.07941878,0.605361879,0.810414076,1.67275167,1.69508255,1.98119152,0.630072951,1.01050246,0
-0.653478146,-1.2188127,-0.704373419,-0.62562573,-1.2862041,-1.14169836,-0.846092105,-0.543908,1.11213303,-0.227339804,0.558614373,0.104997411,0.408555359,-0.0512353219,0.295717806,-0.6375646,-0.618449569,1.07489598,1.02258289,-0.750085175,-0.594176233,-1.20954394,-0.65393573,-0.594665349,-1.24663746,-1.07892835,-0.993462026,-0.477350652,0.341064483,-0.954485059,1
-1.51635551,-1.74156392,-1.50213385,-1.18362224,0.105940305,-0.966490626,-0.869600832,-1.04787314,-0.437620699,1.29014754,-0.853861153,-1.16313255,-0.850852251,-0.659851015,0.953699589,-0.861099064,-0.444305182,-0.996074378,0.0325563662,-0.411851913,-1.37109149,-1.68249714,-1.38253224,-1.04326725,1.81696284,-0.831264436,-0.752066612,-1.06014407,0.536473632,0.357376963,1
3.62497854,0.621365726,3.61956811,4.3894639,0.958889008,1.64057004,2.53520632,3.52649093,-0.00383796077,-0.711974978,1.51255715,0.497373462,1.40014434,1.82299912,-0.782852471,-0.00508324523,-0.0236737933,0.0897276849,-0.580997944,-0.429562718,3.45281076,1.20317852,3.3445313,4.05481195,0.669761002,0.948223233,1.28453946,2.32144284,-0.0612484403,-0.172305554,0
-0.302467763,0.703411937,-0.392886072,-0.352955878,-2.4076736,-1.59325302,-1.11254585,-1.19900417,-1.50539362,-1.46930563,-0.794022322,-0.127112359,-0.824919105,-0.535727084,-1.16730905,-1.34039867,-1.1235429,-1.62951314,-0.535725951,-1.19790959,-0.453216046,0.569818199,-0.551697195,-0.464487642,-2.22901154,-1.40159178,-1.28329766,-1.58604324,-0.982462943,-1.42861819,1
0.855589986,1.24257243,0.897561491,0.755883276,0.793755829,1.48265755,1.02885795,0.772739112,0.467020214,0.301096201,0.658809662,-0.313168615,0.402897239,0.601353824,-0.406002611,1.77337348,0.402551115,-0.095907338,-0.638183594,1.10479832,1.45076776,1.36358571,1.31151199,1.39405525,1.16644228,3.08742857,1.88302433,1.13357413,0.689188302,2.80603647,0
3.21316338,-0.412416011,3.30286932,3.7291131,1.35377264,2.48465014,3.17019796,3.61543655,0.574539006,-0.216036364,2.06467509,-0.663359642,2.06120372,2.32626009,-0.231998757,0.980316937,0.407771707,0.524504483,0.324441433,-0.153965205,3.45485353,-0.329784989,3.59425187,4.08601284,0.924694717,2.15980291,1.82688594,2.42381954,1.30825758,0.238983929,0
-0.487646461,-1.62904346,-0.515957654,-0.512265503,-0.431819439,-0.771919847,-0.754995704,-0.573387086,-0.415375412,-0.658283591,-0.990585983,-1.31768811,-0.980329335,-0.646795154,-1.08395195,-0.940866828,-0.857403994,-0.996400058,-1.11234784,-1.0261147,-0.532889187,-1.04252207,-0.57990092,-0.540583551,-0.121412687,-0.299646467,-0.447942525,-0.114516184,0.355843335,-0.447246701,1
-1.36296117,-1.25631952,-1.30730391,-1.08346903,-1.35225737,-0.312469572,-0.367868036,-0.692065775,2.00194383,0.973651111,0.0294578969,1.94161212,-0.114351049,-0.346385479,0.518848419,0.80414629,0.424925119,0.609180093,2.53681111,0.8987481,-1.26833355,-1.04913676,-1.21536624,-0.982251823,-1.47695696,-0.551767051,-0.640277803,-0.959574163,0.638283432,0.056625016,1
-0.247190565,1.41369736,-0.309101164,-0.321314067,-0.584029138,-0.979086041,-0.778760016,-0.720528305,-0.674903572,-0.974780023,-0.671213448,0.256052971,-0.724487126,-0.468900651,-0.422483832,-1.00365293,-0.619941175,-0.880622387,-0.852629781,-0.826544046,-0.381714523,1.43138671,-0.460328817,-0.422712892,-0.134598926,-0.943318009,-0.643694937,-0.821365893,-0.737791002,-0.898374617,1
0.441010833,0.255674243,0.376411527,0.307945281,-0.00534509029,-0.303445995,-0.290570259,0.0726111755,-0.6786111,-1.02423263,-0.109354354,-0.112375237,-0.20959641,0.013734838,-0.78443718,-0.163347989,-0.454373509,-0.340652466,-0.61435622,-0.566497505,0.7949965,1.19821751,0.656362772,0.679897726,0.414827257,0.638165832,0.0944038928,0.594591796,0.892807901,0.135740727,0
-1.09016812,0.0868935511,-1.08561468,-0.94369477,0.305536032,-0.546894491,-1.06872249,-0.962460041,-0.0372058637,0.0806790367,-0.547013044,1.61923742,-0.567002237,-0.484988481,1.84115088,-0.187029928,-1.02737188,-0.777871788,0.606795549,-0.632157087,-1.1375879,-0.445542753,-1.14808869,-0.917769611,-0.240088746,-0.85609448,-1.2731781,-1.38940501,-1.03665197,-0.924185395,1
-0.531868219,-0.323337317,-0.562059343,-0.560140967,0.607083559,-0.63092649,-0.814789712,-0.498672903,0.366916507,0.510209918,-0.122574568,0.552637696,-0.207710356,-0.327410072,-0.528661072,-0.78947562,-0.761270344,0.542416632,0.187434152,-0.144029871,-0.69223547,-0.769664466,-0.729145646,-0.661400974,-0.789514899,-1.02430224,-1.07913423,-0.839883983,-1.09412527,-0.568445265,1
-0.194677204,0.304901958,-0.127099559,-0.269586593,1.04504538,0.804009616,0.713278651,0.830680728,1.16774619,1.48513198,-0.0373389758,-0.516541004,0.114332095,-0.137037188,-0.534683049,-0.162192762,0.10423097,0.241166785,-0.426120162,0.113856815,0.0391230956,0.675653875,0.186300546,-0.0561004914,1.11809278,0.834896326,1.1703099,1.36241579,1.13583779,1.51549637,0
-0.565034568,-0.0748546124,-0.60735935,-0.576099455,-0.874807119,-0.868359268,-1.03697288,-1.03036356,-0.912186444,-0.31918028,-0.550839961,-0.108690955,-0.608966768,-0.459825456,0.0250451751,-0.837417126,-0.965545058,-1.03629529,-0.0961113349,-0.426538914,-0.526760519,0.24569647,-0.59987855,-0.544570327,-0.134598926,-0.759320915,-1.10227299,-0.958670855,-0.0218381938,-0.171744451,1
-0.0647757351,0.347097129,-0.0817995965,-0.192270502,-0.018986525,-0.0438302681,-0.661727309,-0.64403522,-0.671195984,0.585095227,-0.449948817,-0.302115768,-0.365195245,-0.354635656,-0.254501969,-0.21591036,-0.207886487,-0.455615908,-0.682264209,-0.0615234151,-0.238711447,-0.13630414,-0.22882317,-0.326162964,-0.244484156,-0.323203176,-0.650041044,-0.694900751,-1.05799925,0.0577472262,1
-0.26377371,-0.90938139,-0.26059413,-0.318562597,-0.158272758,-0.360031307,0.0543949902,-0.360934466,0.0777280256,-0.0945243388,-0.453427821,-0.770572245,-0.486373752,-0.361442059,0.470038623,-0.305439681,-0.0467936024,-0.378267974,0.841494977,-0.113359936,-0.295912683,-0.839119136,-0.272891492,-0.345750272,0.696133435,-0.183772847,0.146637082,-0.261757731,1.56935048,0.136862934,1
-0.664533556,-0.0256269127,-0.700765431,-0.649288297,-0.56751579,-0.970062494,-0.930672467,-0.954327881,0.500388145,-0.206145853,-0.839249372,0.403424263,-0.821147025,-0.598840952,-0.328667551,-0.944274724,-0.794458449,-0.687334001,0.341120571,-0.89868325,-0.737179279,0.161358669,-0.764987886,-0.682375014,-0.424695939,-0.928038001,-0.935859084,-0.861112058,0.974912584,-0.80298686,1
-1.48650587,-0.794516742,-1.4420011,-1.16601288,1.36095238,-0.415864676,-0.604999721,-0.757123053,-0.563677192,1.92031455,-0.8169837,-1.15060592,-0.705626667,-0.646568239,0.367664754,-0.192228407,0.0322612338,-0.237576172,-0.422546059,0.0278945826,-1.34637237,-0.984643161,-1.2479769,-1.02680004,1.77740407,-0.115012676,-0.123315737,-0.14462693,0.0536981113,0.999280334,1
0.269651443,1.52856195,0.248128444,0.170372188,0.456309795,-0.121094614,0.444972336,0.419244409,-0.571092308,0.268598795,0.876943231,0.543426991,0.624036193,0.475538611,1.08364785,-0.0663097501,0.648665249,0.912058294,0.0682973936,0.48621583,0.468132317,1.26436484,0.418393791,0.300284892,1.49609792,-0.120106019,0.644560874,0.572008729,-0.392951339,0.588551939,0
0.385733604,0.436175823,0.444561899,0.408373624,1.14556122,0.99576056,0.811657608,0.909206867,1.05281234,0.83377099,3.36999726,0.00367965363,3.09947228,2.80889559,0.347697109,0.775843501,0.492420048,1.55201066,-0.0532221012,0.895724356,1.42012417,0.343263745,1.47309589,1.51019251,0.867554426,0.927849889,0.733406126,1.48737538,0.180139318,1.17322266,0
-0.813782036,0.513533652,-0.836264431,-0.754944444,0.413231581,-0.833768904,-1.01851082,-0.972625196,-0.689733744,-0.183538958,-0.399503261,0.860275269,-0.416118503,-0.43981877,-0.0611643791,-0.925098121,-0.92303443,-0.928171039,0.75214237,-0.726326764,-0.788251817,0.553281367,-0.813756883,-0.725883126,-0.165366784,-0.914667964,-1.14737904,-1.07715666,0.135802791,-0.710404634,1
-0.744685531,-1.96894908,-0.740453005,-0.691660821,-0.166170433,-0.700859189,-0.684213936,-0.579486191,-0.496941417,-0.227339804,-0.906394124,-1.38216305,-0.823976099,-0.614928842,-0.336274266,-0.587312639,-0.618449569,-0.879156888,-0.856203854,-0.663259029,-0.694278359,-1.58823729,-0.682139456,-0.634880066,1.00381207,-0.0984593034,-0.296124578,-0.376780748,0.201486528,0.0751414597,1
-0.335634112,-1.42978847,-0.397696674,-0.381846219,-1.90222251,-1.25656092,-0.844175637,-0.948482871,-1.72043121,-0.979018807,-0.863254488,-1.36687326,-0.81831795,-0.569965363,-0.751157761,-0.693592608,-0.566989362,-0.969531834,-0.528577745,-0.717255414,-0.530846298,-1.65934563,-0.574612677,-0.519609511,-1.57365596,-0.889837921,-0.743279696,-0.917569697,-0.95947361,-0.827114344,1
0.335984111,-0.456955343,0.456588447,0.161292359,2.6891973,2.33613729,1.99476063,1.91022468,2.21327376,1.86803603,0.897121429,-0.280010074,0.570755363,0.39489311,0.966377437,1.17959189,0.675141156,1.53247011,-0.212865368,2.12468195,0.308786035,-0.481923759,0.377263337,0.0901977941,1.95761585,1.24682069,0.839825153,1.63040137,0.598873198,1.97560191,0
-0.993432999,0.907355249,-1.00062716,-0.881786883,0.39169246,-0.679804206,-0.81415087,-0.769575417,-0.393130153,0.398588389,-0.398459554,-0.125270218,-0.264763266,-0.407436818,0.972716391,-0.636986971,-0.48905322,0.104383081,1.66949546,-0.764772236,-1.08038664,-0.223949313,-1.0828675,-0.891075373,-0.776328683,-1.07167029,-1.11926103,-1.25496054,-1.09412527,-0.904546738,1
0.816895902,0.417422414,0.801349223,0.7261675,1.1383816,0.0276063532,0.793770552,1.27845764,-0.274488717,-0.286682874,1.44297707,1.69108093,1.52085137,0.966424286,-0.204741314,-0.432513565,0.495776147,0.908801556,-0.278390586,-0.00363930152,0.974771738,1.25278902,1.06472933,0.841103196,0.568666577,-0.313016504,0.59135139,1.02517545,-0.443856239,-0.443318963,0
-0.653478146,-1.0617528,-0.621390283,-0.629202664,-1.08086455,-0.141397655,-0.273577541,-0.575420141,-1.11980891,0.684000373,-0.726877511,-1.0487355,-0.709870279,-0.562540174,-0.037710309,0.791438937,0.314919561,0.557071984,0.235088855,1.33071911,-0.769865692,-1.31868696,-0.755292892,-0.698495567,-1.08400738,0.158117995,-0.00908615347,-0.135593712,-0.475056022,0.835998952,1
-0.128344536,-0.848432779,-0.177611023,-0.218409389,-0.130271912,-0.711198688,-0.531790435,-0.297910243,-0.311564177,-0.867397308,-0.26834482,-1.01281381,-0.402916193,-0.270690084,-0.199987113,-0.749620616,-0.508071125,-0.134988397,-0.196186215,-0.841231108,-0.279569477,-1.07890308,-0.377480358,-0.335176587,-0.182948425,-0.798157692,-0.573888004,-0.337034583,-0.596570969,-1.05436158,1
-1.30105078,0.576826394,-1.28525519,-1.06173241,-1.17420065,-0.819669604,-0.65572238,-1.11575115,-1.95400643,0.635960698,-0.983627975,-0.0534267202,-0.790498734,-0.691201746,-0.502671421,0.0740491226,0.209761724,-1.0960567,-0.133043736,0.36353606,-1.27752662,0.399488926,-1.18539989,-0.998025656,-1.02686703,-0.418703407,-0.410354167,-1.33942115,-0.84945333,0.458375722,1
1.13750374,-0.121738143,1.14210117,1.04093468,1.3465929,0.834088206,1.1310699,1.44770825,1.07876515,0.0510075018,1.50420761,0.703693271,0.955508888,1.20650446,-1.01485753,0.239822775,-0.132560641,-0.429399043,0.728315055,0.598096311,0.895098627,-0.238832444,0.826760352,0.770034134,-0.174157605,-0.15766944,-0.0417929143,0.269395798,0.209696993,-0.22561048,0
0.167388588,0.555728793,0.149911702,0.0061099045,1.26761615,0.608498871,0.51907599,0.818228364,0.837774694,0.684000373,0.0739891455,-0.112375237,-0.0544690713,-0.00462181028,-1.09092486,0.178596273,-0.223921195,0.14020738,-0.292686999,0.158349827,0.337386638,0.847636819,0.25680989,0.188481107,0.212638423,1.11121035,0.428793907,1.03571415,1.32139432,1.43133068,0
-0.291412324,-1.26100779,-0.364824146,-0.341399729,-0.899218082,-1.25543296,-1.07467628,-1.02169764,-1.29035604,-1.06803346,-0.0133338505,-0.70462358,-0.133683026,-0.15064998,-0.935937822,-1.19836473,-1.07745242,-1.14604795,-0.763277173,-0.634316981,-0.304084271,-1.35176063,-0.381887197,-0.354243904,-1.33454561,-1.24783647,-1.23319769,-1.19368517,-1.29117656,-1.01508427,1
2.90913868,0.558072984,2.95409966,3.26411605,0.499388009,2.001513,1.81844509,2.49218225,0.704303086,0.657154679,2.05319428,-0.572173655,1.98010373,2.05400419,-0.669385433,0.38480252,0.148606092,0.669430077,-0.218822196,0.439994931,2.79908228,0.22419861,2.9009099,3.05984497,0.0983577743,1.04627013,0.951613903,2.00076342,0.433021724,0.719289243,0
-0.382619739,-0.363188297,-0.43417719,-0.422017574,-1.22661257,-1.10748398,-0.953797936,-0.779740572,-1.26811075,-1.03129721,-0.368540138,-0.603121638,-0.349635363,-0.352160603,0.0748058334,-0.792363703,-0.982288301,-1.01545203,-0.146148771,-1.10646129,-0.489988267,-0.763049722,-0.531425714,-0.502622247,-1.10598433,-1.00857651,-1.15289533,-1.18164086,-1.19593513,-1.3264972,1
-0.4987019,-0.778107524,-0.520367384,-0.525472522,-1.09450603,-0.594080269,-0.641795993,-0.825738132,-0.496941417,-1.13020241,-0.567539155,-0.691728592,-0.54861331,-0.453637809,-0.350219935,-0.19280602,-0.393590778,-0.883553505,-0.0448825285,-0.871037066,-0.586004615,-0.989604235,-0.596646845,-0.572131276,-0.982912898,-0.569593787,-0.627585649,-1.00052476,-0.675391436,-1.16882694,1
-0.728102386,-0.747633219,-0.753281355,-0.693311691,-0.379407614,-0.851064086,-0.802396476,-0.655979335,-0.619290411,0.138609186,-0.802371919,-0.828047037,-0.830105722,-0.578834295,0.662425399,-0.976736307,-0.832494259,-0.902768373,-0.366551787,-0.316386312,-0.757608294,-0.791162372,-0.8017115,-0.695028782,0.929090142,-0.90702796,-0.842718005,-0.739615202,-0.0694589093,0.209806502,1
3.0722065,1.33399534,3.19463038,3.36592007,0.736318171,3.05238342,3.13314605,3.44262815,0.103680834,0.717910707,1.72547221,0.484478474,2.13664556,1.64355779,0.337554812,1.81784928,0.953697562,1.37451744,-1.18859541,0.929418087,2.81542563,1.33051205,3.07718325,2.92117357,1.11369729,2.24829984,1.83908987,2.59093404,-0.883937299,1.19005585,0
-0.913281024,-2.22915268,-0.923657298,-0.817402661,-0.00749900099,-0.879262745,-0.809551358,-0.81455642,-1.55729926,0.178171247,-0.795065999,-1.48219132,-0.813131332,-0.594715893,0.224404767,-0.90349555,-0.773203135,-1.06088376,-0.963426948,-0.700408518,-0.943512321,-2.24144173,-0.978278637,-0.802152395,0.511526227,-0.81980437,-0.81113404,-1.03244221,-1.31909215,-0.387208521,1
-0.84142065,-0.998460054,-0.81461668,-0.772553802,0.520927131,-0.247424647,-0.443377107,-0.397020936,-0.0928190351,0.894527018,-0.839249372,-0.715676427,-0.705155134,-0.608741164,0.099844642,-0.386304885,-0.154561758,-0.286427498,0.339929193,-0.35612765,-0.878139436,-0.938340068,-0.799067438,-0.757084191,0.432408869,-0.213059574,-0.199956954,-0.106988505,0.669483185,0.387676597,1
-0.58438158,1.32930696,-0.56927532,-0.587105274,0.499388009,-0.224677712,-0.437755436,-0.159917712,0.0703129321,0.813989937,-0.483695149,-0.0128996158,-0.464684218,-0.431568593,0.386364639,-0.300818801,-0.312671423,0.780159712,0.0373218358,-0.0291255899,-0.661591947,0.791411638,-0.660399079,-0.628986537,-0.0378999151,-0.460086852,-0.536787748,0.0842147171,-0.483266473,-0.0774789229,1
-0.473827153,-0.407727659,-0.447807252,-0.527673721,0.585544467,0.480664939,-0.38013348,-0.514174819,-0.0816963986,0.443802178,-0.488913655,-0.622648299,-0.345863283,-0.435487419,-0.122335128,0.669563532,0.590865672,-0.219664022,-0.267668277,1.35750139,-0.416443825,-0.404200673,-0.344576001,-0.478874803,0.471967578,0.667452574,0.242804721,-0.249412313,-0.122005902,1.56599569,1
