0,-0.32890445,-1.10410953,-0.921095729,-1.107234,-1.00733483,-0.407344818,-0.114585042,-0.0596355125,-0.623986244,-1.17356813,1.00716376,0.155584782,-1.33734202,-0.517234027,-0.125630632,-0.0399202406,-0.716925859,-0.147976398,1.5438658,-0.992467821,-1.26353872,-0.551693916,-0.110526666,0,-0.79118371,0.308397144,0.870515406,0.157328367,0.914521337,-0.0917206332,-0.0489115976,0,-0.682535589,0.82537657,1.09957254,0.618928909,0.896135747,2.04555368,0,-0.0533790924,-0.538130045,0.470619142,1.19685352,-1.06754243,-0.595208883,2.26101995,-0.0942896381,-0.0425597429,-0.404258102,-0.290194958,1.23817647,-0.279997826,0.850427151,1.71932638,-0.208661944,-0.0282166321,-0.296499252,-1.10641932,-1.64875674,0.456023633,1.58321595,0.482099682,-0.199069589,6
0,-0.32890445,-1.10410953,-0.443546832,-1.34032607,-1.00733483,2.62782073,13.0649414,-0.0596355125,-0.623986244,-0.621688128,0.756717741,-1.71888876,-0.184027076,3.47324562,0.978688955,-0.0399202406,-0.716925859,0.909879565,0.346151531,-0.992467821,1.15024269,3.20360899,4.23109913,0,0.504605114,1.12007058,0.186296016,0.157328367,1.41981947,2.60834575,20.4450474,0,-0.103428438,1.29847205,1.09957254,0.957481444,0.0397858657,-0.82575953,0,-0.0533790924,-0.538130045,-0.298450351,0.734800398,0.37243703,-1.4814651,-0.800828636,-0.0942896381,-0.0425597429,-0.404258102,-1.3495611,0.663863599,-0.849200904,-1.45342398,-0.7543782,-0.208661944,-0.0282166321,-0.296499252,-1.10641932,0.668684006,-1.79511487,-1.12624967,-0.498878568,-0.199069589,4
0,-0.32890445,-1.10410953,-2.83129144,-0.174865454,-0.120253511,-0.407344818,-0.114585042,-0.0596355125,-0.623986244,-1.90940797,-0.996404767,1.1969589,-1.00782347,-0.517234027,-0.125630632,-0.0399202406,-0.716925859,-1.02952302,1.37276375,1.43526709,-0.780782402,-0.551693916,-0.110526666,0,-0.79118371,0.470731825,-0.497923404,0.969825268,-0.769805908,-0.631733954,-0.0489115976,0,0.765232265,1.14077353,-1.44643283,0.788205206,-0.645294011,0.0356344357,0,-0.0533790924,1.521016,1.39350259,1.35087121,1.33242333,0.468298674,0.141278625,-0.0942896381,-0.0425597429,-0.404258102,-1.3495611,-1.82482529,0.858408391,-1.45342398,-0.7543782,-0.208661944,-0.0282166321,-0.296499252,-1.10641932,-2.80747724,0.0467257351,-0.787566423,-0.498878568,-0.199069589,4
0,1.84134698,2.03965139,0.750325441,-1.34032607,-1.00733483,-0.407344818,-0.114585042,-0.0596355125,-0.623986244,-0.0698082,0.255825579,1.1969589,-0.513545632,-0.517234027,-0.125630632,-0.0399202406,-0.716925859,-1.73476028,-0.851562738,1.43526709,0.184730127,-0.551693916,-0.110526666,0,-0.79118371,-1.47728431,-1.01108789,0.969825268,0.577655911,-0.631733954,-0.0489115976,0,-0.682535589,-1.22470379,-1.44643283,0.449652672,0.896135747,-0.538628221,0,-0.0533790924,-0.538130045,-1.0675199,-1.1134119,-0.107556142,1.35455489,0.376805425,-0.0942896381,-0.0425597429,0.150493473,-0.643316984,-0.676199675,0.668674052,1.01498795,-0.548236191,-0.208661944,-0.0282166321,2.89806843,1.84805405,0.436939895,-0.157923222,-0.787566423,-0.498878568,-0.199069589,3
0,0.756221235,1.62048328,0.98909992,-1.107234,-1.00733483,-0.407344818,-0.114585042,-0.0596355125,0.939711332,1.03395164,0.00537951011,0.988684118,-0.843064249,-0.517234027,-0.125630632,-0.0399202406,-0.716925859,-0.147976398,-0.16715458,1.27341807,0.184730127,-0.551693916,-0.110526666,0,-0.79118371,-1.47728431,-1.52425253,0.644826531,0.409223169,-0.631733954,-0.0489115976,0,-0.682535589,-1.22470379,-1.44643283,0.618928909,0.382325828,-0.82575953,0,-0.0533790924,-0.538130045,-1.0675199,0.118729629,1.33242333,-0.772460103,-0.565301836,-0.0942896381,-0.0425597429,-0.404258102,0.239488095,1.23817647,1.23787713,-0.466059208,2.54389453,4.64852428,-0.0282166321,-0.296499252,0.469299793,-0.0265482478,0.251374692,1.58321595,3.42503452,5.39551401,2
0,-0.32890445,2.03965139,0.750325441,-2.27269459,-1.00733483,-0.407344818,-0.114585042,-0.0596355125,-0.623986244,-0.437728167,0.756717741,0.155584782,-1.33734202,-0.517234027,-0.125630632,-0.0399202406,-0.716925859,-1.73476028,0.859457612,1.11156917,-1.26353872,-0.551693916,-0.110526666,0,-0.79118371,-0.340941578,0.528405726,0.969825268,0.914521337,1.7983259,-0.0489115976,0,1.34433937,1.29847205,1.09957254,0.957481444,0.211055845,0.609897077,0,-0.0533790924,-0.194939047,-0.298450351,1.35087121,1.01242793,-1.4814651,-0.800828636,-0.0942896381,-0.0425597429,-0.404258102,0.239488095,1.04673874,-1.22866964,-1.45342398,-0.7543782,-0.208661944,-0.0282166321,1.83321249,2.04501891,-1.88050091,-2.40906167,-1.12624967,-0.498878568,-0.199069589,7
0,-0.32890445,1.62048328,0.511551023,-2.03960252,-1.00733483,-0.407344818,-0.114585042,-0.0596355125,0.626971841,1.03395164,0.756717741,0.155584782,-1.33734202,-0.517234027,-0.125630632,-0.0399202406,1.25009334,0.380951583,-0.509358644,1.43526709,-1.26353872,-0.551693916,-0.110526666,0,0.180657908,-0.503276289,-0.840033114,0.969825268,-1.27510405,-0.631733954,-0.0489115976,0,-0.682535589,-1.22470379,-0.0143048232,0.280376405,-1.5016439,-0.82575953,0,-0.0533790924,-0.538130045,-0.913705945,1.04283583,-0.107556142,-1.4814651,-0.800828636,-0.0942896381,-0.0425597429,0.150493473,1.12229323,1.23817647,0.0994709209,0.192183971,-0.342094123,-0.208661944,-0.0282166321,-0.296499252,1.06019449,-0.0265482478,0.456023633,1.24453282,0.972588837,-0.199069589,2
0,-0.32890445,0.153394848,0.750325441,0.757503033,-0.475086063,-0.407344818,-0.114585042,-0.0596355125,0.939711332,1.03395164,0.255825579,0.988684118,-0.0192677919,-0.517234027,-0.125630632,-0.0399202406,1.5310961,0.557260871,-1.19376683,0.949720144,0.0238113683,-0.551693916,-0.110526666,0,-0.79118371,-1.47728431,-1.01108789,0.969825268,-0.769805908,-0.631733954,-0.0489115976,0,-0.682535589,-1.22470379,0.303945839,0.280376405,-1.5016439,-0.82575953,0,-0.0533790924,-0.538130045,-0.606078148,1.35087121,-0.427551597,0.113796152,1.08338594,-0.0942896381,-0.0425597429,-0.404258102,0.0629270747,1.04673874,1.04814279,1.01498795,-0.13595207,-0.208661944,-0.0282166321,-0.296499252,-0.121594876,0.900428057,0.0467257351,-0.956908047,-0.498878568,-0.199069589,2
0,-0.32890445,-0.894525409,-0.68232125,0.990595162,1.83132553,4.44892025,0.826809704,-0.0596355125,-0.623986244,-0.437728167,0.756717741,-0.0526900552,0.969287932,3.18821144,-0.125630632,-0.0399202406,-0.716925859,0.733570218,-0.16715458,-1.15431678,0.989323914,1.32595754,-0.110526666,0,-0.79118371,-0.503276289,-1.18214285,-0.655168533,1.41981947,0.178286016,-0.0489115976,0,-0.682535589,-1.22470379,0.463071167,0.957481444,1.23867571,2.04555368,0,-0.0533790924,-0.538130045,-1.0675199,-0.189305753,1.33242333,-0.0634551048,-0.800828636,-0.0942896381,-0.0425597429,-0.404258102,-1.3495611,-0.484762043,0.668674052,-1.45342398,-0.7543782,-0.208661944,-0.0282166321,-0.296499252,-1.10641932,0.436939895,-1.18116796,-1.12624967,-0.498878568,-0.199069589,7
0,-0.32890445,0.991731048,0.511551023,-0.174865454,-0.475086063,-0.407344818,-0.114585042,-0.0596355125,0.626971841,1.03395164,0.255825579,-0.885789394,0.969287932,-0.232199743,-0.125630632,-0.0399202406,0.407085121,1.08618891,-0.851562738,-1.15431678,0.506567657,1.63889945,-0.110526666,0,1.80039394,1.12007058,-1.52425253,-1.63016486,0.409223169,0.718299329,-0.0489115976,0,1.63389289,1.29847205,-1.44643283,-1.75093865,0.896135747,0.322765768,0,-0.0533790924,2.20739794,1.39350259,-1.1134119,-1.06754243,1.35455489,-0.565301836,-0.0942896381,-0.0425597429,1.81474817,1.47541523,-1.63338768,0.289205283,1.01498795,-0.7543782,-0.208661944,-0.0282166321,-0.296499252,1.06019449,0.900428057,0.0467257351,-0.618224859,-0.498878568,-0.199069589,0
0,-0.32890445,1.20131516,0.98909992,0.757503033,-0.120253511,-0.407344818,-0.114585042,-0.0596355125,1.87792993,1.03395164,0.50627166,1.1969589,-0.0192677919,-0.517234027,-0.125630632,-0.0399202406,2.37410426,0.0283329226,-1.19376683,1.43526709,0.0238113683,-0.551693916,-0.110526666,0,0.180657908,-1.31494963,-0.497923404,0.969825268,-0.938238621,-0.631733954,-0.0489115976,0,-0.682535589,-1.06700528,0.940447152,-0.0581760854,-1.5016439,-0.82575953,0,-0.0533790924,-0.538130045,0.624433041,1.19685352,-1.06754243,-1.4814651,-0.800828636,-0.0942896381,-0.0425597429,-0.404258102,1.47541523,0.855301201,0.478939652,0.521305561,0.894758165,-0.208661944,-0.0282166321,0.768356621,1.84805405,0.900428057,0.865321517,1.24453282,1.4630779,-0.199069589,2
0,-0.32890445,-0.684941351,0.0340020917,0.0582266748,0.411995322,-0.103828259,-0.114585042,-0.0596355125,-0.623986244,-1.54148805,0.756717741,1.1969589,1.29880655,1.76304007,-0.125630632,-0.0399202406,-0.716925859,-0.853213727,1.5438658,1.43526709,0.989323914,0.38713181,-0.110526666,0,-0.79118371,-0.178606898,1.21262515,0.969825268,0.409223169,-0.631733954,-0.0489115976,0,0.186125115,1.14077353,1.09957254,0.449652672,-1.5016439,-0.82575953,0,-0.0533790924,0.148251966,1.0858748,1.35087121,0.212439299,-1.4814651,-0.800828636,-0.0942896381,-0.0425597429,-0.404258102,0.592610121,1.23817647,-0.0902634487,-1.45342398,-0.7543782,-0.208661944,-0.0282166321,-0.296499252,-0.909454465,-0.721780479,-1.38581693,-1.12624967,-0.498878568,-0.199069589,1
0,0.756221235,1.41089916,0.98909992,0.990595162,1.65390921,-0.407344818,-0.114585042,-0.0596355125,1.56519043,0.482071757,-1.24685085,-0.469239712,1.29880655,-0.517234027,-0.125630632,-0.0399202406,-0.716925859,-1.55845106,-1.19376683,0.140475139,0.989323914,-0.551693916,-0.110526666,0,-0.79118371,-0.340941578,1.04157031,0.969825268,1.41981947,2.33833909,-0.0489115976,0,0.186125115,1.14077353,0.463071167,0.788205206,-0.816564023,-0.251496881,0,-0.0533790924,-0.538130045,-0.913705945,0.734800398,-0.107556142,-1.4814651,-0.800828636,-0.0942896381,-0.0425597429,-0.404258102,-0.99643904,1.23817647,-1.41840398,-1.45342398,-0.7543782,-0.208661944,-0.0282166321,-0.296499252,1.45412421,-0.721780479,-2.40906167,-1.12624967,-0.498878568,-0.199069589,7
0,-0.32890445,-0.684941351,0.98909992,0.0582266748,-0.829918623,-0.407344818,-0.114585042,-0.0596355125,-0.623986244,0.114151776,0.756717741,0.572134435,0.475010067,-0.517234027,-0.125630632,-0.0399202406,-0.154920369,1.08618891,0.346151531,-1.15431678,0.989323914,0.0741898865,-0.110526666,0,0.504605114,1.12007058,0.528405726,-1.63016486,0.577655911,0.718299329,-0.0489115976,0,0.475678682,1.29847205,-0.491680831,-1.75093865,0.553595781,1.18415976,0,-0.0533790924,-0.538130045,1.23968863,-0.959394217,-1.06754243,1.17730367,1.31891274,-0.0942896381,-0.0425597429,-0.404258102,0.416049123,-0.101886839,0.0994709209,1.01498795,-0.342094123,-0.208661944,-0.0282166321,-0.296499252,-0.712489545,0.205195829,0.865321517,0.228483185,-0.498878568,-0.199069589,0
0,-0.32890445,-1.10410953,-1.15987015,0.524410903,-1.00733483,-0.407344818,-0.114585042,-0.0596355125,-0.623986244,-1.72544801,0.50627166,-0.469239712,-1.33734202,-0.232199743,-0.125630632,-0.0399202406,-0.716925859,-0.324285716,1.20166171,-1.15431678,0.184730127,2.8906672,-0.110526666,0,-0.467236519,0.957735896,-0.497923404,-1.46766543,1.08295405,2.06833267,-0.0489115976,0,1.63389289,1.14077353,-1.44643283,-0.396728605,1.23867571,-0.538628221,0,-0.0533790924,2.89377999,1.23968863,0.272747338,1.17242563,1.17730367,-0.800828636,-0.0942896381,-0.0425597429,2.36949968,1.29885423,0.855301201,1.23787713,-0.466059208,-0.7543782,-0.208661944,-0.0282166321,-0.296499252,-1.10641932,-0.95352453,0.660672605,-0.787566423,-0.498878568,-0.199069589,4
0,-0.32890445,0.153394848,0.272776544,-2.73887897,-1.00733483,-0.407344818,-0.114585042,-0.0596355125,-0.623986244,0.849991679,0.00537951011,-2.13543844,-1.33734202,-0.517234027,-0.125630632,-0.0399202406,-0.716925859,1.08618891,-0.16715458,-1.15431678,-1.26353872,-0.551693916,-0.110526666,0,0.180657908,1.12007058,0.870515406,0.157328367,-0.432940423,-0.631733954,-0.0489115976,0,0.765232265,1.29847205,0.463071167,0.111100167,1.23867571,0.897028387,0,-0.0533790924,1.521016,1.39350259,0.272747338,-0.907544732,1.35455489,1.31891274,-0.0942896381,-0.0425597429,-0.404258102,0.945732176,0.855301201,-0.279997826,1.17954874,0.894758165,-0.208661944,-0.0282166321,-0.296499252,-0.318559766,0.668684006,0.865321517,1.07519114,-0.00838943198,-0.199069589,6
0,-0.32890445,0.78214699,0.511551023,0.990595162,1.29907668,0.1996883,-0.114585042,-0.0596355125,-0.623986244,0.482071757,-0.996404767,-1.71888876,-0.348786354,0.622903049,-0.125630632,-0.0399202406,-0.716925859,1.08618891,-0.851562738,0.302324146,0.0238113683,-0.551693916,-0.110526666,0,0.180657908,0.957735896,1.04157031,0.157328367,1.08295405,0.448292673,-0.0489115976,0,0.765232265,1.29847205,-0.491680831,-1.75093865,0.553595781,-0.251496881,0,-0.0533790924,1.17782497,0.00917744078,-1.1134119,-0.74754703,0.822801173,-0.800828636,-0.0942896381,-0.0425597429,-0.404258102,-0.466755986,-0.484762043,0.668674052,-0.466059208,-0.7543782,-0.208661944,-0.0282166321,-0.296499252,0.863229573,0.900428057,-0.567221105,-1.12624967,-0.498878568,-0.199069589,5
0,-0.32890445,-0.684941351,0.750325441,-0.407957584,-0.829918623,-0.407344818,-0.114585042,-0.0596355125,0.00149279006,0.482071757,0.00537951011,0.780409276,0.145491496,-0.517234027,-0.125630632,-0.0399202406,0.969090581,1.08618891,-1.02266479,-0.992467821,0.989323914,0.0741898865,-0.110526666,0,1.80039394,1.12007058,-1.52425253,-1.63016486,0.409223169,0.718299329,-0.0489115976,0,1.63389289,0.983075023,-1.12818217,-1.75093865,-0.131484106,1.47129107,0,-0.0533790924,1.521016,1.0858748,-1.1134119,-1.22754025,-0.0634551048,1.08338594,-0.0942896381,-0.0425597429,0.150493473,1.12229323,0.472425967,-0.279997826,1.01498795,0.482474059,-0.208661944,-0.0282166321,-0.296499252,-0.515524685,0.205195829,0.865321517,0.228483185,-0.253634006,-0.199069589,0
0,-0.32890445,-0.894525409,0.272776544,0.990595162,1.476493,0.806721449,-0.114585042,-0.0596355125,0.00149279006,0.114151776,-0.996404767,-1.30233908,0.475010067,1.47800589,-0.125630632,-0.0399202406,0.969090581,1.08618891,-0.680460691,-0.668769836,0.828405142,0.0741898865,-0.110526666,0,-0.79118371,-0.0162722114,0.870515406,0.644826531,-0.601373136,-0.631733954,-0.0489115976,0,-0.682535589,-0.120814353,1.09957254,-0.0581760854,-1.5016439,-0.82575953,0,-0.0533790924,-0.538130045,0.778246939,0.426765025,1.33242333,-1.30421388,-0.800828636,-0.0942896381,-0.0425597429,-0.404258102,0.592610121,0.0895507634,1.04814279,-0.795180798,-0.7543782,-0.208661944,-0.0282166321,-0.296499252,-0.909454465,0.436939895,0.660672605,-0.956908047,-0.498878568,-0.199069589,8
0,-0.32890445,-1.10410953,-2.83129144,-0.641049683,1.65390921,-0.407344818,-0.114585042,-0.0596355125,-0.623986244,-1.72544801,-0.495512635,1.1969589,1.29880655,-0.232199743,-0.125630632,-0.0399202406,0.688087881,1.08618891,1.37276375,1.11156917,1.3111614,-0.551693916,-0.110526666,0,-0.467236519,-0.178606898,-1.52425253,-0.00517102238,1.41981947,-0.631733954,-0.0489115976,0,-0.682535589,-1.22470379,-1.44643283,0.111100167,1.23867571,-0.82575953,0,-0.0533790924,-0.538130045,-1.0675199,-1.1134119,0.37243703,1.17730367,-0.800828636,-0.0942896381,-0.0425597429,-0.404258102,-1.3495611,-1.82482529,0.478939652,1.17954874,-0.13595207,-0.208661944,-0.0282166321,-0.296499252,-1.10641932,-2.80747724,-0.771870077,1.58321595,0.236855134,-0.199069589,1
0,-0.32890445,-0.894525409,0.511551023,-1.107234,-1.00733483,-0.407344818,-0.114585042,-0.0596355125,-0.623986244,-0.805648148,1.00716376,1.1969589,-1.17258275,-0.517234027,-0.125630632,-0.0399202406,-0.716925859,-0.500595033,1.5438658,1.27341807,-1.26353872,-0.551693916,-0.110526666,0,-0.79118371,-0.503276289,1.21262515,0.8073259,-1.27510405,-0.631733954,-0.0489115976,0,-0.682535589,-0.278512836,1.09957254,0.788205206,-1.5016439,-0.82575953,0,-0.0533790924,-0.538130045,-0.452264249,1.35087121,1.33242333,-1.30421388,-0.800828636,-0.0942896381,-0.0425597429,-0.404258102,-0.643316984,1.23817647,1.23787713,-0.466059208,-0.7543782,-0.208661944,-0.0282166321,-0.296499252,-0.909454465,0.668684006,0.865321517,0.228483185,-0.498878568,-0.199069589,1
0,-0.32890445,-0.475357324,0.0340020917,0.0582266748,-0.475086063,-0.407344818,-0.114585042,-0.0596355125,-0.623986244,-1.17356813,1.00716376,1.1969589,-0.678304911,-0.517234027,-0.125630632,-0.0399202406,-0.716925859,-0.853213727,1.5438658,1.43526709,-0.458944917,-0.551693916,-0.110526666,0,-0.79118371,0.308397144,1.21262515,0.8073259,-1.27510405,-0.631733954,-0.0489115976,0,-0.682535589,0.667678058,1.09957254,0.618928909,-1.5016439,-0.82575953,0,-0.0533790924,-0.538130045,0.932060838,1.35087121,0.212439299,-1.4814651,-0.800828636,-0.0942896381,-0.0425597429,-0.404258102,-0.113633938,1.23817647,0.0994709209,-1.28886318,-0.7543782,-0.208661944,-0.0282166321,-0.296499252,-0.121594876,0.205195829,0.456023633,-0.448883235,-0.498878568,-0.199069589,1
0,-0.32890445,-0.475357324,0.0340020917,0.757503033,0.944244146,0.1996883,-0.114585042,-0.0596355125,-0.623986244,0.114151776,0.255825579,-0.677514553,0.804528654,1.76304007,-0.125630632,-0.0399202406,1.25009334,0.909879565,-1.02266479,-0.345071852,1.15024269,0.38713181,-0.110526666,0,-0.467236519,0.470731825,1.21262515,0.969825268,-0.432940423,-0.631733954,-0.0489115976,0,-0.682535589,-1.22470379,0.622196496,0.788205206,1.0674057,-0.251496881,0,-0.0533790924,-0.538130045,-0.759892046,0.888818085,-1.22754025,0.291047394,0.376805425,-0.0942896381,-0.0425597429,-0.404258102,-0.643316984,0.280988365,-1.0389353,0.356744766,0.482474059,-0.208661944,-0.0282166321,-0.296499252,-0.712489545,0.205195829,0.865321517,0.905849576,-0.498878568,-0.199069589,8
0,-0.32890445,-1.10410953,-2.83129144,-1.57341826,1.476493,0.503204882,-0.114585042,-0.0596355125,-0.623986244,-1.90940797,-2.9999733,-0.2609649,1.29880655,1.76304007,-0.125630632,-0.0399202406,-0.716925859,-1.73476028,0.346151531,1.43526709,1.3111614,1.01301563,-0.110526666,0,-0.467236519,0.633066535,1.04157031,0.319827735,1.41981947,-0.361727297,-0.0489115976,0,0.475678682,0.667678058,-0.969056785,-0.0581760854,1.0674057,-0.82575953,0,-0.0533790924,-0.538130045,-1.0675199,-1.1134119,0.532434762,0.645549893,-0.800828636,-0.0942896381,-0.0425597429,-0.404258102,-1.3495611,-1.82482529,-0.279997826,0.521305561,-0.7543782,-0.208661944,-0.0282166321,-0.296499252,-1.10641932,-2.80747724,-1.38581693,1.07519114,0.482099682,-0.199069589,1
0,-0.32890445,-1.10410953,-0.204772368,-0.407957584,-1.00733483,-0.407344818,-0.114585042,-0.0596355125,-0.623986244,-0.437728167,1.00716376,-1.09406424,-1.33734202,-0.517234027,-0.125630632,-0.0399202406,0.126082376,1.08618891,0.517253578,-0.506920815,0.506567657,-0.551693916,-0.110526666,0,2.77223563,0.633066535,-1.52425253,-0.167670414,1.41981947,-0.631733954,-0.0489115976,0,2.79210711,0.82537657,-0.650806129,0.618928909,1.23867571,1.47129107,0,-0.0533790924,0.491442949,0.778246939,1.04283583,1.33242333,0.468298674,-0.0942482054,-0.0942896381,-0.0425597429,-0.404258102,-1.3495611,0.0895507634,0.289205283,-1.45342398,-0.7543782,-0.208661944,-0.0282166321,-0.296499252,-1.10641932,-0.258292317,-0.771870077,-1.12624967,-0.498878568,-0.199069589,4
0,-0.32890445,-1.10410953,-2.11496806,0.524410903,0.589411557,-0.407344818,-0.114585042,-0.0596355125,-0.623986244,-1.90940797,0.255825579,0.155584782,-1.17258275,-0.517234027,-0.125630632,-0.0399202406,-0.716925859,-0.147976398,1.20166171,-1.15431678,-1.26353872,-0.551693916,-0.110526666,0,0.504605114,1.12007058,-0.840033114,-1.63016486,-0.601373136,-0.0917206332,-0.0489115976,0,2.79210711,0.667678058,-0.332555473,0.618928909,1.23867571,2.04555368,0,-0.0533790924,3.92335296,1.39350259,1.04283583,0.532434762,1.35455489,0.141278625,-0.0942896381,-0.0425597429,0.705245078,-0.99643904,-1.82482529,0.289205283,0.685866356,-0.7543782,-0.208661944,-0.0282166321,-0.296499252,-1.10641932,-2.11224484,0.865321517,0.397824794,-0.498878568,-0.199069589,4
0,-0.32890445,-0.475357324,0.0340020917,0.990595162,0.589411557,-0.407344818,-0.114585042,-0.0596355125,-0.623986244,0.298111767,-0.745958686,0.572134435,1.29880655,2.04807425,-0.125630632,-0.0399202406,0.126082376,1.08618891,-0.338256598,-1.15431678,0.0238113683,3.20360899,-0.110526666,0,-0.79118371,-0.0162722114,1.21262515,-0.00517102238,0.914521337,-0.0917206332,-0.0489115976,0,-0.682535589,-1.22470379,-0.809931457,0.957481444,0.553595781,-0.82575953,0,-0.0533790924,-0.538130045,-1.0675199,0.580782712,0.212439299,1.35455489,-0.800828636,-0.0942896381,-0.0425597429,-0.404258102,-1.1730001,1.04673874,-1.41840398,0.521305561,-0.7543782,-0.208661944,-0.0282166321,-0.296499252,-0.712489545,0.900428057,0.865321517,-0.110200025,-0.498878568,-0.199069589,8
0,-0.32890445,-1.10410953,-0.921095729,0.524410903,-1.00733483,-0.407344818,-0.114585042,-0.0596355125,-0.623986244,-1.54148805,1.00716376,-0.0526900552,-1.33734202,-0.517234027,-0.125630632,-0.0399202406,-0.716925859,0.380951583,1.5438658,-0.992467821,-0.780782402,1.01301563,-0.110526666,0,0.828552306,1.12007058,-0.497923404,-1.30516613,1.41981947,1.7983259,-0.0489115976,0,2.5025537,1.29847205,-1.44643283,-0.396728605,1.23867571,1.18415976,0,-0.0533790924,2.89377999,1.39350259,1.35087121,1.33242333,0.468298674,-0.565301836,-0.0942896381,-0.0425597429,0.150493473,-0.113633938,-0.101886839,1.23787713,-0.795180798,-0.7543782,-0.208661944,-0.0282166321,-0.296499252,-1.10641932,-0.490036398,-0.157923222,-1.12624967,-0.498878568,-0.199069589,4
0,-0.32890445,0.572562933,0.511551023,0.990595162,1.83132553,4.14540386,0.826809704,-0.0596355125,-0.623986244,-0.805648148,-1.49729693,-1.09406424,0.639769375,2.90317702,0.978688955,-0.0399202406,-0.716925859,-1.73476028,-0.851562738,0.62602216,0.66748637,0.38713181,-0.110526666,0,-0.79118371,-0.665610969,0.870515406,-0.167670414,-1.27510405,-0.631733954,-0.0489115976,0,-0.682535589,0.194582611,1.09957254,-0.227452338,-1.5016439,-0.82575953,0,-0.0533790924,-0.538130045,-0.913705945,0.580782712,1.33242333,-0.240706354,-0.800828636,-0.0942896381,-0.0425597429,-0.404258102,-0.99643904,-0.484762043,1.23787713,-0.301498413,-0.7543782,-0.208661944,-0.0282166321,-0.296499252,0.666264713,0.205195829,-1.38581693,-1.12624967,-0.498878568,-0.199069589,3
0,-0.32890445,-1.10410953,-0.443546832,0.291318804,-0.120253511,-0.407344818,-0.114585042,-0.0596355125,0.31423232,0.666031718,1.00716376,0.363859624,1.13404715,-0.517234027,-0.125630632,-0.0399202406,2.0931015,1.08618891,0.175049499,0.62602216,1.3111614,-0.551693916,-0.110526666,0,1.80039394,0.795401216,-0.668978274,0.644826531,0.240790457,-0.631733954,-0.0489115976,0,-0.682535589,-0.120814353,0.781321824,0.957481444,-0.645294011,-0.82575953,0,-0.0533790924,-0.538130045,-1.0675199,0.580782712,1.33242333,1.35455489,-0.565301836,-0.0942896381,-0.0425597429,-0.404258102,-1.3495611,0.855301201,1.23787713,1.17954874,0.0701899752,-0.208661944,-0.0282166321,-0.296499252,-1.10641932,-0.258292317,0.865321517,0.736508012,-0.498878568,-0.199069589,8
0,-0.32890445,0.78214699,0.98909992,-1.57341826,-1.00733483,-0.407344818,-0.114585042,-0.0596355125,1.25245082,1.03395164,1.00716376,0.988684118,-1.33734202,-0.517234027,-0.125630632,-0.0399202406,1.25009334,1.08618891,1.20166171,1.43526709,-0.941701174,-0.551693916,-0.110526666,0,0.180657908,-0.503276289,0.528405726,0.969825268,-1.27510405,-0.631733954,-0.0489115976,0,-0.682535589,-1.22470379,0.940447152,0.280376405,-1.5016439,-0.82575953,0,-0.0533790924,-0.538130045,0.00917744078,1.35087121,-0.267553866,-1.30421388,-0.0942482054,-0.0942896381,-0.0425597429,-0.404258102,0.239488095,1.23817647,0.668674052,1.01498795,0.894758165,-0.208661944,-0.0282166321,-0.296499252,0.272334903,0.900428057,0.865321517,0.228483185,-0.253634006,-0.199069589,2
0,-0.32890445,-0.265773267,0.272776544,0.524410903,0.411995322,-0.407344818,-0.114585042,-0.0596355125,0.31423232,0.666031718,-2.24863505,-1.9271636,1.29880655,0.33786878,-0.125630632,-0.0399202406,1.25009334,-0.147976398,-1.19376683,-1.15431678,0.989323914,1.32595754,-0.110526666,0,1.80039394,-0.82794565,-1.52425253,-1.63016486,1.41981947,0.448292673,-0.0489115976,0,1.63389289,-0.278512836,-1.44643283,-1.75093865,1.23867571,-0.82575953,0,-0.0533790924,0.491442949,0.624433041,-1.1134119,-1.06754243,1.00005245,-0.800828636,-0.0942896381,-0.0425597429,-0.404258102,0.769171178,-1.05907488,-0.659466565,0.356744766,-0.7543782,-0.208661944,-0.0282166321,-0.296499252,-0.121594876,0.900428057,0.456023633,-0.956908047,-0.498878568,-0.199069589,0
0,-0.32890445,-1.10410953,-1.15987015,0.291318804,-1.00733483,-0.407344818,-0.114585042,-0.0596355125,-0.623986244,-1.90940797,0.50627166,-0.885789394,-1.33734202,-0.517234027,-0.125630632,-0.0399202406,-0.716925859,0.0283329226,0.517253578,-0.830618858,-0.298026145,-0.551693916,-0.110526666,0,0.180657908,1.12007058,-1.01108789,-0.167670414,0.914521337,-0.0917206332,-0.0489115976,0,2.5025537,0.667678058,-0.491680831,0.618928909,1.23867571,2.04555368,0,-0.0533790924,3.2369709,1.39350259,1.35087121,1.33242333,0.291047394,-0.0942482054,-0.0942896381,-0.0425597429,0.705245078,0.0629270747,0.0895507634,1.23787713,-1.28886318,-0.7543782,-0.208661944,-0.0282166321,-0.296499252,-1.10641932,-0.721780479,0.251374692,-1.12624967,-0.498878568,-0.199069589,4
0,-0.32890445,0.153394848,0.750325441,-0.174865454,-1.00733483,-0.407344818,-0.114585042,-0.0596355125,1.25245082,1.03395164,0.255825579,1.1969589,-1.33734202,-0.517234027,-0.125630632,-0.0399202406,-0.154920369,-0.500595033,1.03055966,0.302324146,-1.26353872,-0.551693916,-0.110526666,0,-0.79118371,-0.99028033,1.21262515,0.8073259,-0.432940423,-0.631733954,-0.0489115976,0,-0.682535589,-1.22470379,-0.969056785,0.111100167,1.23867571,-0.251496881,0,-0.0533790924,-0.538130045,-1.0675199,-1.1134119,-1.22754025,1.35455489,0.847859085,-0.0942896381,-0.0425597429,-0.404258102,1.47541523,0.280988365,0.0994709209,1.17954874,0.688616097,-0.208661944,-0.0282166321,-0.296499252,-0.121594876,0.900428057,0.660672605,0.397824794,-0.498878568,-0.199069589,3
0,-0.32890445,0.153394848,-0.204772368,0.291318804,0.0571627617,-0.407344818,-0.114585042,-0.0596355125,1.56519043,0.666031718,-1.49729693,-0.677514553,0.804528654,-0.517234027,-0.125630632,-0.0399202406,2.0931015,-0.500595033,-1.19376683,-0.0213738531,0.345648885,-0.551693916,-0.110526666,0,0.504605114,0.633066535,0.528405726,0.8073259,0.409223169,-0.631733954,-0.0489115976,0,-0.682535589,-1.06700528,-0.809931457,-1.75093865,0.553595781,-0.82575953,0,-0.0533790924,-0.538130045,-1.0675199,-1.1134119,-1.22754025,0.468298674,-0.565301836,-0.0942896381,-0.0425597429,-0.404258102,0.0629270747,-1.44195008,-1.79787278,0.521305561,-0.7543782,-0.208661944,-0.0282166321,-0.296499252,0.0753700212,0.436939895,0.660672605,0.905849576,-0.498878568,-0.199069589,9
0,1.84134698,2.24923539,-0.443546832,-2.73887897,-1.00733483,-0.407344818,-0.114585042,-0.0596355125,1.56519043,1.03395164,1.00716376,-1.51061392,-1.33734202,-0.517234027,-0.125630632,-0.0399202406,0.126082376,0.0283329226,0.859457612,0.140475139,-1.26353872,-0.551693916,-0.110526666,0,-0.79118371,-1.47728431,-0.326868534,-0.00517102238,-1.27510405,-0.631733954,-0.0489115976,0,-0.682535589,-1.22470379,0.144820511,0.280376405,-1.5016439,-0.82575953,0,-0.0533790924,-0.538130045,0.162991345,1.19685352,1.17242563,0.645549893,0.376805425,-0.0942896381,-0.0425597429,0.705245078,1.47541523,1.23817647,1.23787713,1.17954874,2.33775258,1.73421252,-0.0282166321,1.83321249,1.84805405,0.436939895,0.0467257351,0.905849576,1.2178334,-0.199069589,2
0,1.84134698,1.62048328,0.272776544,-0.174865454,0.589411557,-0.407344818,-0.114585042,-0.0596355125,2.50340891,1.03395164,1.00716376,1.1969589,1.13404715,2.33310866,-0.125630632,-0.0399202406,2.37410426,1.08618891,0.346151531,-1.15431678,-1.26353872,-0.551693916,-0.110526666,0,0.180657908,0.957735896,1.21262515,-0.330169797,-1.27510405,-0.631733954,-0.0489115976,0,-0.682535589,-0.909306765,0.303945839,0.618928909,-1.5016439,-0.82575953,0,-0.0533790924,-0.538130045,-1.0675199,0.118729629,1.33242333,-1.4814651,-0.800828636,-0.0942896381,-0.0425597429,-0.404258102,-1.1730001,0.280988365,0.289205283,-1.45342398,-0.7543782,-0.208661944,-0.0282166321,0.768356621,2.04501891,0.668684006,-1.5904659,-1.12624967,-0.498878568,-0.199069589,5
0,-0.32890445,-0.475357324,0.272776544,0.757503033,-0.120253511,-0.407344818,-0.114585042,-0.0596355125,-0.311246723,0.849991679,0.255825579,-0.0526900552,1.13404715,-0.517234027,-0.125630632,-0.0399202406,-0.154920369,1.08618891,-0.680460691,-0.830618858,0.184730127,-0.551693916,-0.110526666,0,-0.79118371,0.470731825,0.699460566,0.644826531,-0.0960749909,-0.631733954,-0.0489115976,0,-0.682535589,0.352281094,1.09957254,-0.227452338,-1.5016439,-0.82575953,0,-0.0533790924,-0.194939047,1.39350259,-0.497341156,0.212439299,0.468298674,-0.565301836,-0.0942896381,-0.0425597429,-0.404258102,1.29885423,-1.25051248,-1.79787278,-0.136937618,0.894758165,-0.208661944,-0.0282166321,-0.296499252,-0.515524685,-0.0265482478,0.660672605,0.905849576,1.2178334,-0.199069589,8
0,-0.32890445,-0.684941351,-0.443546832,-1.107234,-1.00733483,-0.407344818,-0.114585042,-0.0596355125,-0.623986244,0.666031718,1.00716376,1.1969589,1.13404715,-0.232199743,-0.125630632,-0.0399202406,0.407085121,1.08618891,0.00394746149,-0.668769836,1.3111614,1.63889945,-0.110526666,0,0.828552306,1.12007058,0.186296016,-0.492669165,1.41981947,0.448292673,-0.0489115976,0,-0.682535589,-0.436211318,0.781321824,0.618928909,1.23867571,0.322765768,0,-0.0533790924,-0.538130045,-1.0675199,-1.1134119,-1.22754025,1.35455489,-0.329775035,-0.0942896381,-0.0425597429,-0.404258102,-0.643316984,-0.484762043,-0.469732195,1.17954874,-0.342094123,-0.208661944,-0.0282166321,-0.296499252,-0.121594876,-0.0265482478,0.865321517,0.905849576,-0.498878568,-0.199069589,9
0,-0.32890445,0.362978905,0.750325441,0.0582266748,-1.00733483,-0.407344818,-0.114585042,-0.0596355125,0.31423232,0.849991679,-0.996404767,0.780409276,-1.00782347,-0.517234027,-0.125630632,-0.0399202406,-0.716925859,-0.853213727,-0.851562738,0.62602216,-1.26353872,-0.551693916,-0.110526666,0,-0.79118371,-1.31494963,0.357350856,-0.330169797,-0.938238621,-0.631733954,-0.0489115976,0,-0.682535589,0.0368841328,1.09957254,0.957481444,1.0674057,0.322765768,0,-0.0533790924,-0.538130045,-0.913705945,-0.497341156,-0.907544732,0.645549893,0.612332284,-0.0942896381,-0.0425597429,-0.404258102,-0.99643904,-1.05907488,0.668674052,0.521305561,-0.7543782,-0.208661944,-0.0282166321,-0.296499252,-0.121594876,0.205195829,-0.567221105,-0.956908047,-0.498878568,-0.199069589,3
0,-0.32890445,-1.10410953,-0.921095729,0.757503033,0.766827881,-0.407344818,-0.114585042,-0.0596355125,-0.623986244,-0.437728167,0.255825579,-0.885789394,-1.17258275,-0.517234027,-0.125630632,-0.0399202406,-0.4359231,1.08618891,-0.851562738,-1.15431678,-1.26353872,-0.551693916,-0.110526666,0,0.504605114,0.308397144,-1.52425253,-1.63016486,-1.27510405,-0.631733954,-0.0489115976,0,0.475678682,1.29847205,0.463071167,0.280376405,0.0397858657,-0.251496881,0,-0.0533790924,-0.194939047,1.23968863,-0.959394217,-1.22754025,0.113796152,1.55443954,-0.0942896381,-0.0425597429,-0.404258102,0.416049123,-0.101886839,-1.0389353,0.685866356,-0.13595207,-0.208661944,-0.0282166321,-0.296499252,-1.10641932,-0.258292317,0.660672605,-0.279541612,-0.498878568,-0.199069589,6
0,-0.32890445,-0.684941351,-0.204772368,0.990595162,-0.297669798,-0.407344818,-0.114585042,-0.0596355125,-0.623986244,0.298111767,-0.745958686,0.155584782,1.13404715,-0.232199743,-0.125630632,-0.0399202406,-0.716925859,-1.38214171,-1.19376683,-0.506920815,1.3111614,-0.551693916,-0.110526666,0,-0.79118371,-1.47728431,-1.18214285,-0.330169797,1.25138676,-0.361727297,-0.0489115976,0,0.475678682,1.29847205,1.09957254,0.957481444,1.0674057,1.18415976,0,-0.0533790924,0.491442949,-0.144636467,-0.497341156,1.33242333,-0.949711382,-0.800828636,-0.0942896381,-0.0425597429,-0.404258102,-1.3495611,-0.676199675,0.289205283,-1.45342398,-0.7543782,-0.208661944,-0.0282166321,-0.296499252,-1.10641932,-0.0265482478,-0.976518989,-1.12624967,-0.498878568,-0.199069589,7
0,-0.32890445,-0.0561892018,-0.443546832,-0.874141812,0.411995322,-0.407344818,-0.114585042,-0.0596355125,-0.623986244,-1.90940797,1.00716376,1.1969589,1.13404715,0.0528345145,-0.125630632,-0.0399202406,-0.716925859,-0.500595033,1.5438658,1.43526709,0.828405142,-0.551693916,-0.110526666,0,-0.79118371,0.146062478,1.21262515,0.969825268,-0.601373136,-0.631733954,-0.0489115976,0,-0.682535589,0.194582611,1.09957254,0.957481444,-1.5016439,-0.82575953,0,-0.0533790924,-0.538130045,0.470619142,1.35087121,1.33242333,-1.4814651,-0.800828636,-0.0942896381,-0.0425597429,-0.404258102,0.0629270747,1.23817647,1.04814279,-1.45342398,-0.7543782,-0.208661944,-0.0282166321,-0.296499252,-0.712489545,-0.258292317,-0.567221105,-1.12624967,-0.498878568,-0.199069589,1
0,-0.32890445,-1.10410953,-1.15987015,0.291318804,0.766827881,-0.407344818,-0.114585042,-0.0596355125,-0.623986244,-0.0698082,0.255825579,-1.09406424,0.804528654,-0.517234027,-0.125630632,-0.0399202406,1.25009334,0.380951583,-1.19376683,0.140475139,0.0238113683,-0.551693916,-0.110526666,0,1.15249956,-0.503276289,-1.01108789,0.8073259,-1.10667133,-0.631733954,-0.0489115976,0,-0.682535589,-1.22470379,-1.12818217,0.449652672,0.0397858657,-0.82575953,0,-0.0533790924,-0.538130045,-1.0675199,-1.1134119,-1.22754025,0.468298674,0.847859085,-0.0942896381,-0.0425597429,-0.404258102,-0.466755986,-0.101886839,-1.60813844,-1.12430239,1.71932638,-0.208661944,-0.0282166321,-0.296499252,-1.10641932,-0.721780479,0.660672605,1.58321595,1.70832253,-0.199069589,3
0,-0.32890445,1.20131516,0.750325441,0.757503033,1.83132553,2.32430434,-0.114585042,-0.0596355125,0.626971841,1.03395164,0.50627166,-0.469239712,0.145491496,0.33786878,-0.125630632,-0.0399202406,0.407085121,0.380951583,-1.19376683,-1.15431678,-1.26353872,-0.551693916,-0.110526666,0,1.15249956,1.12007058,1.04157031,-1.1426667,-1.27510405,-0.631733954,-0.0489115976,0,0.186125115,0.509979606,0.303945839,0.280376405,-1.5016439,-0.82575953,0,-0.0533790924,-0.538130045,-1.0675199,-0.80537653,1.33242333,-1.4814651,-0.800828636,-0.0942896381,-0.0425597429,0.705245078,0.769171178,-0.101886839,1.23787713,-1.45342398,-0.7543782,-0.208661944,-0.0282166321,-0.296499252,1.06019449,0.900428057,-0.771870077,-1.12624967,-0.498878568,-0.199069589,5
0,-0.32890445,-0.475357324,0.750325441,-1.34032607,-1.00733483,-0.407344818,-0.114585042,-0.0596355125,-0.311246723,0.666031718,0.255825579,-1.30233908,-1.33734202,-0.517234027,-0.125630632,-0.0399202406,0.407085121,1.08618891,-0.338256598,1.43526709,-0.137107387,-0.551693916,-0.110526666,0,1.80039394,1.12007058,-0.155813694,0.969825268,0.240790457,0.718299329,-0.0489115976,0,2.21300006,1.29847205,0.781321824,0.957481444,1.23867571,1.75842237,0,-0.0533790924,0.491442949,0.624433041,1.35087121,0.532434762,-1.12696266,-0.800828636,-0.0942896381,-0.0425597429,-0.404258102,-0.643316984,1.23817647,-0.279997826,-1.45342398,-0.7543782,-0.208661944,-0.0282166321,-0.296499252,-0.121594876,0.668684006,-1.5904659,-1.12624967,-0.498878568,-0.199069589,4
0,-0.32890445,-1.10410953,-0.921095729,0.291318804,-1.00733483,-0.407344818,-0.114585042,-0.0596355125,-0.623986244,-1.90940797,0.50627166,-0.885789394,-1.33734202,-0.517234027,-0.125630632,-0.0399202406,-0.716925859,-0.67690438,0.859457612,-1.15431678,-1.26353872,-0.551693916,-0.110526666,0,-0.79118371,-0.178606898,0.699460566,-0.330169797,-0.938238621,-0.631733954,-0.0489115976,0,-0.682535589,0.82537657,1.09957254,0.449652672,0.896135747,0.322765768,0,-0.0533790924,-0.538130045,0.624433041,0.118729629,-0.907544732,-0.949711382,2.26101995,-0.0942896381,-0.0425597429,-0.404258102,-0.113633938,0.280988365,-0.849200904,0.521305561,1.51318431,-0.208661944,-0.0282166321,-0.296499252,-0.909454465,-0.258292317,0.0467257351,-0.448883235,-0.498878568,-0.199069589,6
0,-0.32890445,0.362978905,0.511551023,-1.57341826,-1.00733483,-0.407344818,-0.114585042,-0.0596355125,0.939711332,1.03395164,1.00716376,0.155584782,-1.33734202,-0.517234027,-0.125630632,-0.0399202406,-0.154920369,0.733570218,-0.851562738,1.11156917,-1.26353872,-0.551693916,-0.110526666,0,-0.79118371,-1.47728431,-0.668978274,0.969825268,-1.27510405,-0.631733954,-0.0489115976,0,-0.682535589,-1.22470379,-0.17343016,0.957481444,-1.5016439,-0.82575953,0,-0.0533790924,-0.538130045,-1.0675199,0.580782712,0.692432463,-1.4814651,-0.800828636,-0.0942896381,-0.0425597429,-0.404258102,0.592610121,1.23817647,0.858408391,-0.136937618,1.30704224,-0.208661944,-0.0282166321,-0.296499252,0.272334903,-0.0265482478,0.0467257351,0.905849576,3.17978978,0.818127453,2
0,-0.32890445,1.41089916,0.272776544,0.0582266748,1.12166035,3.23485398,-0.114585042,-0.0596355125,-0.623986244,1.03395164,0.255825579,0.363859624,0.475010067,2.61814284,-0.125630632,-0.0399202406,-0.716925859,1.08618891,1.03055966,0.62602216,-0.941701174,-0.551693916,-0.110526666,0,0.180657908,1.12007058,0.870515406,0.969825268,-0.0960749909,-0.631733954,-0.0489115976,0,-0.682535589,-1.22470379,-1.44643283,0.111100167,0.382325828,-0.82575953,0,-0.0533790924,-0.538130045,-1.0675199,-1.1134119,0.0524415746,0.468298674,-0.800828636,-0.0942896381,-0.0425597429,0.150493473,1.12229323,0.280988365,1.04814279,0.0276231728,-0.7543782,-0.208661944,-0.0282166321,-0.296499252,0.863229573,0.436939895,0.0467257351,-1.12624967,-0.498878568,-0.199069589,5
0,-0.32890445,1.62048328,0.750325441,-0.174865454,1.12166035,2.93133736,-0.114585042,-0.0596355125,0.626971841,1.03395164,0.756717741,1.1969589,0.804528654,2.04807425,0.978688955,-0.0399202406,0.126082376,1.08618891,0.346151531,-1.15431678,-1.26353872,-0.551693916,-0.110526666,0,-0.79118371,0.470731825,1.21262515,-0.167670414,-1.27510405,-0.631733954,-0.0489115976,0,-0.682535589,-1.22470379,0.463071167,0.618928909,-1.33037388,-0.82575953,0,-0.0533790924,-0.194939047,-0.913705945,-0.0352880657,1.33242333,-1.12696266,-0.800828636,-0.0942896381,-0.0425597429,4.03375435,0.769171178,0.280988365,1.23787713,-0.959741592,-0.7543782,-0.208661944,-0.0282166321,0.768356621,1.45412421,0.900428057,0.0467257351,-1.12624967,-0.498878568,-0.199069589,5
0,1.84134698,1.41089916,0.272776544,0.990595162,1.65390921,-0.103828259,-0.114585042,-0.0596355125,1.87792993,1.03395164,0.50627166,0.155584782,-0.184027076,-0.517234027,-0.125630632,-0.0399202406,1.5310961,1.08618891,0.00394746149,-1.15431678,-1.26353872,-0.551693916,-0.110526666,0,1.47644675,1.12007058,1.21262515,0.157328367,-1.10667133,-0.631733954,-0.0489115976,0,-0.682535589,-0.909306765,-0.491680831,0.788205206,0.0397858657,-0.82575953,0,-0.0533790924,-0.538130045,-1.0675199,-1.1134119,0.212439299,1.17730367,-0.800828636,-0.0942896381,-0.0425597429,-0.404258102,-1.1730001,-0.484762043,1.23787713,0.356744766,-0.7543782,-0.208661944,-0.0282166321,0.768356621,2.04501891,0.900428057,0.251374692,-0.956908047,-0.498878568,-0.199069589,5
0,-0.32890445,0.362978905,0.750325441,-1.34032607,-1.00733483,-0.407344818,-0.114585042,-0.0596355125,0.626971841,1.03395164,-0.745958686,0.780409276,-0.843064249,-0.517234027,-0.125630632,-0.0399202406,-0.154920369,0.733570218,-1.19376683,0.949720144,-0.298026145,-0.551693916,-0.110526666,0,-0.79118371,-1.15261495,-1.52425253,0.157328367,0.409223169,-0.631733954,-0.0489115976,0,-0.682535589,-1.22470379,-1.44643283,0.449652672,-0.474024057,-0.82575953,0,-0.0533790924,-0.538130045,-1.0675199,-0.343323469,1.17242563,-0.240706354,-0.800828636,-0.0942896381,-0.0425597429,-0.404258102,0.239488095,1.23817647,1.23787713,1.17954874,2.33775258,-0.208661944,-0.0282166321,-0.296499252,0.0753700212,0.668684006,-0.976518989,-0.448883235,0.972588837,0.309528947,2
0,-0.32890445,0.78214699,0.272776544,0.524410903,1.65390921,3.53837061,-0.114585042,-0.0596355125,-0.623986244,1.03395164,0.255825579,0.363859624,0.639769375,0.907937288,-0.125630632,-0.0399202406,0.407085121,1.08618891,-1.19376683,-1.15431678,-1.26353872,-0.551693916,-0.110526666,0,1.80039394,1.12007058,1.21262515,0.157328367,-1.10667133,-0.631733954,-0.0489115976,0,-0.392982006,-0.120814353,-0.17343016,0.957481444,0.553595781,-0.82575953,0,-0.0533790924,-0.538130045,-1.0675199,-1.1134119,0.212439299,0.822801173,-0.800828636,-0.0942896381,-0.0425597429,-0.404258102,0.769171178,-0.293324441,0.478939652,0.192183971,-0.7543782,-0.208661944,-0.0282166321,-0.296499252,0.863229573,0.900428057,0.251374692,-0.618224859,-0.498878568,-0.199069589,5
0,-0.32890445,-0.475357324,0.750325441,-1.107234,-1.00733483,-0.407344818,-0.114585042,-0.0596355125,0.31423232,0.849991679,-0.245066568,-1.9271636,-1.17258275,1.47800589,-0.125630632,-0.0399202406,1.5310961,1.08618891,-0.851562738,-1.15431678,0.828405142,4.1424346,-0.110526666,0,1.80039394,1.12007058,0.699460566,0.644826531,1.41981947,0.718299329,-0.0489115976,0,-0.682535589,0.0368841328,-0.0143048232,0.788205206,0.724865794,-0.82575953,0,-0.0533790924,-0.538130045,-1.0675199,0.118729629,1.33242333,-1.12696266,-0.800828636,-0.0942896381,-0.0425597429,-0.404258102,-1.3495611,0.472425967,0.478939652,-1.45342398,-0.7543782,-0.208661944,-0.0282166321,-0.296499252,-0.515524685,0.900428057,-1.5904659,-1.12624967,-0.498878568,-0.199069589,4
0,-0.32890445,-0.265773267,-0.68232125,0.291318804,1.29907668,-0.407344818,-0.114585042,-0.0596355125,-0.311246723,0.482071757,0.756717741,-0.885789394,-1.00782347,-0.517234027,-0.125630632,-0.0399202406,-0.716925859,-0.147976398,0.00394746149,-1.15431678,-1.26353872,-0.551693916,-0.110526666,0,-0.79118371,0.633066535,-1.01108789,-0.980167329,-1.27510405,-0.631733954,-0.0489115976,0,-0.103428438,1.29847205,1.09957254,0.957481444,-0.131484106,-0.82575953,0,-0.0533790924,0.148251966,0.624433041,-0.651358843,-1.22754025,0.291047394,0.141278625,-0.0942896381,-0.0425597429,-0.404258102,-0.99643904,-0.867637277,-1.0389353,1.01498795,-0.548236191,-0.208661944,-0.0282166321,-0.296499252,-0.515524685,-0.0265482478,0.456023633,0.228483185,-0.498878568,-0.199069589,5
0,-0.32890445,-0.265773267,0.750325441,0.0582266748,-0.829918623,-0.407344818,-0.114585042,-0.0596355125,-0.623986244,0.298111767,-0.245066568,0.572134435,0.804528654,-0.232199743,-0.125630632,-0.0399202406,0.126082376,0.380951583,-1.19376683,-1.15431678,0.989323914,1.32595754,-0.110526666,0,1.80039394,0.470731825,-1.52425253,-1.63016486,0.577655911,1.52831924,-0.0489115976,0,1.63389289,0.667678058,-1.44643283,-1.75093865,-0.131484106,1.47129107,0,-0.0533790924,1.521016,0.932060838,-1.1134119,-1.22754025,0.468298674,0.847859085,-0.0942896381,-0.0425597429,1.81474817,1.47541523,-0.484762043,0.0994709209,1.01498795,-0.342094123,-0.208661944,-0.0282166321,-0.296499252,0.272334903,0.205195829,0.0467257351,-0.787566423,-0.498878568,-0.199069589,0
0,-0.32890445,-0.684941351,0.0340020917,0.0582266748,-0.652502358,-0.407344818,-0.114585042,-0.0596355125,-0.623986244,-0.0698082,1.00716376,1.1969589,0.145491496,-0.517234027,-0.125630632,-0.0399202406,0.126082376,1.08618891,1.5438658,0.140475139,1.15024269,0.38713181,-0.110526666,0,1.15249956,1.12007058,-0.497923404,-1.63016486,0.914521337,1.52831924,-0.0489115976,0,1.63389289,1.29847205,-0.809931457,-1.75093865,1.0674057,1.47129107,0,-0.0533790924,1.17782497,1.39350259,0.118729629,0.692432463,1.35455489,0.612332284,-0.0942896381,-0.0425597429,-0.404258102,1.29885423,1.23817647,1.23787713,1.01498795,-0.342094123,-0.208661944,-0.0282166321,-0.296499252,-0.515524685,0.205195829,0.0467257351,-0.618224859,-0.498878568,-0.199069589,0
0,-0.32890445,-1.10410953,-1.39864469,0.524410903,-0.829918623,-0.407344818,-0.114585042,-0.0596355125,-0.623986244,-1.54148805,1.00716376,-0.0526900552,-1.33734202,-0.517234027,-0.125630632,-0.0399202406,-0.716925859,0.204642251,1.37276375,-0.830618858,-1.26353872,-0.551693916,-0.110526666,0,-0.79118371,0.633066535,0.699460566,-0.330169797,-0.432940423,-0.631733954,-0.0489115976,0,-0.103428438,1.29847205,0.781321824,0.280376405,1.23867571,0.0356344357,0,-0.0533790924,-0.194939047,1.39350259,0.580782712,-1.22754025,-0.595208883,2.02549314,-0.0942896381,-0.0425597429,-0.404258102,0.592610121,1.04673874,-0.849200904,0.521305561,1.71932638,-0.208661944,-0.0282166321,-0.296499252,-1.10641932,-0.721780479,0.660672605,1.24453282,0.972588837,-0.199069589,6
0,-0.32890445,1.41089916,0.98909992,0.990595162,1.83132553,4.14540386,-0.114585042,-0.0596355125,-0.623986244,-1.35752809,-1.99818909,-1.71888876,-0.0192677919,3.75828004,-0.125630632,-0.0399202406,-0.716925859,-1.73476028,-0.851562738,-0.506920815,0.506567657,2.8906672,-0.110526666,0,-0.79118371,-0.503276289,1.04157031,0.969825268,1.41981947,2.60834575,-0.0489115976,0,-0.682535589,-0.436211318,-0.491680831,0.788205206,-0.302754074,-0.251496881,0,-0.0533790924,-0.538130045,-1.0675199,0.426765025,0.852430165,-1.4814651,-0.800828636,-0.0942896381,-0.0425597429,-0.404258102,-0.643316984,1.23817647,-1.41840398,-1.45342398,-0.7543782,-0.208661944,-0.0282166321,-0.296499252,1.65108919,-0.258292317,-2.40906167,-1.12624967,-0.498878568,-0.199069589,7
0,-0.32890445,0.362978905,0.511551023,-0.407957584,-1.00733483,-0.407344818,-0.114585042,-0.0596355125,1.56519043,0.849991679,-1.99818909,-0.2609649,0.475010067,-0.517234027,-0.125630632,-0.0399202406,1.81209886,0.557260871,-1.19376683,-0.0213738531,1.3111614,-0.551693916,-0.110526666,0,0.180657908,0.957735896,1.21262515,0.969825268,1.41981947,0.178286016,-0.0489115976,0,-0.682535589,-1.22470379,-0.809931457,-1.07383358,0.553595781,1.47129107,0,-0.0533790924,-0.538130045,-1.0675199,-1.1134119,-1.22754025,-0.772460103,2.02549314,-0.0942896381,-0.0425597429,-0.404258102,0.592610121,-0.867637277,-1.79787278,-0.301498413,1.92546833,-0.208661944,-0.0282166321,-0.296499252,-0.121594876,0.205195829,0.865321517,1.24453282,0.972588837,-0.199069589,9
0,-0.32890445,-0.894525409,-0.204772368,0.524410903,-1.00733483,-0.407344818,-0.114585042,-0.0596355125,-0.623986244,-0.253768176,1.00716376,0.363859624,-1.33734202,-0.517234027,-0.125630632,-0.0399202406,-0.4359231,1.08618891,0.00394746149,-1.15431678,-1.26353872,-0.551693916,-0.110526666,0,1.47644675,1.12007058,-0.668978274,-0.817667961,-0.601373136,-0.631733954,-0.0489115976,0,1.34433937,1.29847205,1.09957254,0.957481444,1.23867571,0.609897077,0,-0.0533790924,-0.538130045,1.39350259,0.888818085,-0.587549329,0.822801173,0.847859085,-0.0942896381,-0.0425597429,-0.404258102,0.239488095,1.23817647,0.858408391,1.17954874,0.0701899752,-0.208661944,-0.0282166321,-0.296499252,-0.909454465,-0.258292317,0.456023633,0.397824794,-0.498878568,-0.199069589,6
0,0.756221235,1.20131516,-0.443546832,-0.874141812,-0.829918623,-0.103828259,-0.114585042,-0.0596355125,0.31423232,0.849991679,-0.245066568,-1.51061392,0.639769375,1.19297159,-0.125630632,-0.0399202406,-0.716925859,-1.02952302,1.5438658,1.43526709,0.66748637,-0.551693916,-0.110526666,0,-0.79118371,-1.47728431,0.357350856,0.969825268,-0.432940423,-0.631733954,-0.0489115976,0,-0.682535589,-0.436211318,0.622196496,0.280376405,0.553595781,-0.82575953,0,-0.0533790924,-0.538130045,0.932060838,-0.0352880657,-1.06754243,1.35455489,0.141278625,-0.0942896381,-0.0425597429,0.150493473,1.29885423,-1.05907488,-0.469732195,0.850427151,-0.7543782,-0.208661944,-0.0282166321,0.768356621,1.65108919,0.436939895,-0.771870077,-0.956908047,-0.498878568,-0.199069589,8
0,-0.32890445,-1.10410953,-2.83129144,-0.407957584,1.29907668,1.71727109,-0.114585042,-0.0596355125,-0.623986244,-1.90940797,-1.74774301,1.1969589,1.29880655,2.61814284,-0.125630632,-0.0399202406,-0.716925859,-1.02952302,1.20166171,1.43526709,1.3111614,1.63889945,-0.110526666,0,0.180657908,0.795401216,1.21262515,0.969825268,1.41981947,0.448292673,-0.0489115976,0,1.34433937,1.29847205,1.09957254,0.957481444,1.23867571,0.322765768,0,-0.0533790924,-0.538130045,-0.759892046,0.888818085,1.33242333,1.35455489,-0.0942482054,-0.0942896381,-0.0425597429,-0.404258102,-1.3495611,0.280988365,1.23787713,1.17954874,-0.7543782,-0.208661944,-0.0282166321,-0.296499252,-1.10641932,-2.34398913,0.251374692,1.58321595,-0.253634006,-0.199069589,1
0,-0.32890445,0.572562933,0.0340020917,0.291318804,-0.120253511,-0.407344818,-0.114585042,-0.0596355125,0.626971841,0.482071757,-1.99818909,-0.2609649,0.475010067,-0.517234027,-0.125630632,-0.0399202406,-0.716925859,-1.73476028,-0.16715458,0.949720144,-0.619863689,-0.551693916,-0.110526666,0,-0.79118371,-1.47728431,0.186296016,0.8073259,-0.601373136,-0.631733954,-0.0489115976,0,-0.682535589,-1.22470379,-1.44643283,-1.07383358,1.0674057,-0.251496881,0,-0.0533790924,1.86420691,0.162991345,-1.1134119,-1.22754025,0.645549893,0.847859085,-0.0942896381,-0.0425597429,4.03375435,0.239488095,-1.63338768,-1.22866964,1.17954874,-0.13595207,-0.208661944,-0.0282166321,-0.296499252,0.863229573,0.900428057,0.865321517,-0.110200025,-0.498878568,-0.199069589,3
0,-0.32890445,-1.10410953,-0.68232125,-0.407957584,-1.00733483,-0.407344818,-0.114585042,-0.0596355125,-0.623986244,-0.621688128,1.00716376,-0.677514553,-1.33734202,-0.517234027,-0.125630632,-0.0399202406,-0.716925859,0.557260871,1.03055966,-0.992467821,-1.26353872,-0.551693916,-0.110526666,0,-0.79118371,0.957735896,-0.326868534,-1.63016486,-1.27510405,-0.631733954,-0.0489115976,0,0.475678682,1.29847205,0.940447152,0.280376405,-0.302754074,-0.82575953,0,-0.0533790924,0.148251966,1.39350259,0.734800398,-0.587549329,0.468298674,1.55443954,-0.0942896381,-0.0425597429,-0.404258102,0.0629270747,0.855301201,-0.849200904,0.0276231728,2.13161039,-0.208661944,-0.0282166321,-0.296499252,-1.10641932,-1.41701269,0.0467257351,1.24453282,1.70832253,-0.199069589,6
0,-0.32890445,0.78214699,0.750325441,0.524410903,0.411995322,-0.407344818,-0.114585042,-0.0596355125,1.25245082,1.03395164,-1.99818909,-1.71888876,1.29880655,0.33786878,-0.125630632,-0.0399202406,0.688087881,1.08618891,-0.338256598,-0.345071852,1.3111614,0.700073719,-0.110526666,0,-0.79118371,-0.0162722114,1.21262515,0.969825268,1.41981947,0.448292673,-0.0489115976,0,-0.682535589,-1.22470379,-1.44643283,-1.75093865,0.0397858657,1.47129107,0,-0.0533790924,-0.538130045,-1.0675199,-1.1134119,-1.22754025,-0.0634551048,1.08338594,-0.0942896381,-0.0425597429,0.705245078,0.416049123,-1.44195008,-1.60813844,0.521305561,0.482474059,-0.208661944,-0.0282166321,0.768356621,1.45412421,0.436939895,0.456023633,0.736508012,-0.253634006,-0.199069589,9
0,-0.32890445,0.78214699,0.0340020917,0.291318804,0.0571627617,-0.407344818,-0.114585042,-0.0596355125,-0.623986244,1.03395164,-0.996404767,-0.469239712,1.13404715,0.0528345145,-0.125630632,-0.0399202406,-0.716925859,1.08618891,0.517253578,0.302324146,1.3111614,1.01301563,-0.110526666,0,-0.79118371,-0.82794565,0.528405726,0.157328367,0.746088624,0.718299329,-0.0489115976,0,-0.682535589,-1.22470379,-1.44643283,-1.75093865,-0.131484106,1.47129107,0,-0.0533790924,-0.538130045,-1.0675199,-1.1134119,-1.22754025,0.113796152,0.847859085,-0.0942896381,-0.0425597429,-0.404258102,0.0629270747,-1.05907488,-0.469732195,1.17954874,-0.342094123,-0.208661944,-0.0282166321,-0.296499252,0.863229573,0.900428057,0.865321517,0.0591415763,-0.498878568,-0.199069589,9
0,-0.32890445,-1.10410953,-1.87619352,0.757503033,0.944244146,-0.407344818,-0.114585042,-0.0596355125,-0.623986244,-1.54148805,0.756717741,1.1969589,0.804528654,-0.517234027,-0.125630632,-0.0399202406,-0.716925859,0.557260871,1.03055966,0.62602216,0.345648885,-0.551693916,-0.110526666,0,1.47644675,0.795401216,-1.01108789,0.644826531,0.746088624,0.988305986,-0.0489115976,0,1.63389289,1.29847205,1.09957254,0.957481444,1.0674057,1.47129107,0,-0.0533790924,-0.194939047,0.162991345,0.272747338,1.33242333,-0.772460103,-0.800828636,-0.0942896381,-0.0425597429,-0.404258102,-1.3495611,-1.25051248,1.23787713,-1.45342398,-0.7543782,-0.208661944,-0.0282166321,-0.296499252,-1.10641932,-2.11224484,0.456023633,-1.12624967,-0.498878568,-0.199069589,4
0,-0.32890445,-0.475357324,0.0340020917,0.990595162,1.29907668,-0.407344818,-0.114585042,-0.0596355125,-0.311246723,0.666031718,-0.745958686,-0.0526900552,0.804528654,-0.517234027,-0.125630632,-0.0399202406,-0.716925859,-1.38214171,-1.19376683,0.464173138,0.345648885,-0.551693916,-0.110526666,0,-0.79118371,-0.99028033,-0.326868534,0.8073259,1.41981947,2.06833267,-0.0489115976,0,-0.682535589,1.29847205,1.09957254,0.788205206,-0.987833977,-0.82575953,0,-0.0533790924,-0.538130045,-0.606078148,0.888818085,-0.107556142,-1.4814651,-0.800828636,-0.0942896381,-0.0425597429,-0.404258102,-1.3495611,1.23817647,-1.41840398,-1.45342398,-0.7543782,-0.208661944,-0.0282166321,-0.296499252,-0.318559766,0.668684006,-2.40906167,-1.12624967,-0.498878568,-0.199069589,7
0,-0.32890445,0.362978905,0.511551023,0.990595162,0.944244146,-0.407344818,-0.114585042,-0.0596355125,0.00149279006,1.03395164,-0.245066568,0.155584782,1.29880655,0.0528345145,-0.125630632,-0.0399202406,-0.716925859,-1.20583236,-0.680460691,1.27341807,0.184730127,-0.551693916,-0.110526666,0,-0.79118371,-1.47728431,0.186296016,0.969825268,0.0723577365,-0.631733954,-0.0489115976,0,-0.682535589,-1.22470379,-0.969056785,0.618928909,1.0674057,-0.251496881,0,-0.0533790924,-0.538130045,-1.0675199,-1.1134119,-1.06754243,1.35455489,0.612332284,-0.0942896381,-0.0425597429,-0.404258102,-0.819878042,0.472425967,0.668674052,1.01498795,-0.342094123,-0.208661944,-0.0282166321,-0.296499252,0.0753700212,0.900428057,0.0467257351,-0.279541612,-0.498878568,-0.199069589,3
0,-0.32890445,-0.684941351,-0.204772368,0.990595162,1.12166035,0.1996883,-0.114585042,-0.0596355125,-0.623986244,0.114151776,-1.24685085,-1.30233908,-0.184027076,1.76304007,-0.125630632,-0.0399202406,0.688087881,0.733570218,-0.509358644,-1.15431678,0.0238113683,0.700073719,-0.110526666,0,-0.143289298,0.957735896,0.0152411638,-0.655168533,0.577655911,-0.631733954,-0.0489115976,0,-0.682535589,-0.751608312,1.09957254,0.111100167,-1.5016439,-0.82575953,0,-0.0533790924,-0.538130045,0.316805243,0.888818085,0.532434762,-1.4814651,-0.800828636,-0.0942896381,-0.0425597429,-0.404258102,0.769171178,0.0895507634,1.23787713,-1.28886318,-0.7543782,-0.208661944,-0.0282166321,-0.296499252,-0.712489545,-0.0265482478,0.865321517,-0.618224859,-0.498878568,-0.199069589,8
0,0.756221235,0.572562933,0.750325441,0.990595162,1.83132553,2.32430434,-0.114585042,-0.0596355125,1.87792993,1.03395164,0.00537951011,-0.469239712,-0.0192677919,0.907937288,-0.125630632,-0.0399202406,1.5310961,0.733570218,0.00394746149,-1.15431678,-1.26353872,-0.551693916,-0.110526666,0,2.12434125,1.12007058,1.21262515,0.319827735,-1.27510405,-0.631733954,-0.0489115976,0,1.63389289,0.82537657,-0.17343016,0.957481444,-0.987833977,-0.82575953,0,-0.0533790924,-0.538130045,-1.0675199,-0.959394217,1.33242333,-0.772460103,-0.800828636,-0.0942896381,-0.0425597429,-0.404258102,-1.3495611,-0.293324441,1.04814279,-1.28886318,-0.7543782,-0.208661944,-0.0282166321,-0.296499252,1.25715935,0.668684006,-1.38581693,-1.12624967,-0.498878568,-0.199069589,5
0,-0.32890445,-0.475357324,0.750325441,0.524410903,-0.829918623,-0.407344818,-0.114585042,-0.0596355125,-0.623986244,0.482071757,1.00716376,1.1969589,-0.348786354,-0.517234027,-0.125630632,-0.0399202406,-0.716925859,-1.02952302,-0.509358644,1.43526709,0.0238113683,-0.551693916,-0.110526666,0,-0.79118371,-1.47728431,-1.35319769,0.969825268,0.409223169,-0.361727297,-0.0489115976,0,-0.682535589,-0.120814353,1.09957254,0.957481444,1.23867571,1.47129107,0,-0.0533790924,-0.538130045,0.778246939,1.19685352,1.33242333,-0.417957604,-0.800828636,-0.0942896381,-0.0425597429,-0.404258102,-1.3495611,0.855301201,0.289205283,-1.45342398,-0.7543782,-0.208661944,-0.0282166321,-0.296499252,-0.318559766,-0.0265482478,-2.2044127,-1.12624967,-0.498878568,-0.199069589,7
0,-0.32890445,-1.10410953,-2.5925169,-0.174865454,-1.00733483,-0.407344818,-0.114585042,-0.0596355125,-0.623986244,-1.90940797,-1.24685085,-0.469239712,-1.33734202,-0.517234027,-0.125630632,-0.0399202406,-0.716925859,-1.55845106,1.03055966,-0.183222845,-0.941701174,0.0741898865,-0.110526666,0,-0.79118371,-0.340941578,1.04157031,-1.63016486,0.240790457,1.52831924,-0.0489115976,0,0.765232265,1.29847205,0.144820511,-1.75093865,1.23867571,0.897028387,0,-0.0533790924,0.834633946,1.23968863,1.35087121,0.852430165,1.35455489,-0.565301836,-0.0942896381,-0.0425597429,-0.404258102,-1.3495611,-1.25051248,1.04814279,0.192183971,-0.7543782,-0.208661944,-0.0282166321,-0.296499252,-1.10641932,-2.34398913,0.865321517,-0.448883235,-0.498878568,-0.199069589,4
0,-0.32890445,0.362978905,-1.15987015,0.291318804,1.83132553,0.806721449,-0.114585042,-0.0596355125,-0.623986244,0.482071757,0.255825579,-0.885789394,0.639769375,1.47800589,-0.125630632,-0.0399202406,-0.716925859,0.0283329226,-0.509358644,0.464173138,0.506567657,-0.238752022,-0.110526666,0,-0.79118371,-0.178606898,1.21262515,-0.00517102238,-1.27510405,-0.631733954,-0.0489115976,0,0.186125115,0.983075023,1.09957254,-1.75093865,-1.5016439,-0.82575953,0,-0.0533790924,2.20739794,0.162991345,0.580782712,-0.427551597,-1.4814651,-0.800828636,-0.0942896381,-0.0425597429,1.81474817,0.416049123,-0.101886839,-0.279997826,-1.45342398,-0.7543782,-0.208661944,-0.0282166321,0.768356621,1.06019449,0.900428057,-1.18116796,-1.12624967,-0.498878568,-0.199069589,8
0,-0.32890445,-0.684941351,0.511551023,-2.50578666,-1.00733483,-0.407344818,-0.114585042,-0.0596355125,-0.623986244,0.114151776,0.00537951011,-1.9271636,-1.33734202,-0.517234027,-0.125630632,-0.0399202406,-0.4359231,0.909879565,-0.509358644,-1.15431678,-1.26353872,-0.551693916,-0.110526666,0,0.828552306,0.633066535,-1.52425253,-1.63016486,-1.27510405,-0.631733954,-0.0489115976,0,1.34433937,0.667678058,0.463071167,0.957481444,0.724865794,-0.251496881,0,-0.0533790924,0.834633946,1.39350259,0.734800398,-0.267553866,-0.417957604,1.78996634,-0.0942896381,-0.0425597429,-0.404258102,1.12229323,-0.101886839,-1.79787278,-0.630620003,1.92546833,-0.208661944,-0.0282166321,-0.296499252,-0.515524685,-0.258292317,0.660672605,1.24453282,-0.253634006,-0.199069589,6
0,-0.32890445,-1.10410953,-1.15987015,0.524410903,1.83132553,1.41375458,-0.114585042,-0.0596355125,-0.623986244,-0.0698082,1.00716376,0.363859624,1.13404715,2.04807425,-0.125630632,-0.0399202406,-0.716925859,-0.324285716,-0.680460691,-0.830618858,1.3111614,1.63889945,-0.110526666,0,-0.79118371,-1.31494963,-0.155813694,0.482327133,1.41981947,3.14835906,-0.0489115976,0,-0.103428438,0.82537657,1.09957254,0.957481444,0.553595781,-0.538628221,0,-0.0533790924,1.521016,0.778246939,-0.189305753,1.33242333,-0.949711382,-0.800828636,-0.0942896381,-0.0425597429,-0.404258102,-1.3495611,-0.867637277,0.668674052,-1.45342398,-0.7543782,-0.208661944,-0.0282166321,-0.296499252,-1.10641932,-0.721780479,-1.18116796,-1.12624967,-0.498878568,-0.199069589,7
0,-0.32890445,-1.10410953,-2.5925169,-1.107234,1.65390921,2.93133736,-0.114585042,-0.0596355125,-0.623986244,-1.90940797,-0.245066568,-0.469239712,-0.843064249,3.18821144,-0.125630632,-0.0399202406,-0.716925859,0.0283329226,-0.16715458,-0.830618858,0.66748637,2.8906672,-0.110526666,0,-0.467236519,1.12007058,0.528405726,0.969825268,1.41981947,1.25831258,-0.0489115976,0,-0.103428438,1.29847205,0.781321824,-0.566004872,0.553595781,-0.251496881,0,-0.0533790924,-0.538130045,-1.0675199,-1.1134119,-0.74754703,0.468298674,-0.800828636,-0.0942896381,-0.0425597429,-0.404258102,-1.3495611,-1.82482529,-0.469732195,0.0276231728,-0.7543782,-0.208661944,-0.0282166321,-0.296499252,-1.10641932,-2.80747724,-0.567221105,-0.110200025,-0.498878568,-0.199069589,9
0,-0.32890445,0.572562933,-0.204772368,-2.73887897,-1.00733483,-0.407344818,-0.114585042,-0.0596355125,-0.623986244,-0.621688128,1.00716376,-1.51061392,-1.33734202,-0.517234027,-0.125630632,-0.0399202406,-0.716925859,-0.67690438,1.5438658,0.464173138,-1.26353872,-0.551693916,-0.110526666,0,-0.79118371,0.146062478,1.21262515,0.8073259,-1.10667133,-0.631733954,-0.0489115976,0,-0.682535589,-1.22470379,-1.12818217,0.957481444,-1.15910399,-0.82575953,0,-0.0533790924,-0.538130045,-1.0675199,-1.1134119,1.17242563,0.113796152,-0.800828636,-0.0942896381,-0.0425597429,-0.404258102,-0.290194958,0.472425967,1.23787713,1.01498795,0.894758165,4.64852428,-0.0282166321,-0.296499252,-0.318559766,0.668684006,0.865321517,1.58321595,3.42503452,7.93850708,1
0,0.756221235,1.41089916,0.98909992,0.291318804,0.234579042,-0.407344818,-0.114585042,-0.0596355125,3.12888789,0.114151776,-1.99818909,-1.30233908,1.13404715,-0.517234027,-0.125630632,-0.0399202406,1.5310961,-1.20583236,-1.19376683,-0.183222845,0.989323914,0.0741898865,-0.110526666,0,-0.79118371,-1.47728431,0.0152411638,0.969825268,0.0723577365,-0.631733954,-0.0489115976,0,-0.682535589,-1.22470379,-1.2873075,-0.904557347,0.724865794,0.0356344357,0,-0.0533790924,-0.538130045,-1.0675199,-1.1134119,-1.22754025,-0.240706354,1.08338594,-0.0942896381,-0.0425597429,-0.404258102,-1.3495611,-1.82482529,-1.79787278,0.0276231728,1.30704224,-0.208661944,-0.0282166321,-0.296499252,0.863229573,-0.490036398,0.251374692,1.24453282,-0.253634006,-0.199069589,3
0,-0.32890445,1.41089916,0.98909992,0.990595162,-0.120253511,-0.407344818,-0.114585042,-0.0596355125,0.31423232,0.482071757,-0.996404767,0.780409276,1.13404715,-0.232199743,-0.125630632,-0.0399202406,-0.716925859,-1.73476028,-1.19376683,0.949720144,1.3111614,-0.551693916,-0.110526666,0,1.15249956,1.12007058,1.21262515,0.969825268,1.41981947,2.8783524,-0.0489115976,0,1.05478585,0.194582611,0.303945839,0.957481444,0.0397858657,0.609897077,0,-0.0533790924,-0.538130045,-1.0675199,1.04283583,0.532434762,-1.4814651,-0.800828636,-0.0942896381,-0.0425597429,-0.404258102,-0.113633938,1.23817647,-1.41840398,-1.45342398,-0.7543782,-0.208661944,-0.0282166321,-0.296499252,1.45412421,-0.490036398,-2.40906167,-1.12624967,-0.498878568,-0.199069589,7
0,1.84134698,0.78214699,0.750325441,0.524410903,0.589411557,0.503204882,-0.114585042,-0.0596355125,0.626971841,0.482071757,-0.996404767,-0.2609649,1.29880655,1.76304007,-0.125630632,-0.0399202406,-0.716925859,-1.73476028,-0.16715458,1.11156917,1.15024269,0.38713181,-0.110526666,0,-0.79118371,-1.47728431,0.357350856,0.644826531,-0.938238621,-0.631733954,-0.0489115976,0,-0.682535589,-1.22470379,-1.12818217,0.788205206,0.382325828,-0.82575953,0,-0.0533790924,-0.538130045,-1.0675199,-1.1134119,-0.907544732,1.17730367,0.141278625,-0.0942896381,-0.0425597429,0.150493473,-0.466755986,-0.676199675,0.668674052,1.17954874,0.482474059,-0.208661944,-0.0282166321,1.83321249,1.25715935,-0.0265482478,0.251374692,0.736508012,-0.498878568,-0.199069589,3
0,-0.32890445,0.362978905,0.511551023,-2.27269459,-1.00733483,-0.407344818,-0.114585042,-0.0596355125,-0.623986244,-1.54148805,1.00716376,-0.885789394,-1.33734202,-0.517234027,-0.125630632,-0.0399202406,-0.716925859,-1.38214171,1.37276375,0.302324146,-1.26353872,-0.551693916,-0.110526666,0,-0.79118371,-1.15261495,1.21262515,0.319827735,-1.27510405,-0.631733954,-0.0489115976,0,-0.682535589,-0.909306765,1.09957254,0.957481444,-0.645294011,-0.82575953,0,-0.0533790924,-0.538130045,-1.0675199,-0.651358843,0.852430165,0.822801173,-0.800828636,-0.0942896381,-0.0425597429,-0.404258102,-0.290194958,0.472425967,0.858408391,1.17954874,1.71932638,4.64852428,-0.0282166321,-0.296499252,-0.121594876,0.900428057,0.865321517,1.58321595,3.42503452,7.42990828,1
0,-0.32890445,-0.265773267,-0.443546832,-0.174865454,-0.297669798,-0.407344818,-0.114585042,-0.0596355125,-0.311246723,0.114151776,1.00716376,1.1969589,0.969287932,-0.517234027,-0.125630632,-0.0399202406,0.407085121,1.08618891,1.5438658,1.43526709,0.66748637,-0.551693916,-0.110526666,0,0.504605114,1.12007058,1.21262515,0.969825268,-0.0960749909,-0.631733954,-0.0489115976,0,0.475678682,1.29847205,1.09957254,0.957481444,-0.131484106,-0.82575953,0,-0.0533790924,0.834633946,1.39350259,1.35087121,1.33242333,-0.240706354,-0.800828636,-0.0942896381,-0.0425597429,1.25999665,1.29885423,1.23817647,1.23787713,0.521305561,-0.7543782,-0.208661944,-0.0282166321,-0.296499252,-0.121594876,-0.0265482478,0.0467257351,0.905849576,-0.253634006,-0.199069589,1
0,-0.32890445,-0.894525409,0.0340020917,-1.34032607,-1.00733483,-0.407344818,-0.114585042,-0.0596355125,-0.623986244,0.298111767,0.756717741,-2.13543844,-1.33734202,-0.517234027,-0.125630632,-0.0399202406,0.407085121,1.08618891,0.517253578,-1.15431678,-1.26353872,-0.551693916,-0.110526666,0,1.47644675,1.12007058,0.186296016,-1.46766543,-1.27510405,-0.631733954,-0.0489115976,0,1.63389289,1.29847205,1.09957254,0.788205206,-0.302754074,-0.82575953,0,-0.0533790924,1.521016,1.39350259,0.272747338,0.212439299,1.35455489,-0.0942482054,-0.0942896381,-0.0425597429,-0.404258102,0.0629270747,1.23817647,0.668674052,1.01498795,1.51318431,-0.208661944,-0.0282166321,-0.296499252,-0.909454465,-0.490036398,0.660672605,1.24453282,0.482099682,-0.199069589,6
0,-0.32890445,0.78214699,0.511551023,-0.874141812,-0.829918623,-0.407344818,-0.114585042,-0.0596355125,-0.623986244,0.298111767,0.50627166,0.780409276,0.639769375,-0.517234027,-0.125630632,-0.0399202406,-0.716925859,-0.147976398,0.517253578,-1.15431678,1.15024269,0.700073719,-0.110526666,0,-0.79118371,-0.99028033,1.21262515,0.319827735,1.08295405,-0.0917206332,-0.0489115976,0,-0.682535589,-0.5939098,1.09957254,0.957481444,-1.15910399,-0.82575953,0,-0.0533790924,0.491442949,1.39350259,0.118729629,0.37243703,0.822801173,-0.329775035,-0.0942896381,-0.0425597429,0.150493473,1.29885423,-1.63338768,-1.22866964,1.17954874,0.894758165,-0.208661944,-0.0282166321,-0.296499252,1.06019449,0.900428057,0.660672605,0.736508012,-0.253634006,-0.199069589,8
0,-0.32890445,-1.10410953,-1.6374191,0.757503033,-0.475086063,-0.407344818,-0.114585042,-0.0596355125,-0.623986244,-1.54148805,1.00716376,-1.30233908,-1.33734202,-0.517234027,-0.125630632,-0.0399202406,-0.716925859,-0.324285716,0.859457612,-1.15431678,-0.941701174,3.20360899,-0.110526666,0,0.180657908,1.12007058,-1.35319769,-1.63016486,0.577655911,2.06833267,-0.0489115976,0,1.92344654,0.82537657,-1.44643283,-1.24310982,1.23867571,0.609897077,0,-0.0533790924,3.92335296,1.23968863,1.35087121,1.33242333,0.645549893,-0.800828636,-0.0942896381,-0.0425597429,2.36949968,0.769171178,0.855301201,1.23787713,-0.795180798,-0.7543782,-0.208661944,-0.0282166321,-0.296499252,-1.10641932,-1.41701269,0.660672605,-0.787566423,-0.498878568,-0.199069589,4
0,-0.32890445,-0.475357324,0.0340020917,0.0582266748,-0.829918623,-0.407344818,-0.114585042,-0.0596355125,0.31423232,0.482071757,-1.49729693,-0.2609649,0.639769375,-0.517234027,-0.125630632,-0.0399202406,1.81209886,-0.853213727,-1.19376683,-0.830618858,1.15024269,-0.551693916,-0.110526666,0,1.47644675,-0.0162722114,-0.840033114,0.319827735,1.41981947,-0.361727297,-0.0489115976,0,-0.682535589,0.194582611,0.303945839,-1.24310982,0.211055845,-0.251496881,0,-0.0533790924,-0.538130045,-1.0675199,-1.1134119,-1.22754025,0.468298674,-0.0942482054,-0.0942896381,-0.0425597429,-0.404258102,0.416049123,-1.44195008,-1.60813844,0.685866356,-0.7543782,-0.208661944,-0.0282166321,-0.296499252,-0.515524685,0.205195829,0.865321517,-0.448883235,-0.498878568,-0.199069589,9
0,0.756221235,0.991731048,0.750325441,-0.174865454,-0.829918623,-0.407344818,-0.114585042,-0.0596355125,0.31423232,-0.437728167,-0.996404767,0.155584782,0.639769375,-0.517234027,-0.125630632,-0.0399202406,-0.716925859,-1.73476028,-0.338256598,1.11156917,1.15024269,-0.238752022,-0.110526666,0,-0.79118371,-1.47728431,0.357350856,0.8073259,-0.938238621,-0.631733954,-0.0489115976,0,-0.682535589,-1.22470379,-0.809931457,0.788205206,-1.15910399,-0.82575953,0,-0.0533790924,-0.538130045,-1.0675199,-1.1134119,0.692432463,0.291047394,-0.800828636,-0.0942896381,-0.0425597429,-0.404258102,-0.819878042,-1.05907488,0.0994709209,1.17954874,-0.548236191,-0.208661944,-0.0282166321,-0.296499252,1.45412421,0.900428057,0.660672605,0.567166388,-0.498878568,-0.199069589,3
0,-0.32890445,-0.894525409,-0.443546832,-0.174865454,-0.652502358,-0.407344818,-0.114585042,-0.0596355125,-0.623986244,0.298111767,0.00537951011,-0.469239712,1.13404715,0.622903049,-0.125630632,-0.0399202406,0.969090581,0.204642251,-1.19376683,-0.992467821,0.66748637,1.63889945,-0.110526666,0,0.504605114,1.12007058,-0.326868534,0.8073259,0.746088624,-0.631733954,-0.0489115976,0,-0.682535589,-0.436211318,0.940447152,0.788205206,-0.987833977,-0.82575953,0,-0.0533790924,-0.538130045,-1.0675199,1.04283583,-0.107556142,1.00005245,-0.800828636,-0.0942896381,-0.0425597429,-0.404258102,-0.643316984,0.472425967,-0.469732195,0.192183971,-0.7543782,-0.208661944,-0.0282166321,-0.296499252,-0.909454465,0.900428057,0.865321517,-0.618224859,-0.498878568,-0.199069589,8
0,-0.32890445,-0.265773267,0.511551023,-1.57341826,-1.00733483,-0.407344818,-0.114585042,-0.0596355125,-0.623986244,0.482071757,0.50627166,-2.13543844,-1.33734202,-0.517234027,-0.125630632,-0.0399202406,-0.154920369,1.08618891,0.517253578,-1.15431678,-1.26353872,-0.551693916,-0.110526666,0,0.504605114,1.12007058,-0.326868534,-1.63016486,-1.27510405,-0.631733954,-0.0489115976,0,1.05478585,1.29847205,1.09957254,0.788205206,-0.816564023,-0.82575953,0,-0.0533790924,0.834633946,1.39350259,0.272747338,-0.587549329,1.35455489,-0.329775035,-0.0942896381,-0.0425597429,0.150493473,1.29885423,0.663863599,-0.659466565,1.17954874,1.51318431,-0.208661944,-0.0282166321,-0.296499252,-0.318559766,0.205195829,0.865321517,1.41387439,0.727344275,-0.199069589,6
0,-0.32890445,-1.10410953,-2.83129144,-1.57341826,0.944244146,3.841887,0.826809704,-0.0596355125,-0.623986244,-1.90940797,-0.495512635,0.572134435,-0.0192677919,3.75828004,2.08300853,-0.0399202406,-0.716925859,0.204642251,0.346151531,-0.506920815,0.184730127,3.20360899,-0.110526666,0,0.828552306,1.12007058,1.21262515,0.969825268,1.41981947,0.988305986,-0.0489115976,0,-0.682535589,1.14077353,1.09957254,0.449652672,1.23867571,0.0356344357,0,-0.0533790924,-0.538130045,-0.759892046,-0.651358843,-1.06754243,1.17730367,-0.800828636,-0.0942896381,-0.0425597429,-0.404258102,-1.3495611,-1.82482529,-0.849200904,-0.630620003,-0.7543782,-0.208661944,-0.0282166321,-0.296499252,-1.10641932,-2.80747724,-1.18116796,-1.12624967,-0.498878568,-0.199069589,9
0,-0.32890445,0.78214699,0.98909992,0.990595162,1.29907668,0.1996883,-0.114585042,-0.0596355125,0.00149279006,0.849991679,-2.49908113,-1.51061392,-0.843064249,-0.517234027,-0.125630632,-0.0399202406,1.25009334,-0.147976398,-1.19376683,-0.992467821,-0.619863689,-0.551693916,-0.110526666,0,1.80039394,0.470731825,-0.326868534,0.482327133,1.08295405,1.25831258,-0.0489115976,0,1.05478585,1.29847205,-0.17343016,-1.75093865,-0.645294011,1.47129107,0,-0.0533790924,-0.194939047,-0.606078148,-1.1134119,-1.22754025,0.113796152,0.612332284,-0.0942896381,-0.0425597429,-0.404258102,-0.819878042,-1.05907488,-1.60813844,1.01498795,-0.7543782,-0.208661944,-0.0282166321,-0.296499252,0.272334903,0.900428057,0.0467257351,0.0591415763,-0.498878568,-0.199069589,5
0,-0.32890445,1.62048328,0.98909992,0.990595162,-0.120253511,-0.407344818,-0.114585042,-0.0596355125,0.939711332,0.849991679,-1.49729693,0.155584782,0.804528654,-0.517234027,-0.125630632,-0.0399202406,-0.716925859,-1.38214171,-0.851562738,0.949720144,0.0238113683,-0.551693916,-0.110526666,0,-0.79118371,-0.82794565,1.21262515,0.8073259,-0.938238621,-0.631733954,-0.0489115976,0,-0.682535589,-0.751608312,0.303945839,0.788205206,1.23867571,0.609897077,0,-0.0533790924,-0.538130045,-1.0675199,-1.1134119,-0.907544732,1.17730367,1.78996634,-0.0942896381,-0.0425597429,-0.404258102,-0.819878042,-1.05907488,-0.0902634487,1.17954874,0.482474059,-0.208661944,-0.0282166321,-0.296499252,1.84805405,0.900428057,0.865321517,0.567166388,-0.498878568,-0.199069589,3
0,1.84134698,1.83006728,0.98909992,0.524410903,-0.297669798,-0.407344818,-0.114585042,-0.0596355125,0.626971841,0.114151776,-1.74774301,0.572134435,0.639769375,-0.517234027,-0.125630632,-0.0399202406,-0.716925859,-1.73476028,-0.851562738,1.27341807,-0.137107387,-0.551693916,-0.110526666,0,-0.79118371,-1.47728431,-0.840033114,0.969825268,-0.601373136,-0.631733954,-0.0489115976,0,-0.682535589,-1.22470379,-1.2873075,0.449652672,0.724865794,-0.538628221,0,-0.0533790924,-0.538130045,-1.0675199,-1.1134119,-0.907544732,1.35455489,0.141278625,-0.0942896381,-0.0425597429,-0.404258102,-1.1730001,-1.25051248,0.289205283,1.01498795,-0.342094123,-0.208661944,-0.0282166321,0.768356621,1.25715935,0.900428057,-0.567221105,-0.787566423,-0.498878568,-0.199069589,3
0,-0.32890445,-1.10410953,-1.87619352,0.757503033,-0.829918623,-0.407344818,-0.114585042,-0.0596355125,-0.623986244,-1.90940797,0.255825579,-0.469239712,-1.17258275,-0.517234027,-0.125630632,-0.0399202406,-0.716925859,-0.67690438,0.859457612,-1.15431678,-1.26353872,-0.551693916,-0.110526666,0,-0.79118371,-0.178606898,0.186296016,-1.63016486,-1.27510405,-0.631733954,-0.0489115976,0,-0.682535589,0.82537657,0.463071167,0.111100167,0.211055845,-0.82575953,0,-0.0533790924,0.834633946,1.39350259,1.19685352,0.0524415746,0.468298674,1.55443954,-0.0942896381,-0.0425597429,0.150493473,-0.113633938,1.04673874,-1.0389353,-0.959741592,1.71932638,-0.208661944,-0.0282166321,-0.296499252,-1.10641932,-1.18526864,0.660672605,1.58321595,1.4630779,-0.199069589,6
0,-0.32890445,0.572562933,0.511551023,-0.174865454,-0.652502358,-0.407344818,-0.114585042,-0.0596355125,1.25245082,1.03395164,-1.24685085,-0.885789394,0.804528654,-0.232199743,-0.125630632,-0.0399202406,1.5310961,0.204642251,-1.19376683,-1.15431678,0.345648885,0.700073719,-0.110526666,0,1.47644675,-0.178606898,-1.52425253,-1.63016486,-0.432940423,1.25831258,-0.0489115976,0,1.63389289,-0.5939098,-1.44643283,-1.75093865,-0.302754074,1.47129107,0,-0.0533790924,0.148251966,0.470619142,-1.1134119,-1.22754025,-0.240706354,1.55443954,-0.0942896381,-0.0425597429,-0.404258102,1.12229323,-1.25051248,-1.0389353,1.01498795,-0.13595207,-0.208661944,-0.0282166321,-0.296499252,-0.121594876,0.900428057,0.865321517,0.0591415763,-0.498878568,-0.199069589,0
0,0.756221235,1.41089916,0.750325441,-1.57341826,-1.00733483,-0.407344818,-0.114585042,-0.0596355125,0.626971841,0.849991679,-0.996404767,0.988684118,-0.843064249,-0.517234027,-0.125630632,-0.0399202406,-0.716925859,-1.20583236,-1.02266479,1.11156917,-0.619863689,-0.551693916,-0.110526666,0,-0.79118371,-0.82794565,0.870515406,0.969825268,-1.10667133,-0.631733954,-0.0489115976,0,-0.682535589,-1.06700528,0.144820511,0.618928909,1.0674057,0.322765768,0,-0.0533790924,-0.538130045,-1.0675199,-1.1134119,-1.22754025,0.645549893,1.08338594,-0.0942896381,-0.0425597429,1.81474817,0.0629270747,-1.05907488,0.0994709209,1.17954874,0.0701899752,-0.208661944,-0.0282166321,1.83321249,1.25715935,0.900428057,0.251374692,-0.110200025,-0.498878568,-0.199069589,3
0,-0.32890445,-1.10410953,-2.83129144,-1.107234,0.0571627617,-0.407344818,-0.114585042,-0.0596355125,-0.623986244,-1.90940797,-1.49729693,0.988684118,-0.348786354,-0.517234027,-0.125630632,-0.0399202406,-0.716925859,-1.55845106,1.37276375,-0.345071852,0.989323914,0.38713181,-0.110526666,0,-0.79118371,0.470731825,-0.155813694,-0.980167329,1.41981947,-0.631733954,-0.0489115976,0,0.765232265,1.29847205,-0.0143048232,-0.0581760854,1.23867571,0.322765768,0,-0.0533790924,-0.194939047,0.624433041,0.734800398,1.01242793,1.00005245,0.141278625,-0.0942896381,-0.0425597429,-0.404258102,-1.3495611,-1.82482529,-0.279997826,-0.136937618,-0.7543782,-0.208661944,-0.0282166321,-0.296499252,-1.10641932,-2.80747724,-0.157923222,0.0591415763,-0.498878568,-0.199069589,4
0,-0.32890445,0.78214699,0.98909992,0.291318804,-0.829918623,-0.407344818,-0.114585042,-0.0596355125,1.87792993,1.03395164,-0.996404767,0.155584782,-0.0192677919,-0.517234027,-0.125630632,-0.0399202406,2.37410426,0.0283329226,-1.19376683,0.140475139,0.345648885,-0.551693916,-0.110526666,0,-0.467236519,-0.665610969,-1.52425253,0.157328367,0.577655911,-0.631733954,-0.0489115976,0,-0.682535589,-1.22470379,-1.44643283,0.449652672,0.0397858657,-0.82575953,0,-0.0533790924,-0.538130045,-1.0675199,-0.497341156,1.33242333,-1.12696266,-0.800828636,-0.0942896381,-0.0425597429,-0.404258102,-0.643316984,0.855301201,1.04814279,-0.301498413,0.0701899752,0.762775302,-0.0282166321,-0.296499252,0.469299793,0.900428057,0.865321517,1.58321595,3.42503452,5.90411282,2
0,-0.32890445,0.991731048,0.98909992,-0.407957584,-1.00733483,-0.407344818,-0.114585042,-0.0596355125,1.87792993,1.03395164,0.50627166,1.1969589,-1.00782347,-0.517234027,-0.125630632,-0.0399202406,0.126082376,0.909879565,0.175049499,1.43526709,-0.780782402,-0.551693916,-0.110526666,0,-0.79118371,-1.47728431,0.357350856,0.969825268,-0.0960749909,-0.631733954,-0.0489115976,0,-0.682535589,-1.22470379,-0.969056785,-0.0581760854,1.0674057,-0.251496881,0,-0.0533790924,-0.538130045,0.470619142,-1.1134119,-1.22754025,1.00005245,1.08338594,-0.0942896381,-0.0425597429,0.150493473,1.47541523,-0.676199675,-0.279997826,0.685866356,0.894758165,-0.208661944,-0.0282166321,0.768356621,1.84805405,0.900428057,0.251374692,0.567166388,-0.253634006,-0.199069589,3
0,-0.32890445,1.41089916,0.750325441,-2.03960252,-1.00733483,-0.407344818,-0.114585042,-0.0596355125,1.25245082,0.849991679,0.00537951011,0.780409276,-1.33734202,-0.517234027,-0.125630632,-0.0399202406,1.25009334,-0.853213727,-1.02266479,1.43526709,-0.941701174,-0.551693916,-0.110526666,0,-0.79118371,-1.47728431,-1.52425253,0.157328367,-0.0960749909,-0.631733954,-0.0489115976,0,-0.682535589,-1.22470379,-1.12818217,0.788205206,-0.987833977,-0.82575953,0,-0.0533790924,-0.538130045,-1.0675199,0.118729629,1.01242793,-1.30421388,-0.800828636,-0.0942896381,-0.0425597429,-0.404258102,0.769171178,1.23817647,0.478939652,-0.136937618,0.276332021,-0.208661944,-0.0282166321,-0.296499252,0.666264713,-0.95352453,0.251374692,1.41387439,1.2178334,-0.199069589,2
0,0.756221235,0.362978905,0.750325441,0.990595162,1.83132553,3.841887,-0.114585042,-0.0596355125,2.50340891,1.03395164,-0.245066568,-0.885789394,-0.843064249,-0.232199743,-0.125630632,-0.0399202406,1.25009334,1.08618891,1.5438658,0.787871122,-1.26353872,-0.551693916,-0.110526666,0,1.80039394,1.12007058,0.528405726,0.969825268,-0.601373136,-0.631733954,-0.0489115976,0,-0.392982006,-0.5939098,-1.44643283,0.449652672,-0.131484106,-0.82575953,0,-0.0533790924,-0.538130045,-1.0675199,-1.1134119,1.17242563,-0.0634551048,-0.800828636,-0.0942896381,-0.0425597429,-0.404258102,-1.3495611,-0.484762043,1.23787713,-1.12430239,-0.7543782,-0.208661944,-0.0282166321,-0.296499252,1.45412421,0.668684006,-1.38581693,-1.12624967,-0.498878568,-0.199069589,5
0,-0.32890445,1.41089916,0.98909992,0.990595162,1.12166035,-0.407344818,-0.114585042,-0.0596355125,-0.623986244,-0.805648148,-1.99818909,-0.0526900552,0.804528654,-0.232199743,-0.125630632,-0.0399202406,-0.716925859,-1.73476028,-1.19376683,0.949720144,0.184730127,-0.551693916,-0.110526666,0,-0.79118371,-0.665610969,0.0152411638,0.969825268,1.41981947,2.60834575,-0.0489115976,0,0.186125115,1.29847205,1.09957254,0.111100167,-0.987833977,-0.82575953,0,-0.0533790924,-0.538130045,0.00917744078,0.888818085,-1.22754025,-1.4814651,-0.800828636,-0.0942896381,-0.0425597429,-0.404258102,0.592610121,-0.293324441,-1.79787278,-1.45342398,-0.7543782,-0.208661944,-0.0282166321,-0.296499252,2.04501891,-2.11224484,-2.40906167,-1.12624967,-0.498878568,-0.199069589,7
0,-0.32890445,-0.265773267,0.511551023,-0.174865454,-1.00733483,-0.407344818,-0.114585042,-0.0596355125,0.31423232,0.849991679,0.756717741,1.1969589,0.145491496,-0.517234027,-0.125630632,-0.0399202406,1.5310961,0.557260871,-1.19376683,-0.668769836,1.15024269,-0.238752022,-0.110526666,0,1.80039394,0.470731825,-1.52425253,-1.63016486,0.0723577365,0.988305986,-0.0489115976,0,1.63389289,0.667678058,-1.44643283,-1.75093865,-0.131484106,1.47129107,0,-0.0533790924,1.17782497,0.932060838,-0.959394217,-1.22754025,-0.0634551048,1.08338594,-0.0942896381,-0.0425597429,0.705245078,1.29885423,0.855301201,0.478939652,1.01498795,0.482474059,-0.208661944,-0.0282166321,-0.296499252,-0.121594876,0.900428057,0.660672605,0.228483185,-0.498878568,-0.199069589,0
0,-0.32890445,-0.894525409,-0.921095729,0.757503033,0.766827881,-0.407344818,-0.114585042,-0.0596355125,0.31423232,0.482071757,0.756717741,0.780409276,0.969287932,-0.517234027,-0.125630632,-0.0399202406,0.688087881,0.0283329226,-1.19376683,0.464173138,0.66748637,-0.551693916,-0.110526666,0,-0.79118371,-0.99028033,-0.668978274,0.8073259,0.409223169,-0.0917206332,-0.0489115976,0,-0.682535589,1.29847205,1.09957254,0.957481444,1.23867571,2.6198163,0,-0.0533790924,-0.194939047,0.162991345,0.734800398,1.01242793,-0.0634551048,-0.0942482054,-0.0942896381,-0.0425597429,-0.404258102,-1.3495611,0.0895507634,0.668674052,-1.45342398,-0.7543782,-0.208661944,-0.0282166321,-0.296499252,-1.10641932,-0.258292317,-0.567221105,-1.12624967,-0.498878568,-0.199069589,7
0,-0.32890445,0.153394848,0.0340020917,0.291318804,0.234579042,-0.407344818,-0.114585042,-0.0596355125,-0.623986244,1.03395164,-0.495512635,1.1969589,0.639769375,-0.517234027,-0.125630632,-0.0399202406,-0.716925859,0.557260871,0.00394746149,1.43526709,0.184730127,-0.551693916,-0.110526666,0,-0.79118371,-1.31494963,1.04157031,0.482327133,-1.27510405,-0.631733954,-0.0489115976,0,-0.682535589,-0.909306765,1.09957254,0.449652672,-1.5016439,-0.82575953,0,-0.0533790924,-0.538130045,0.470619142,-0.0352880657,0.37243703,-1.12696266,-0.800828636,-0.0942896381,-0.0425597429,-0.404258102,0.945732176,-1.05907488,0.668674052,-0.959741592,-0.7543782,-0.208661944,-0.0282166321,-0.296499252,0.272334903,0.668684006,-0.567221105,-1.12624967,-0.498878568,-0.199069589,8
0,-0.32890445,-0.265773267,0.511551023,-0.174865454,-0.475086063,-0.407344818,-0.114585042,-0.0596355125,-0.623986244,-1.72544801,0.756717741,1.1969589,-0.348786354,-0.517234027,-0.125630632,-0.0399202406,-0.716925859,-1.73476028,1.5438658,1.43526709,0.184730127,-0.551693916,-0.110526666,0,-0.79118371,-1.31494963,0.870515406,0.969825268,-0.769805908,-0.631733954,-0.0489115976,0,-0.682535589,-0.278512836,1.09957254,0.957481444,-1.15910399,-0.82575953,0,-0.0533790924,-0.538130045,0.162991345,1.35087121,1.17242563,-1.4814651,-0.800828636,-0.0942896381,-0.0425597429,-0.404258102,-0.113633938,1.23817647,0.289205283,-1.45342398,-0.7543782,-0.208661944,-0.0282166321,-0.296499252,0.0753700212,0.668684006,0.456023633,-0.448883235,-0.498878568,-0.199069589,1
0,-0.32890445,-1.10410953,-2.5925169,0.291318804,1.29907668,-0.407344818,-0.114585042,-0.0596355125,-0.623986244,-1.17356813,0.756717741,0.988684118,1.29880655,-0.517234027,-0.125630632,-0.0399202406,1.5310961,1.08618891,0.517253578,-0.183222845,0.989323914,-0.551693916,-0.110526666,0,2.44828844,-0.503276289,-1.52425253,-0.330169797,0.914521337,-0.631733954,-0.0489115976,0,-0.682535589,-1.22470379,-1.44643283,-0.0581760854,0.724865794,-0.82575953,0,-0.0533790924,-0.538130045,-1.0675199,-1.1134119,0.852430165,0.113796152,-0.800828636,-0.0942896381,-0.0425597429,-0.404258102,-1.3495611,-1.82482529,0.858408391,-0.301498413,-0.7543782,-0.208661944,-0.0282166321,-0.296499252,-1.10641932,-2.80747724,0.865321517,0.0591415763,-0.498878568,-0.199069589,1
0,-0.32890445,-0.0561892018,0.511551023,-0.174865454,-0.475086063,-0.407344818,-0.114585042,-0.0596355125,-0.311246723,0.849991679,-0.996404767,0.572134435,0.310250789,-0.517234027,-0.125630632,-0.0399202406,-0.4359231,0.909879565,0.346151531,0.302324146,1.15024269,0.0741898865,-0.110526666,0,-0.79118371,0.146062478,1.21262515,0.969825268,1.41981947,0.178286016,-0.0489115976,0,-0.682535589,-1.22470379,-1.44643283,-1.58166242,1.23867571,0.322765768,0,-0.0533790924,-0.538130045,-1.0675199,-1.1134119,-1.22754025,1.17730367,0.141278625,-0.0942896381,-0.0425597429,-0.404258102,-0.113633938,-0.867637277,-0.0902634487,1.17954874,-0.7543782,-0.208661944,-0.0282166321,-0.296499252,0.0753700212,-0.0265482478,0.251374692,0.397824794,-0.498878568,-0.199069589,9
0,-0.32890445,-0.684941351,0.272776544,0.0582266748,-1.00733483,-0.407344818,-0.114585042,-0.0596355125,-0.623986244,-0.437728167,1.00716376,-0.677514553,-1.33734202,-0.517234027,-0.125630632,-0.0399202406,-0.716925859,0.557260871,1.5438658,-0.506920815,-1.26353872,-0.551693916,-0.110526666,0,0.504605114,1.12007058,1.21262515,0.969825268,0.577655911,-0.631733954,-0.0489115976,0,0.186125115,1.29847205,0.144820511,-1.24310982,1.0674057,1.47129107,0,-0.0533790924,-0.538130045,1.39350259,0.118729629,-1.22754025,0.822801173,1.55443954,-0.0942896381,-0.0425597429,-0.404258102,0.769171178,1.04673874,-1.60813844,1.01498795,1.10090017,-0.208661944,-0.0282166321,-0.296499252,-0.712489545,-0.258292317,0.865321517,1.58321595,-0.00838943198,-0.199069589,6
0,-0.32890445,1.20131516,0.98909992,-1.107234,-1.00733483,-0.407344818,-0.114585042,-0.0596355125,-0.311246723,1.03395164,-0.245066568,0.988684118,-1.33734202,-0.517234027,-0.125630632,-0.0399202406,-0.154920369,1.08618891,-0.338256598,1.43526709,-0.619863689,-0.551693916,-0.110526666,0,-0.79118371,-1.15261495,-1.18214285,0.969825268,-0.769805908,-0.631733954,-0.0489115976,0,-0.682535589,-1.22470379,-0.650806129,0.957481444,-1.5016439,-0.82575953,0,-0.0533790924,-0.538130045,-1.0675199,0.272747338,1.01242793,-1.4814651,-0.800828636,-0.0942896381,-0.0425597429,-0.404258102,0.239488095,1.23817647,0.858408391,-0.301498413,0.482474059,-0.208661944,-0.0282166321,-0.296499252,1.45412421,0.436939895,0.456023633,1.58321595,3.42503452,2.85252166,2
0,-0.32890445,1.62048328,0.98909992,0.757503033,-0.652502358,-0.407344818,-0.114585042,-0.0596355125,0.939711332,0.666031718,-1.74774301,0.988684118,-0.184027076,-0.517234027,-0.125630632,-0.0399202406,-0.716925859,-1.38214171,-1.19376683,0.787871122,-0.137107387,-0.551693916,-0.110526666,0,-0.79118371,-0.665610969,0.0152411638,0.969825268,-0.0960749909,-0.631733954,-0.0489115976,0,-0.682535589,0.0368841328,1.09957254,0.957481444,1.23867571,2.04555368,0,-0.0533790924,-0.538130045,-0.759892046,1.35087121,-0.74754703,-1.4814651,-0.800828636,-0.0942896381,-0.0425597429,-0.404258102,0.0629270747,0.663863599,-1.79787278,-1.45342398,-0.7543782,-0.208661944,-0.0282166321,-0.296499252,1.84805405,-1.18526864,-2.40906167,-1.12624967,-0.498878568,-0.199069589,7
0,-0.32890445,2.03965139,0.98909992,0.291318804,0.0571627617,-0.407344818,-0.114585042,-0.0596355125,-0.623986244,0.298111767,0.00537951011,0.780409276,0.804528654,-0.517234027,-0.125630632,-0.0399202406,-0.716925859,-1.73476028,-1.19376683,0.62602216,0.184730127,-0.551693916,-0.110526666,0,-0.79118371,-1.31494963,0.357350856,0.8073259,-0.938238621,-0.631733954,-0.0489115976,0,-0.682535589,0.0368841328,1.09957254,0.957481444,0.553595781,-0.538628221,0,-0.0533790924,-0.194939047,0.162991345,-0.497341156,0.212439299,1.35455489,-0.0942482054,-0.0942896381,-0.0425597429,2.36949968,1.12229323,-0.484762043,0.0994709209,1.01498795,-0.548236191,-0.208661944,-0.0282166321,1.83321249,1.25715935,0.900428057,0.456023633,-0.110200025,-0.498878568,-0.199069589,3
0,0.756221235,1.20131516,0.750325441,0.291318804,-0.652502358,-0.407344818,-0.114585042,-0.0596355125,1.87792993,0.482071757,-1.74774301,0.780409276,0.145491496,-0.517234027,-0.125630632,-0.0399202406,0.126082376,0.909879565,-1.02266479,0.464173138,0.66748637,-0.551693916,-0.110526666,0,-0.79118371,-0.340941578,1.04157031,0.644826531,1.41981947,0.178286016,-0.0489115976,0,-0.682535589,-1.22470379,-1.44643283,-1.75093865,0.724865794,1.47129107,0,-0.0533790924,-0.538130045,-1.0675199,-1.1134119,-1.22754025,0.645549893,1.08338594,-0.0942896381,-0.0425597429,0.705245078,0.0629270747,-1.05907488,-0.849200904,1.17954874,0.688616097,-0.208661944,-0.0282166321,0.768356621,1.84805405,0.900428057,0.660672605,0.228483185,-0.253634006,-0.199069589,9
0,-0.32890445,-1.10410953,0.750325441,-1.57341826,-1.00733483,-0.407344818,-0.114585042,-0.0596355125,-0.623986244,-1.17356813,1.00716376,-0.677514553,-1.33734202,-0.517234027,-0.125630632,-0.0399202406,-0.4359231,0.557260871,1.5438658,-1.15431678,0.184730127,0.0741898865,-0.110526666,0,0.828552306,1.12007058,0.357350856,-0.817667961,1.41981947,1.7983259,-0.0489115976,0,1.34433937,1.29847205,0.781321824,0.957481444,1.23867571,1.18415976,0,-0.0533790924,-0.194939047,0.624433041,1.19685352,1.33242333,0.291047394,-0.800828636,-0.0942896381,-0.0425597429,-0.404258102,-1.3495611,0.663863599,1.23787713,-0.959741592,-0.7543782,-0.208661944,-0.0282166321,-0.296499252,-0.909454465,0.900428057,-0.157923222,-1.12624967,-0.498878568,-0.199069589,4
0,-0.32890445,-0.894525409,0.272776544,-2.27269459,-1.00733483,-0.407344818,-0.114585042,-0.0596355125,-0.623986244,-0.437728167,0.756717741,-1.9271636,-1.33734202,-0.517234027,-0.125630632,-0.0399202406,-0.716925859,0.733570218,0.00394746149,-1.15431678,-1.26353872,-0.551693916,-0.110526666,0,-0.79118371,0.795401216,-0.497923404,-1.63016486,-1.27510405,-0.631733954,-0.0489115976,0,-0.682535589,1.29847205,-0.650806129,-0.227452338,0.0397858657,0.0356344357,0,-0.0533790924,-0.538130045,0.778246939,1.35087121,0.852430165,0.113796152,2.49654675,4.84413004,-0.0425597429,-0.404258102,0.0629270747,1.04673874,-1.79787278,-1.28886318,2.13161039,4.64852428,-0.0282166321,-0.296499252,-0.909454465,-0.258292317,0.865321517,1.58321595,2.68930078,0.309528947,6
0,-0.32890445,-0.265773267,0.0340020917,0.0582266748,0.234579042,-0.407344818,-0.114585042,-0.0596355125,-0.623986244,1.03395164,1.00716376,1.1969589,-0.513545632,-0.517234027,-0.125630632,-0.0399202406,-0.716925859,1.08618891,1.5438658,1.43526709,1.3111614,-0.551693916,-0.110526666,0,0.504605114,1.12007058,1.21262515,0.969825268,0.746088624,-0.631733954,-0.0489115976,0,0.475678682,1.29847205,1.09957254,0.957481444,0.553595781,-0.82575953,0,-0.0533790924,0.491442949,1.23968863,1.35087121,1.33242333,0.113796152,-0.800828636,-0.0942896381,-0.0425597429,-0.404258102,0.769171178,1.23817647,1.23787713,-0.136937618,-0.7543782,-0.208661944,-0.0282166321,0.768356621,0.272334903,-0.0265482478,-0.157923222,-0.279541612,-0.498878568,-0.199069589,1
0,-0.32890445,-0.684941351,0.511551023,0.291318804,-1.00733483,-0.407344818,-0.114585042,-0.0596355125,-0.623986244,0.666031718,0.756717741,-1.51061392,-1.33734202,-0.517234027,-0.125630632,-0.0399202406,0.969090581,1.08618891,-0.851562738,-0.992467821,-0.458944917,-0.551693916,-0.110526666,0,2.44828844,0.633066535,-1.52425253,-0.817667961,1.41981947,-0.0917206332,-0.0489115976,0,1.34433937,1.29847205,-0.0143048232,0.280376405,1.23867571,2.33268499,0,-0.0533790924,-0.538130045,-0.298450351,0.734800398,1.33242333,0.291047394,-0.329775035,-0.0942896381,-0.0425597429,-0.404258102,-1.3495611,0.472425967,0.478939652,-1.28886318,-0.7543782,-0.208661944,-0.0282166321,-0.296499252,-1.10641932,0.900428057,-1.38581693,-1.12624967,-0.498878568,-0.199069589,4
0,-0.32890445,-1.10410953,0.0340020917,-0.874141812,-1.00733483,-0.407344818,-0.114585042,-0.0596355125,-0.623986244,-0.805648148,1.00716376,-1.51061392,0.639769375,0.622903049,-0.125630632,-0.0399202406,-0.4359231,1.08618891,-0.338256598,0.140475139,0.989323914,-0.551693916,-0.110526666,0,2.12434125,0.957735896,-1.52425253,0.482327133,0.409223169,-0.0917206332,-0.0489115976,0,2.21300006,1.14077353,0.463071167,0.957481444,1.23867571,1.75842237,0,-0.0533790924,1.521016,1.39350259,1.35087121,1.17242563,0.113796152,-0.565301836,-0.0942896381,-0.0425597429,-0.404258102,-1.3495611,0.855301201,-0.849200904,-1.45342398,-0.7543782,-0.208661944,-0.0282166321,-0.296499252,-1.10641932,0.668684006,-2.40906167,-1.12624967,-0.498878568,-0.199069589,4
0,0.756221235,0.991731048,0.750325441,0.757503033,-0.475086063,-0.407344818,-0.114585042,-0.0596355125,1.25245082,0.482071757,-1.99818909,-0.0526900552,0.639769375,-0.517234027,-0.125630632,-0.0399202406,0.407085121,0.204642251,-1.19376683,-0.0213738531,1.15024269,-0.551693916,-0.110526666,0,-0.143289298,0.795401216,1.21262515,0.969825268,1.08295405,-0.0917206332,-0.0489115976,0,-0.682535589,-1.06700528,-0.809931457,-1.24310982,0.211055845,0.897028387,0,-0.0533790924,-0.538130045,-1.0675199,-1.1134119,-1.22754025,-1.12696266,2.02549314,-0.0942896381,-0.0425597429,-0.404258102,-0.819878042,-1.25051248,-1.79787278,-1.12430239,1.92546833,-0.208661944,-0.0282166321,-0.296499252,0.863229573,0.900428057,0.865321517,1.58321595,2.19881153,-0.199069589,9
0,-0.32890445,-1.10410953,-2.35374236,0.990595162,1.65390921,0.503204882,-0.114585042,-0.0596355125,-0.623986244,-1.90940797,-0.996404767,1.1969589,1.29880655,0.622903049,-0.125630632,-0.0399202406,-0.716925859,-0.147976398,1.5438658,1.43526709,0.989323914,-0.551693916,-0.110526666,0,1.47644675,1.12007058,1.21262515,0.969825268,0.746088624,-0.631733954,-0.0489115976,0,-0.682535589,-1.22470379,-0.17343016,0.957481444,0.553595781,-0.82575953,0,-0.0533790924,-0.538130045,-1.0675199,-0.0352880657,1.33242333,0.645549893,-0.800828636,-0.0942896381,-0.0425597429,-0.404258102,-1.3495611,-1.05907488,1.23787713,1.17954874,0.688616097,-0.208661944,-0.0282166321,-0.296499252,-1.10641932,-2.80747724,0.251374692,1.58321595,1.2178334,-0.199069589,1
0,-0.32890445,0.78214699,0.98909992,0.990595162,0.234579042,-0.407344818,-0.114585042,-0.0596355125,1.56519043,1.03395164,0.00537951011,-0.677514553,0.475010067,0.0528345145,-0.125630632,-0.0399202406,2.93610978,0.557260871,-1.02266479,-1.15431678,-1.26353872,-0.551693916,-0.110526666,0,2.44828844,1.12007058,0.186296016,-0.492669165,-1.27510405,-0.631733954,-0.0489115976,0,-0.682535589,0.0368841328,0.463071167,0.957481444,0.211055845,-0.82575953,0,-0.0533790924,-0.538130045,-1.0675199,-1.1134119,-0.427551597,1.35455489,-0.0942482054,-0.0942896381,-0.0425597429,-0.404258102,-1.1730001,-1.82482529,0.289205283,1.17954874,-0.548236191,-0.208661944,-0.0282166321,-0.296499252,0.272334903,0.900428057,0.865321517,-0.110200025,-0.498878568,-0.199069589,5
0,-0.32890445,0.78214699,0.272776544,-0.174865454,-0.829918623,-0.407344818,-0.114585042,-0.0596355125,-0.623986244,-0.805648148,-1.99818909,-0.2609649,0.969287932,-0.232199743,-0.125630632,-0.0399202406,-0.716925859,-1.55845106,-0.338256598,-1.15431678,0.506567657,0.700073719,-0.110526666,0,-0.79118371,0.633066535,0.870515406,-1.63016486,-0.0960749909,0.718299329,-0.0489115976,0,0.186125115,0.983075023,-1.2873075,-1.75093865,0.211055845,0.322765768,0,-0.0533790924,0.491442949,1.0858748,-1.1134119,-0.907544732,1.17730367,-0.565301836,-0.0942896381,-0.0425597429,0.705245078,0.945732176,-0.293324441,0.478939652,0.356744766,-0.7543782,-0.208661944,-0.0282166321,-0.296499252,0.469299793,0.436939895,-0.362572163,-0.956908047,-0.498878568,-0.199069589,0
0,-0.32890445,-0.475357324,0.511551023,0.990595162,0.589411557,-0.407344818,-0.114585042,-0.0596355125,-0.623986244,0.482071757,-0.495512635,-0.885789394,1.29880655,1.47800589,-0.125630632,-0.0399202406,0.688087881,1.08618891,-0.680460691,-0.830618858,0.989323914,1.32595754,-0.110526666,0,-0.79118371,0.146062478,1.21262515,0.969825268,1.41981947,0.448292673,-0.0489115976,0,-0.682535589,-1.22470379,-1.44643283,-1.75093865,0.553595781,0.609897077,0,-0.0533790924,-0.538130045,-1.0675199,-1.1134119,-1.22754025,0.822801173,0.141278625,-0.0942896381,-0.0425597429,1.25999665,0.592610121,-1.44195008,-0.849200904,1.01498795,-0.7543782,-0.208661944,-0.0282166321,-0.296499252,-0.318559766,-0.0265482478,0.865321517,0.567166388,-0.498878568,-0.199069589,9
0,-0.32890445,-1.10410953,-0.921095729,0.757503033,0.411995322,-0.407344818,-0.114585042,-0.0596355125,-0.623986244,-1.35752809,1.00716376,0.363859624,1.29880655,0.622903049,-0.125630632,-0.0399202406,-0.716925859,-1.38214171,0.517253578,-0.992467821,1.3111614,0.700073719,-0.110526666,0,-0.79118371,-1.47728431,-1.52425253,-0.330169797,1.08295405,-0.631733954,-0.0489115976,0,-0.682535589,-1.22470379,-0.0143048232,0.788205206,-0.987833977,-0.82575953,0,-0.0533790924,0.491442949,1.39350259,1.04283583,-0.587549329,-1.4814651,-0.800828636,-0.0942896381,-0.0425597429,1.81474817,1.29885423,0.855301201,-0.469732195,-1.28886318,-0.7543782,-0.208661944,-0.0282166321,-0.296499252,-1.10641932,-0.721780479,0.0467257351,1.24453282,0.482099682,-0.199069589,2
0,-0.32890445,-0.475357324,0.272776544,0.291318804,-0.475086063,-0.407344818,-0.114585042,-0.0596355125,-0.623986244,0.666031718,-0.996404767,-0.677514553,1.13404715,-0.232199743,-0.125630632,-0.0399202406,0.126082376,1.08618891,-1.19376683,-1.15431678,0.184730127,1.32595754,-0.110526666,0,1.15249956,0.633066535,-1.52425253,-1.63016486,-0.601373136,1.52831924,-0.0489115976,0,0.475678682,0.194582611,-1.44643283,-1.75093865,-0.816564023,1.47129107,0,-0.0533790924,-0.194939047,0.932060838,-1.1134119,-1.22754025,-0.595208883,1.08338594,-0.0942896381,-0.0425597429,-0.404258102,1.12229323,-0.484762043,-1.79787278,0.356744766,0.0701899752,-0.208661944,-0.0282166321,-0.296499252,-0.515524685,0.668684006,0.865321517,1.24453282,-0.498878568,-0.199069589,0
0,0.756221235,1.62048328,0.98909992,0.990595162,-0.297669798,-0.407344818,-0.114585042,-0.0596355125,2.19066954,0.849991679,-1.49729693,0.572134435,-0.0192677919,-0.517234027,-0.125630632,-0.0399202406,0.688087881,0.0283329226,-1.19376683,0.787871122,0.345648885,-0.551693916,-0.110526666,0,-0.79118371,-1.47728431,-0.497923404,0.969825268,-0.432940423,-0.631733954,-0.0489115976,0,-0.682535589,-0.436211318,1.09957254,-0.0581760854,-1.5016439,-0.82575953,0,-0.0533790924,0.148251966,1.39350259,0.580782712,-1.22754025,-1.4814651,-0.800828636,-0.0942896381,-0.0425597429,2.36949968,1.47541523,0.663863599,-0.279997826,-0.136937618,0.276332021,-0.208661944,-0.0282166321,0.768356621,0.863229573,0.436939895,0.865321517,1.58321595,3.42503452,-0.199069589,2
0,0.756221235,1.83006728,0.272776544,0.0582266748,0.411995322,1.11023796,-0.114585042,-0.0596355125,0.626971841,1.03395164,-0.245066568,0.363859624,1.13404715,1.47800589,-0.125630632,-0.0399202406,1.5310961,1.08618891,1.5438658,0.949720144,-1.10261989,-0.551693916,-0.110526666,0,0.180657908,-0.0162722114,-0.326868534,0.8073259,-0.0960749909,-0.631733954,-0.0489115976,0,-0.682535589,-1.22470379,-1.44643283,-0.396728605,0.0397858657,-0.82575953,0,-0.0533790924,-0.538130045,-0.759892046,-1.1134119,-0.267553866,0.645549893,-0.800828636,-0.0942896381,-0.0425597429,-0.404258102,1.47541523,-0.293324441,0.478939652,0.356744766,-0.7543782,-0.208661944,-0.0282166321,-0.296499252,1.25715935,0.436939895,0.0467257351,-0.448883235,-0.498878568,-0.199069589,5
0,-0.32890445,-0.894525409,0.511551023,-2.27269459,-1.00733483,-0.407344818,-0.114585042,-0.0596355125,-0.623986244,-1.90940797,1.00716376,-1.09406424,-1.33734202,-0.517234027,-0.125630632,-0.0399202406,-0.716925859,-1.73476028,1.20166171,0.464173138,-1.26353872,-0.551693916,-0.110526666,0,-0.79118371,-1.47728431,0.357350856,0.969825268,-1.10667133,-0.631733954,-0.0489115976,0,-0.682535589,-1.22470379,-0.969056785,0.618928909,-0.474024057,-0.82575953,0,-0.0533790924,-0.538130045,-1.0675199,-1.1134119,0.0524415746,0.645549893,-0.800828636,-0.0942896381,-0.0425597429,-0.404258102,0.416049123,0.855301201,0.668674052,1.17954874,0.894758165,2.70564985,-0.0282166321,-0.296499252,-0.712489545,-0.258292317,0.0467257351,1.41387439,3.42503452,7.42990828,1
0,-0.32890445,-1.10410953,-1.39864469,0.990595162,-0.297669798,-0.407344818,-0.114585042,-0.0596355125,-0.623986244,-1.72544801,0.255825579,0.988684118,-1.17258275,-0.517234027,-0.125630632,-0.0399202406,-0.4359231,0.204642251,1.5438658,-0.345071852,-1.26353872,-0.551693916,-0.110526666,0,1.80039394,1.12007058,0.186296016,-1.63016486,0.409223169,0.988305986,-0.0489115976,0,2.79210711,1.29847205,-0.17343016,-0.227452338,1.23867571,2.6198163,0,-0.0533790924,0.148251966,1.23968863,1.35087121,1.33242333,1.35455489,0.847859085,-0.0942896381,-0.0425597429,-0.404258102,-1.3495611,-1.05907488,1.23787713,0.356744766,-0.7543782,-0.208661944,-0.0282166321,-0.296499252,-1.10641932,-1.18526864,0.865321517,-0.618224859,-0.498878568,-0.199069589,4
0,-0.32890445,0.78214699,0.98909992,-0.174865454,-1.00733483,-0.407344818,-0.114585042,-0.0596355125,-0.311246723,1.03395164,0.255825579,0.988684118,-0.184027076,-0.517234027,-0.125630632,-0.0399202406,1.25009334,1.08618891,-0.16715458,-0.506920815,1.3111614,0.38713181,-0.110526666,0,2.12434125,0.795401216,-1.52425253,-1.63016486,0.577655911,2.06833267,-0.0489115976,0,1.63389289,0.82537657,-1.44643283,-1.75093865,-0.302754074,2.90694761,0,-0.0533790924,1.86420691,0.932060838,-1.1134119,-1.22754025,-0.240706354,2.96760058,-0.0942896381,-0.0425597429,1.25999665,1.47541523,-0.484762043,-0.469732195,1.01498795,0.482474059,-0.208661944,-0.0282166321,-0.296499252,0.666264713,0.900428057,0.865321517,0.567166388,-0.498878568,-0.199069589,0
0,-0.32890445,-0.0561892018,-0.204772368,0.990595162,1.83132553,1.11023796,-0.114585042,-0.0596355125,0.31423232,0.849991679,-0.245066568,-0.0526900552,1.29880655,0.622903049,-0.125630632,-0.0399202406,-0.716925859,-1.02952302,-1.19376683,0.464173138,0.989323914,-0.551693916,-0.110526666,0,-0.79118371,-0.340941578,1.04157031,0.969825268,1.41981947,2.60834575,-0.0489115976,0,-0.682535589,0.194582611,1.09957254,0.618928909,-0.816564023,-0.538628221,0,-0.0533790924,-0.538130045,-0.913705945,1.04283583,-0.107556142,-1.4814651,-0.800828636,-0.0942896381,-0.0425597429,-0.404258102,-0.643316984,1.23817647,-1.0389353,-1.45342398,-0.7543782,-0.208661944,-0.0282166321,-0.296499252,0.469299793,0.900428057,-2.40906167,-1.12624967,-0.498878568,-0.199069589,7
0,-0.32890445,-0.265773267,0.0340020917,0.990595162,0.766827881,-0.407344818,-0.114585042,-0.0596355125,-0.623986244,0.849991679,0.00537951011,0.363859624,0.475010067,-0.517234027,-0.125630632,-0.0399202406,-0.716925859,-1.55845106,-1.19376683,0.302324146,-0.137107387,-0.551693916,-0.110526666,0,-0.79118371,-0.82794565,-0.326868534,0.8073259,0.914521337,1.25831258,-0.0489115976,0,1.05478585,1.29847205,1.09957254,0.788205206,0.211055845,0.0356344357,0,-0.0533790924,-0.194939047,-0.452264249,0.734800398,-0.107556142,-1.4814651,-0.800828636,-0.0942896381,-0.0425597429,-0.404258102,-0.99643904,1.23817647,-1.41840398,-1.45342398,-0.7543782,-0.208661944,-0.0282166321,-0.296499252,0.0753700212,-0.0265482478,-2.40906167,-1.12624967,-0.498878568,-0.199069589,7
0,-0.32890445,-1.10410953,-2.35374236,0.524410903,-0.652502358,-0.407344818,-0.114585042,-0.0596355125,-0.623986244,-1.72544801,0.255825579,0.988684118,-0.348786354,-0.517234027,-0.125630632,-0.0399202406,-0.716925859,0.380951583,1.37276375,0.787871122,0.506567657,-0.551693916,-0.110526666,0,0.828552306,1.12007058,-0.840033114,0.8073259,-0.264507711,-0.631733954,-0.0489115976,0,2.79210711,1.14077353,-0.17343016,0.957481444,1.23867571,2.33268499,0,-0.0533790924,1.521016,1.39350259,1.35087121,1.33242333,-0.0634551048,-0.329775035,-0.0942896381,-0.0425597429,-0.404258102,-0.99643904,-0.676199675,1.23787713,-1.45342398,-0.7543782,-0.208661944,-0.0282166321,-0.296499252,-1.10641932,-2.34398913,0.456023633,-1.12624967,-0.498878568,-0.199069589,4
0,-0.32890445,-1.10410953,-0.68232125,0.757503033,1.12166035,-0.407344818,-0.114585042,-0.0596355125,-0.623986244,-1.17356813,-1.24685085,-0.677514553,0.969287932,-0.517234027,-0.125630632,-0.0399202406,-0.716925859,-1.73476028,-1.19376683,-1.15431678,0.828405142,0.38713181,-0.110526666,0,0.504605114,-0.0162722114,-0.155813694,-0.00517102238,0.914521337,-0.361727297,-0.0489115976,0,0.475678682,1.29847205,0.940447152,0.957481444,1.23867571,0.897028387,0,-0.0533790924,-0.538130045,-1.0675199,-1.1134119,1.01242793,-0.949711382,-0.800828636,-0.0942896381,-0.0425597429,-0.404258102,-1.3495611,-0.101886839,0.478939652,-1.45342398,-0.7543782,-0.208661944,-0.0282166321,-0.296499252,-1.10641932,-0.258292317,-0.976518989,-1.12624967,-0.498878568,-0.199069589,7
0,-0.32890445,0.153394848,0.750325441,0.990595162,0.766827881,-0.407344818,-0.114585042,-0.0596355125,0.31423232,1.03395164,-0.245066568,0.988684118,0.310250789,-0.517234027,-0.125630632,-0.0399202406,0.407085121,0.0283329226,0.517253578,1.43526709,-0.619863689,-0.551693916,-0.110526666,0,-0.79118371,-0.82794565,1.21262515,0.8073259,-0.769805908,-0.631733954,-0.0489115976,0,-0.682535589,-1.06700528,-0.0143048232,0.957481444,1.0674057,-0.251496881,0,-0.0533790924,-0.538130045,-1.0675199,-1.1134119,-0.74754703,1.35455489,0.612332284,-0.0942896381,-0.0425597429,-0.404258102,-0.819878042,-0.101886839,0.478939652,1.17954874,0.276332021,-0.208661944,-0.0282166321,-0.296499252,0.666264713,0.900428057,0.865321517,0.228483185,-0.498878568,-0.199069589,3
0,-0.32890445,-0.475357324,0.98909992,0.0582266748,1.12166035,1.71727109,-0.114585042,-0.0596355125,-0.623986244,0.298111767,0.255825579,0.572134435,1.29880655,1.19297159,-0.125630632,-0.0399202406,-0.716925859,-1.38214171,-1.19376683,-0.183222845,0.989323914,-0.551693916,-0.110526666,0,-0.79118371,-1.31494963,-0.840033114,0.482327133,0.409223169,-0.361727297,-0.0489115976,0,-0.682535589,0.194582611,1.09957254,0.957481444,1.23867571,1.47129107,0,-0.0533790924,-0.538130045,-0.452264249,0.734800398,0.692432463,-0.240706354,-0.565301836,-0.0942896381,-0.0425597429,-0.404258102,-1.3495611,0.855301201,-0.659466565,-1.45342398,-0.7543782,-0.208661944,-0.0282166321,-0.296499252,-0.318559766,0.900428057,-1.99976373,-1.12624967,-0.498878568,-0.199069589,7
0,-0.32890445,-0.265773267,0.272776544,0.524410903,1.83132553,0.503204882,-0.114585042,-0.0596355125,-0.623986244,-0.805648148,-0.245066568,-0.0526900552,1.29880655,-0.232199743,-0.125630632,-0.0399202406,-0.716925859,-1.73476028,-1.19376683,-0.0213738531,0.989323914,-0.551693916,-0.110526666,0,-0.79118371,-0.0162722114,1.21262515,0.969825268,1.41981947,2.60834575,-0.0489115976,0,-0.682535589,1.14077353,0.622196496,0.957481444,-0.302754074,-0.251496881,0,-0.0533790924,-0.538130045,-1.0675199,0.118729629,0.692432463,-1.4814651,-0.800828636,-0.0942896381,-0.0425597429,-0.404258102,-0.99643904,0.855301201,-0.659466565,-1.45342398,-0.7543782,-0.208661944,-0.0282166321,-0.296499252,0.469299793,0.205195829,-2.2044127,-1.12624967,-0.498878568,-0.199069589,7
0,2.92647266,1.41089916,0.0340020917,0.524410903,1.65390921,0.503204882,-0.114585042,-0.0596355125,0.626971841,0.849991679,-1.99818909,-1.30233908,-0.678304911,-0.517234027,-0.125630632,-0.0399202406,0.688087881,0.380951583,-1.19376683,-1.15431678,-0.941701174,-0.551693916,-0.110526666,0,0.828552306,0.957735896,0.528405726,0.8073259,1.25138676,0.718299329,-0.0489115976,0,0.765232265,0.667678058,-0.491680831,-1.75093865,-0.131484106,1.47129107,0,-0.0533790924,-0.538130045,-1.0675199,-1.1134119,-1.22754025,0.291047394,0.847859085,-0.0942896381,-0.0425597429,0.150493473,0.239488095,-1.82482529,-0.469732195,0.850427151,-0.548236191,-0.208661944,-0.0282166321,1.83321249,1.84805405,0.900428057,0.456023633,-0.618224859,-0.498878568,-0.199069589,5
0,-0.32890445,-0.265773267,0.272776544,0.757503033,0.589411557,-0.407344818,-0.114585042,-0.0596355125,0.626971841,0.666031718,-1.49729693,-1.09406424,1.29880655,-0.517234027,-0.125630632,-0.0399202406,1.25009334,0.380951583,-0.851562738,-0.830618858,1.3111614,-0.551693916,-0.110526666,0,0.504605114,1.12007058,1.04157031,0.644826531,-0.0960749909,-0.631733954,-0.0489115976,0,-0.682535589,0.194582611,1.09957254,0.957481444,-0.645294011,-0.82575953,0,-0.0533790924,-0.538130045,0.470619142,-0.189305753,0.0524415746,1.17730367,-0.329775035,-0.0942896381,-0.0425597429,-0.404258102,0.592610121,-0.101886839,-1.0389353,0.685866356,1.51318431,-0.208661944,-0.0282166321,-0.296499252,-0.712489545,0.436939895,0.865321517,1.41387439,0.972588837,-0.199069589,8
0,-0.32890445,-1.10410953,0.0340020917,0.524410903,-0.829918623,-0.407344818,-0.114585042,-0.0596355125,-0.623986244,-0.989608109,1.00716376,0.363859624,-1.33734202,-0.517234027,-0.125630632,-0.0399202406,-0.716925859,0.0283329226,1.37276375,-0.992467821,-1.26353872,-0.551693916,-0.110526666,0,-0.79118371,0.795401216,1.04157031,-0.167670414,-0.938238621,-0.631733954,-0.0489115976,0,-0.392982006,1.29847205,0.940447152,0.957481444,1.0674057,-0.251496881,0,-0.0533790924,-0.538130045,1.23968863,-0.0352880657,-1.06754243,0.645549893,1.55443954,-0.0942896381,-0.0425597429,-0.404258102,0.416049123,0.855301201,-1.0389353,1.01498795,1.71932638,-0.208661944,-0.0282166321,-0.296499252,-1.10641932,-0.258292317,0.865321517,1.41387439,0.727344275,-0.199069589,6
0,1.84134698,2.03965139,0.98909992,0.757503033,-0.652502358,-0.407344818,-0.114585042,-0.0596355125,1.87792993,0.666031718,-0.996404767,0.780409276,-0.0192677919,-0.517234027,-0.125630632,-0.0399202406,1.25009334,-0.853213727,-0.851562738,1.43526709,-0.458944917,-0.551693916,-0.110526666,0,-0.79118371,-1.47728431,0.528405726,0.482327133,-1.27510405,-0.631733954,-0.0489115976,0,-0.682535589,0.0368841328,0.940447152,-1.58166242,-1.5016439,-0.82575953,0,-0.0533790924,-0.194939047,1.23968863,-0.0352880657,-1.22754025,-1.4814651,-0.800828636,-0.0942896381,-0.0425597429,1.81474817,1.47541523,-0.101886839,-0.279997826,-0.136937618,-0.342094123,-0.208661944,-0.0282166321,1.83321249,1.84805405,0.900428057,0.865321517,1.58321595,2.68930078,-0.199069589,2
0,-0.32890445,-0.265773267,0.750325441,-1.107234,-1.00733483,-0.407344818,-0.114585042,-0.0596355125,-0.311246723,0.482071757,0.00537951011,1.1969589,-1.00782347,0.0528345145,-0.125630632,-0.0399202406,1.25009334,0.204642251,-1.19376683,0.62602216,0.66748637,-0.238752022,-0.110526666,0,0.504605114,-0.178606898,-0.497923404,0.482327133,-0.769805908,-0.631733954,-0.0489115976,0,0.186125115,1.29847205,0.940447152,-1.58166242,-1.5016439,-0.82575953,0,-0.0533790924,0.148251966,1.39350259,1.04283583,-0.267553866,-1.4814651,-0.800828636,-0.0942896381,-0.0425597429,1.25999665,1.47541523,0.0895507634,0.858408391,-0.959741592,-0.7543782,-0.208661944,-0.0282166321,-0.296499252,-0.712489545,-0.721780479,0.0467257351,-0.618224859,-0.498878568,-0.199069589,8
0,-0.32890445,0.991731048,0.272776544,-2.73887897,-1.00733483,-0.407344818,-0.114585042,-0.0596355125,-0.623986244,0.666031718,0.756717741,0.155584782,-1.33734202,-0.517234027,-0.125630632,-0.0399202406,-0.716925859,0.380951583,0.346151531,1.43526709,0.0238113683,0.0741898865,-0.110526666,0,-0.79118371,-0.665610969,0.870515406,0.969825268,0.577655911,-0.361727297,-0.0489115976,0,-0.682535589,-0.751608312,1.09957254,-0.0581760854,-1.5016439,-0.82575953,0,-0.0533790924,-0.538130045,0.778246939,0.580782712,1.33242333,-1.4814651,-0.800828636,-0.0942896381,-0.0425597429,0.150493473,1.47541523,-0.484762043,1.23787713,-0.630620003,-0.7543782,-0.208661944,-0.0282166321,-0.296499252,1.06019449,0.900428057,0.251374692,-0.956908047,-0.498878568,-0.199069589,8
0,-0.32890445,-1.10410953,-2.35374236,0.524410903,-1.00733483,-0.407344818,-0.114585042,-0.0596355125,-0.623986244,-1.90940797,-1.99818909,0.988684118,-1.33734202,-0.517234027,-0.125630632,-0.0399202406,-0.716925859,-1.73476028,0.688355625,0.464173138,-0.458944917,1.63889945,-0.110526666,0,-0.79118371,0.308397144,1.04157031,-1.30516613,0.914521337,1.25831258,-0.0489115976,0,2.21300006,1.29847205,-0.17343016,-0.396728605,1.23867571,0.897028387,0,-0.0533790924,2.20739794,0.778246939,0.734800398,0.852430165,1.17730367,-0.565301836,-0.0942896381,-0.0425597429,-0.404258102,-1.3495611,-1.82482529,0.0994709209,0.192183971,-0.7543782,-0.208661944,-0.0282166321,-0.296499252,-1.10641932,-2.57573318,0.251374692,-0.618224859,-0.498878568,-0.199069589,4
0,4.01159859,0.362978905,0.272776544,0.990595162,1.83132553,0.806721449,-0.114585042,-0.0596355125,2.81614852,1.03395164,0.50627166,-0.2609649,-1.00782347,-0.517234027,-0.125630632,-0.0399202406,3.21711254,-0.853213727,-1.19376683,-1.15431678,-1.26353872,-0.551693916,-0.110526666,0,3.09618282,-0.178606898,-1.52425253,-1.63016486,-1.27510405,-0.631733954,-0.0489115976,0,1.92344654,0.667678058,-1.44643283,-1.75093865,-1.5016439,-0.82575953,0,-0.0533790924,0.148251966,0.932060838,1.35087121,0.212439299,-1.4814651,-0.800828636,-0.0942896381,-0.0425597429,0.150493473,-0.819878042,0.855301201,1.23787713,-0.959741592,-0.7543782,-0.208661944,-0.0282166321,3.96292424,1.65108919,0.900428057,0.251374692,-1.12624967,-0.498878568,-0.199069589,5
0,-0.32890445,0.991731048,0.750325441,-2.27269459,-1.00733483,-0.407344818,-0.114585042,-0.0596355125,1.56519043,1.03395164,1.00716376,-0.885789394,-1.33734202,-0.517234027,-0.125630632,-0.0399202406,2.65510702,0.557260871,0.859457612,0.302324146,-1.26353872,-0.551693916,-0.110526666,0,1.80039394,-0.0162722114,0.699460566,-0.492669165,-1.27510405,-0.631733954,-0.0489115976,0,-0.682535589,-1.22470379,1.09957254,-0.904557347,-1.5016439,-0.82575953,0,-0.0533790924,-0.538130045,-0.144636467,1.19685352,-1.06754243,-1.4814651,-0.800828636,-0.0942896381,-0.0425597429,-0.404258102,1.47541523,0.855301201,-1.0389353,-0.630620003,0.894758165,2.70564985,-0.0282166321,-0.296499252,0.469299793,0.900428057,0.865321517,1.58321595,3.42503452,4.37831736,2
0,-0.32890445,0.991731048,0.98909992,0.524410903,-0.829918623,-0.407344818,-0.114585042,-0.0596355125,-0.623986244,0.666031718,1.00716376,1.1969589,-0.184027076,-0.517234027,-0.125630632,-0.0399202406,-0.716925859,-1.55845106,-0.338256598,1.43526709,-0.137107387,-0.551693916,-0.110526666,0,-0.79118371,-1.15261495,0.186296016,0.969825268,0.577655911,0.988305986,-0.0489115976,0,1.34433937,1.29847205,1.09957254,0.788205206,0.553595781,1.18415976,0,-0.0533790924,3.2369709,0.470619142,1.19685352,0.37243703,-1.4814651,-0.800828636,-0.0942896381,-0.0425597429,-0.404258102,-0.290194958,1.23817647,-1.41840398,-1.45342398,-0.7543782,-0.208661944,-0.0282166321,-0.296499252,1.45412421,-0.721780479,-2.40906167,-1.12624967,-0.498878568,-0.199069589,7
0,-0.32890445,-0.684941351,0.272776544,0.990595162,1.83132553,4.44892025,11.1821527,-0.0596355125,-0.623986244,-0.253768176,0.756717741,-0.469239712,0.145491496,4.04331398,7.60460663,-0.0399202406,-0.716925859,0.0283329226,0.517253578,-1.15431678,-0.298026145,3.82949281,2.06028628,0,-0.467236519,1.12007058,-0.668978274,-1.46766543,1.41981947,0.448292673,-0.0489115976,0,-0.682535589,-0.5939098,-1.44643283,-0.227452338,0.724865794,-0.82575953,0,-0.0533790924,-0.538130045,-1.0675199,-0.497341156,1.17242563,-1.30421388,-0.800828636,-0.0942896381,-0.0425597429,-0.404258102,-1.3495611,0.855301201,0.0994709209,-1.45342398,-0.7543782,-0.208661944,-0.0282166321,-0.296499252,-0.515524685,0.668684006,-1.5904659,-1.12624967,-0.498878568,-0.199069589,7
0,1.84134698,1.41089916,0.98909992,0.0582266748,-1.00733483,-0.407344818,-0.114585042,-0.0596355125,1.56519043,1.03395164,0.255825579,1.1969589,-0.843064249,-0.517234027,-0.125630632,-0.0399202406,-0.716925859,-1.20583236,-0.338256598,1.43526709,-1.26353872,-0.551693916,-0.110526666,0,-0.79118371,-0.99028033,1.04157031,-0.492669165,-1.27510405,-0.631733954,-0.0489115976,0,-0.682535589,0.509979606,0.622196496,-1.75093865,-1.5016439,-0.82575953,0,-0.0533790924,1.521016,0.932060838,-0.959394217,-1.22754025,-1.4814651,-0.800828636,-0.0942896381,-0.0425597429,2.92425132,1.47541523,0.280988365,-0.279997826,0.356744766,0.276332021,-0.208661944,-0.0282166321,-0.296499252,1.84805405,0.900428057,0.865321517,1.41387439,0.236855134,-0.199069589,2
0,-0.32890445,0.153394848,0.511551023,-0.407957584,-0.652502358,-0.407344818,-0.114585042,-0.0596355125,-0.623986244,0.849991679,0.756717741,0.572134435,1.13404715,0.33786878,-0.125630632,-0.0399202406,-0.154920369,1.08618891,0.517253578,-1.15431678,0.828405142,2.26478338,-0.110526666,0,-0.467236519,1.12007058,-0.668978274,-1.63016486,0.746088624,0.718299329,-0.0489115976,0,-0.682535589,1.29847205,-0.969056785,-1.75093865,0.724865794,0.897028387,0,-0.0533790924,-0.194939047,1.23968863,-0.343323469,-0.267553866,0.822801173,-0.565301836,-0.0942896381,-0.0425597429,-0.404258102,1.47541523,0.280988365,0.858408391,0.192183971,-0.7543782,-0.208661944,-0.0282166321,-0.296499252,0.272334903,0.900428057,-0.157923222,-0.956908047,-0.498878568,-0.199069589,0
0,-0.32890445,0.991731048,0.98909992,0.291318804,-0.120253511,-0.407344818,-0.114585042,-0.0596355125,1.56519043,0.482071757,-1.74774301,0.780409276,0.639769375,-0.517234027,-0.125630632,-0.0399202406,1.81209886,0.0283329226,-1.19376683,0.949720144,0.989323914,-0.551693916,-0.110526666,0,0.504605114,0.957735896,0.699460566,0.969825268,1.25138676,0.178286016,-0.0489115976,0,-0.682535589,-0.909306765,-0.491680831,-1.24310982,0.553595781,1.47129107,0,-0.0533790924,-0.538130045,-1.0675199,-1.1134119,-1.22754025,0.645549893,1.08338594,-0.0942896381,-0.0425597429,-0.404258102,0.769171178,-0.676199675,-0.849200904,1.01498795,0.0701899752,-0.208661944,-0.0282166321,-0.296499252,0.666264713,0.205195829,0.865321517,0.228483185,-0.498878568,-0.199069589,9
0,-0.32890445,0.991731048,0.272776544,-2.27269459,-1.00733483,-0.407344818,-0.114585042,-0.0596355125,-0.623986244,0.298111767,1.00716376,-0.0526900552,-1.33734202,-0.517234027,-0.125630632,-0.0399202406,-0.716925859,-0.500595033,1.20166171,1.43526709,-1.26353872,-0.551693916,-0.110526666,0,-0.79118371,-1.47728431,-1.18214285,0.969825268,-1.10667133,-0.631733954,-0.0489115976,0,-0.682535589,-1.22470379,-1.12818217,0.957481444,-1.33037388,-0.82575953,0,-0.0533790924,-0.538130045,-0.452264249,0.118729629,1.17242563,-1.4814651,-0.800828636,-0.0942896381,-0.0425597429,-0.404258102,1.47541523,1.23817647,1.23787713,0.685866356,1.51318431,-0.208661944,-0.0282166321,-0.296499252,0.469299793,0.436939895,-0.771870077,0.736508012,2.93454528,0.309528947,2
0,-0.32890445,-1.10410953,-0.68232125,-0.874141812,-1.00733483,-0.407344818,-0.114585042,-0.0596355125,-0.623986244,-1.72544801,1.00716376,-1.71888876,-1.33734202,-0.517234027,-0.125630632,-0.0399202406,-0.716925859,-0.67690438,1.20166171,-1.15431678,-1.26353872,-0.551693916,-0.110526666,0,-0.79118371,-0.0162722114,0.357350856,-1.63016486,-0.769805908,-0.631733954,-0.0489115976,0,-0.682535589,0.82537657,-0.17343016,0.449652672,0.724865794,2.04555368,0,-0.0533790924,-0.538130045,0.778246939,1.35087121,0.0524415746,-1.4814651,2.26101995,4.84413004,-0.0425597429,-0.404258102,-0.290194958,1.23817647,-0.849200904,0.0276231728,1.92546833,-0.208661944,-0.0282166321,-0.296499252,-1.10641932,-0.95352453,0.660672605,1.24453282,0.482099682,-0.199069589,6
0,-0.32890445,-0.894525409,-0.921095729,0.757503033,0.944244146,0.503204882,-0.114585042,-0.0596355125,-0.623986244,0.114151776,0.00537951011,-0.2609649,0.969287932,2.61814284,-0.125630632,-0.0399202406,-0.154920369,0.733570218,-1.19376683,-1.15431678,0.828405142,1.32595754,-0.110526666,0,1.47644675,0.957735896,-0.155813694,0.319827735,0.240790457,-0.631733954,-0.0489115976,0,-0.682535589,-0.278512836,0.622196496,0.957481444,-0.131484106,-0.82575953,0,-0.0533790924,-0.538130045,-1.0675199,0.888818085,0.212439299,1.17730367,0.141278625,-0.0942896381,-0.0425597429,-0.404258102,-1.3495611,1.23817647,-0.279997826,0.850427151,-0.13595207,-0.208661944,-0.0282166321,-0.296499252,-1.10641932,-0.258292317,0.660672605,0.228483185,-0.498878568,-0.199069589,8
0,-0.32890445,0.153394848,0.511551023,0.524410903,1.29907668,2.93133736,-0.114585042,-0.0596355125,-0.623986244,0.666031718,0.00537951011,-1.09406424,-0.678304911,0.0528345145,-0.125630632,-0.0399202406,0.126082376,1.08618891,1.5438658,-0.506920815,-1.26353872,-0.551693916,-0.110526666,0,-0.143289298,0.308397144,0.357350856,0.969825268,-0.769805908,-0.631733954,-0.0489115976,0,-0.682535589,-1.22470379,-1.44643283,-0.566004872,0.211055845,-0.82575953,0,-0.0533790924,-0.538130045,-1.0675199,-1.1134119,-1.06754243,0.468298674,-0.800828636,-0.0942896381,-0.0425597429,-0.404258102,-0.819878042,-0.484762043,0.478939652,-0.136937618,-0.7543782,-0.208661944,-0.0282166321,-0.296499252,0.272334903,0.436939895,-0.157923222,-0.956908047,-0.498878568,-0.199069589,5
0,-0.32890445,-0.894525409,0.750325441,0.757503033,-0.652502358,-0.407344818,-0.114585042,-0.0596355125,-0.623986244,-1.90940797,0.00537951011,1.1969589,-0.184027076,-0.517234027,-0.125630632,-0.0399202406,-0.716925859,-1.73476028,1.20166171,1.43526709,-0.458944917,-0.551693916,-0.110526666,0,-0.79118371,-1.47728431,0.699460566,0.969825268,-0.938238621,-0.631733954,-0.0489115976,0,-0.682535589,-0.909306765,1.09957254,0.449652672,-1.5016439,-0.82575953,0,-0.0533790924,-0.538130045,-0.144636467,1.35087121,0.852430165,-1.4814651,-0.800828636,-0.0942896381,-0.0425597429,-0.404258102,-0.290194958,1.23817647,0.289205283,-1.45342398,-0.7543782,-0.208661944,-0.0282166321,-0.296499252,-0.909454465,0.436939895,0.865321517,0.0591415763,-0.498878568,-0.199069589,1
0,-0.32890445,0.991731048,0.98909992,0.990595162,0.766827881,-0.407344818,-0.114585042,-0.0596355125,0.626971841,1.03395164,-1.49729693,-1.9271636,1.29880655,0.0528345145,-0.125630632,-0.0399202406,-0.716925859,0.0283329226,-1.19376683,-0.992467821,1.3111614,0.38713181,-0.110526666,0,-0.79118371,-1.47728431,-1.52425253,-0.817667961,1.25138676,-0.631733954,-0.0489115976,0,-0.682535589,-1.22470379,-1.44643283,0.111100167,0.382325828,-0.82575953,0,-0.0533790924,-0.538130045,-1.0675199,-0.80537653,1.17242563,-0.772460103,-0.800828636,-0.0942896381,-0.0425597429,-0.404258102,-0.99643904,0.663863599,1.23787713,0.521305561,0.894758165,-0.208661944,-0.0282166321,-0.296499252,1.45412421,0.668684006,-0.157923222,0.228483185,2.93454528,3.36111999,2
0,-0.32890445,0.991731048,0.98909992,0.757503033,0.411995322,0.1996883,-0.114585042,-0.0596355125,2.19066954,1.03395164,0.00537951011,-0.469239712,0.145491496,0.33786878,-0.125630632,-0.0399202406,2.93610978,1.08618891,0.346151531,-1.15431678,-1.26353872,-0.551693916,-0.110526666,0,1.47644675,1.12007058,1.21262515,-0.00517102238,-1.27510405,-0.631733954,-0.0489115976,0,1.34433937,0.82537657,-0.17343016,0.957481444,-0.816564023,-0.82575953,0,-0.0533790924,-0.538130045,-1.0675199,-0.959394217,1.33242333,-0.595208883,-0.800828636,-0.0942896381,-0.0425597429,-0.404258102,-0.99643904,0.472425967,1.04814279,-1.28886318,-0.7543782,-0.208661944,-0.0282166321,-0.296499252,1.45412421,0.900428057,-1.18116796,-1.12624967,-0.498878568,-0.199069589,5
0,-0.32890445,0.991731048,0.272776544,-0.874141812,-0.829918623,-0.407344818,-0.114585042,-0.0596355125,-0.623986244,1.03395164,1.00716376,1.1969589,-0.0192677919,-0.517234027,-0.125630632,-0.0399202406,-0.716925859,-0.67690438,-1.02266479,0.62602216,0.184730127,-0.551693916,-0.110526666,0,-0.79118371,-1.47728431,-1.52425253,0.482327133,0.0723577365,-0.631733954,-0.0489115976,0,-0.682535589,-1.22470379,-0.650806129,0.788205206,-0.816564023,-0.82575953,0,-0.0533790924,-0.538130045,0.162991345,1.35087121,0.37243703,-1.4814651,-0.800828636,-0.0942896381,-0.0425597429,4.03375435,1.47541523,1.23817647,1.23787713,1.01498795,0.0701899752,-0.208661944,-0.0282166321,1.83321249,0.863229573,-0.258292317,-0.976518989,-0.787566423,-0.498878568,-0.199069589,2
0,1.84134698,1.20131516,0.98909992,0.990595162,0.411995322,-0.103828259,-0.114585042,-0.0596355125,0.00149279006,0.298111767,-0.745958686,-0.2609649,1.29880655,2.33310866,-0.125630632,-0.0399202406,-0.716925859,-1.73476028,-1.19376683,-0.506920815,1.3111614,2.26478338,-0.110526666,0,-0.79118371,-1.47728431,-1.18214285,0.8073259,1.41981947,-0.631733954,-0.0489115976,0,-0.682535589,-1.22470379,-0.969056785,0.957481444,0.896135747,-0.82575953,0,-0.0533790924,-0.538130045,-1.0675199,-1.1134119,0.852430165,1.35455489,-0.0942482054,-0.0942896381,-0.0425597429,-0.404258102,-0.643316984,0.280988365,1.23787713,-0.136937618,-0.7543782,-0.208661944,-0.0282166321,2.89806843,1.84805405,-0.0265482478,-1.5904659,-1.12624967,-0.498878568,-0.199069589,3
0,-0.32890445,-1.10410953,-2.35374236,0.990595162,-0.475086063,-0.407344818,-0.114585042,-0.0596355125,-0.623986244,-1.90940797,0.00537951011,0.572134435,-1.33734202,-0.517234027,-0.125630632,-0.0399202406,-0.716925859,-0.324285716,1.37276375,-0.830618858,-1.10261989,-0.551693916,-0.110526666,0,-0.467236519,0.957735896,-0.155813694,-1.46766543,0.914521337,2.33833909,-0.0489115976,0,1.92344654,1.29847205,-0.332555473,0.280376405,1.23867571,0.322765768,0,-0.0533790924,1.17782497,0.932060838,1.35087121,1.33242333,0.468298674,-0.800828636,-0.0942896381,-0.0425597429,-0.404258102,-1.3495611,-1.44195008,1.23787713,-0.630620003,-0.7543782,-0.208661944,-0.0282166321,-0.296499252,-1.10641932,-1.88050091,0.865321517,-0.787566423,-0.498878568,-0.199069589,4
0,2.92647266,2.03965139,0.98909992,-0.874141812,-1.00733483,-0.407344818,-0.114585042,-0.0596355125,2.19066954,1.03395164,-0.245066568,0.988684118,-1.00782347,-0.517234027,-0.125630632,-0.0399202406,2.37410426,0.0283329226,-0.509358644,1.43526709,-0.941701174,-0.551693916,-0.110526666,0,-0.143289298,-0.82794565,-0.497923404,0.969825268,-1.10667133,-0.631733954,-0.0489115976,0,-0.682535589,-1.22470379,0.144820511,0.449652672,-1.5016439,-0.82575953,0,-0.0533790924,-0.538130045,-0.759892046,1.04283583,0.852430165,-1.4814651,-0.800828636,-0.0942896381,-0.0425597429,1.25999665,1.47541523,1.23817647,1.23787713,1.17954874,1.92546833,0.762775302,-0.0282166321,2.89806843,2.04501891,-0.0265482478,-0.771870077,0.905849576,2.19881153,0.309528947,2
0,-0.32890445,-0.894525409,0.98909992,-0.174865454,-1.00733483,-0.407344818,-0.114585042,-0.0596355125,-0.623986244,-1.90940797,0.756717741,1.1969589,-1.17258275,-0.517234027,-0.125630632,-0.0399202406,-0.716925859,-1.73476028,1.37276375,1.11156917,-1.26353872,-0.551693916,-0.110526666,0,-0.79118371,-1.15261495,1.21262515,0.644826531,-1.27510405,-0.631733954,-0.0489115976,0,-0.682535589,-1.06700528,1.09957254,0.788205206,-1.5016439,-0.82575953,0,-0.0533790924,-0.538130045,-1.0675199,1.04283583,0.852430165,-1.4814651,-0.800828636,-0.0942896381,-0.0425597429,-0.404258102,-1.3495611,0.663863599,0.0994709209,-1.45342398,-0.7543782,-0.208661944,-0.0282166321,-0.296499252,-1.10641932,-0.0265482478,-0.157923222,-1.12624967,-0.498878568,-0.199069589,1
0,-0.32890445,0.991731048,-0.443546832,0.524410903,1.83132553,3.841887,-0.114585042,-0.0596355125,-0.623986244,0.666031718,-0.996404767,-1.30233908,-1.33734202,-0.517234027,-0.125630632,-0.0399202406,-0.716925859,1.08618891,-1.19376683,-0.183222845,0.506567657,1.01301563,-0.110526666,0,0.180657908,1.12007058,0.870515406,-0.00517102238,0.409223169,1.7983259,-0.0489115976,0,0.186125115,0.983075023,-0.650806129,-1.75093865,0.0397858657,1.47129107,0,-0.0533790924,-0.538130045,-1.0675199,-1.1134119,-0.267553866,0.822801173,-0.800828636,-0.0942896381,-0.0425597429,-0.404258102,-0.819878042,-0.101886839,0.668674052,-0.959741592,-0.7543782,-0.208661944,-0.0282166321,-0.296499252,0.469299793,0.205195829,-2.2044127,-1.12624967,-0.498878568,-0.199069589,5
0,-0.32890445,0.153394848,0.98909992,-0.174865454,-1.00733483,-0.407344818,-0.114585042,-0.0596355125,-0.623986244,-0.253768176,1.00716376,1.1969589,-0.513545632,-0.517234027,-0.125630632,-0.0399202406,-0.716925859,-0.324285716,1.5438658,1.43526709,-0.619863689,-0.551693916,-0.110526666,0,-0.79118371,0.146062478,1.21262515,0.482327133,-1.27510405,-0.631733954,-0.0489115976,0,-0.682535589,0.82537657,1.09957254,0.280376405,-1.5016439,-0.82575953,0,-0.0533790924,-0.538130045,0.470619142,1.35087121,0.212439299,-1.4814651,-0.800828636,-0.0942896381,-0.0425597429,-0.404258102,0.239488095,1.23817647,0.0994709209,-1.45342398,-0.7543782,-0.208661944,-0.0282166321,-0.296499252,-0.318559766,0.668684006,0.865321517,-0.618224859,-0.498878568,-0.199069589,1
0,-0.32890445,-1.10410953,-1.39864469,0.291318804,0.411995322,-0.407344818,-0.114585042,-0.0596355125,-0.623986244,-0.621688128,1.00716376,-0.469239712,-0.678304911,-0.517234027,-0.125630632,-0.0399202406,0.126082376,0.909879565,-0.851562738,-1.15431678,-1.26353872,-0.551693916,-0.110526666,0,1.15249956,0.470731825,-0.840033114,-1.63016486,-1.27510405,-0.631733954,-0.0489115976,0,0.475678682,1.29847205,0.622196496,0.449652672,-0.987833977,-0.82575953,0,-0.0533790924,0.148251966,1.23968863,-0.80537653,-0.427551597,1.00005245,-0.800828636,-0.0942896381,-0.0425597429,-0.404258102,0.239488095,0.0895507634,-1.41840398,1.01498795,-0.7543782,-0.208661944,-0.0282166321,-0.296499252,-1.10641932,-0.95352453,0.660672605,0.905849576,-0.498878568,-0.199069589,6
0,0.756221235,0.991731048,0.98909992,0.757503033,-0.829918623,-0.407344818,-0.114585042,-0.0596355125,0.31423232,0.849991679,-0.495512635,1.1969589,-0.678304911,-0.517234027,-0.125630632,-0.0399202406,-0.716925859,-1.55845106,0.688355625,1.27341807,-1.26353872,-0.551693916,-0.110526666,0,-0.79118371,0.470731825,1.21262515,0.8073259,-0.769805908,-0.631733954,-0.0489115976,0,-0.682535589,-1.22470379,-1.2873075,0.111100167,1.0674057,-0.538628221,0,-0.0533790924,2.20739794,-0.606078148,-1.1134119,-0.74754703,1.35455489,0.847859085,-0.0942896381,-0.0425597429,6.80751228,1.29885423,-0.676199675,-0.279997826,1.17954874,0.482474059,-0.208661944,-0.0282166321,-0.296499252,1.25715935,0.900428057,0.865321517,0.0591415763,-0.498878568,-0.199069589,3
0,-0.32890445,0.572562933,0.98909992,-1.80651033,-1.00733483,-0.407344818,-0.114585042,-0.0596355125,1.25245082,0.298111767,-2.49908113,0.780409276,0.804528654,-0.517234027,-0.125630632,-0.0399202406,1.81209886,-0.67690438,-1.02266479,1.11156917,0.989323914,-0.551693916,-0.110526666,0,-0.143289298,0.308397144,0.528405726,-0.330169797,1.41981947,-0.0917206332,-0.0489115976,0,-0.682535589,-1.22470379,-1.44643283,-1.75093865,0.382325828,1.47129107,0,-0.0533790924,-0.538130045,-1.0675199,-1.1134119,-1.22754025,-0.240706354,1.31891274,-0.0942896381,-0.0425597429,-0.404258102,-0.99643904,-1.82482529,-1.60813844,0.521305561,0.482474059,-0.208661944,-0.0282166321,-0.296499252,0.469299793,-0.721780479,0.251374692,0.0591415763,-0.498878568,-0.199069589,9
0,-0.32890445,0.991731048,0.750325441,0.291318804,-0.829918623,-0.407344818,-0.114585042,-0.0596355125,0.626971841,1.03395164,-1.24685085,0.572134435,-0.184027076,-0.517234027,-0.125630632,-0.0399202406,-0.154920369,0.204642251,-1.19376683,0.787871122,-0.298026145,-0.551693916,-0.110526666,0,-0.79118371,-1.47728431,-0.840033114,0.644826531,-1.27510405,-0.631733954,-0.0489115976,0,-0.682535589,-1.06700528,0.940447152,-0.73528111,-1.5016439,-0.82575953,0,-0.0533790924,-0.538130045,0.316805243,0.734800398,-1.22754025,-1.4814651,-0.800828636,-0.0942896381,-0.0425597429,1.81474817,1.47541523,-0.484762043,-0.469732195,0.685866356,-0.13595207,-0.208661944,-0.0282166321,-0.296499252,0.863229573,0.900428057,0.0467257351,-0.618224859,-0.498878568,-0.199069589,2
0,-0.32890445,0.153394848,0.98909992,0.990595162,1.83132553,3.23485398,-0.114585042,-0.0596355125,-0.623986244,0.482071757,-0.495512635,-0.469239712,1.29880655,0.907937288,-0.125630632,-0.0399202406,-0.4359231,0.909879565,-1.02266479,0.302324146,0.66748637,-0.551693916,-0.110526666,0,-0.79118371,-0.82794565,-1.52425253,0.482327133,-0.0960749909,-0.631733954,-0.0489115976,0,-0.682535589,0.352281094,1.09957254,0.957481444,1.23867571,1.75842237,0,-0.0533790924,-0.538130045,0.00917744078,1.04283583,0.692432463,-0.0634551048,-0.0942482054,-0.0942896381,-0.0425597429,-0.404258102,-0.819878042,1.04673874,-0.849200904,-1.45342398,-0.7543782,-0.208661944,-0.0282166321,-0.296499252,0.469299793,0.668684006,-2.40906167,-1.12624967,-0.498878568,-0.199069589,7
0,-0.32890445,-0.894525409,0.511551023,-0.874141812,0.411995322,-0.103828259,-0.114585042,-0.0596355125,-0.623986244,-0.0698082,0.255825579,-0.469239712,1.29880655,-0.232199743,-0.125630632,-0.0399202406,-0.154920369,1.08618891,-0.509358644,0.464173138,0.506567657,-0.551693916,-0.110526666,0,1.47644675,0.957735896,-0.497923404,0.644826531,1.41981947,2.8783524,-0.0489115976,0,0.186125115,1.29847205,1.09957254,0.788205206,0.0397858657,-0.251496881,0,-0.0533790924,-0.538130045,-0.606078148,0.580782712,0.212439299,-1.4814651,-0.800828636,-0.0942896381,-0.0425597429,-0.404258102,-1.3495611,0.472425967,-1.0389353,-1.45342398,-0.7543782,-0.208661944,-0.0282166321,-0.296499252,-1.10641932,-0.0265482478,-2.40906167,-1.12624967,-0.498878568,-0.199069589,4
0,-0.32890445,-1.10410953,-2.35374236,0.757503033,0.411995322,-0.407344818,-0.114585042,-0.0596355125,-0.623986244,-1.90940797,-0.245066568,1.1969589,-0.678304911,-0.517234027,-0.125630632,-0.0399202406,-0.716925859,-0.147976398,1.5438658,1.43526709,-1.26353872,-0.551693916,-0.110526666,0,0.180657908,0.957735896,1.21262515,0.969825268,-1.27510405,-0.631733954,-0.0489115976,0,2.79210711,1.29847205,1.09957254,0.957481444,0.896135747,0.897028387,0,-0.0533790924,1.521016,0.778246939,1.04283583,1.33242333,0.645549893,0.376805425,-0.0942896381,-0.0425597429,-0.404258102,-1.3495611,-0.293324441,0.668674052,-1.45342398,-0.7543782,-0.208661944,-0.0282166321,-0.296499252,-1.10641932,-2.34398913,0.456023633,-0.956908047,-0.498878568,-0.199069589,4
0,-0.32890445,0.153394848,0.750325441,0.757503033,-0.297669798,-0.407344818,-0.114585042,-0.0596355125,1.25245082,1.03395164,1.00716376,1.1969589,0.969287932,-0.517234027,-0.125630632,-0.0399202406,1.25009334,1.08618891,1.20166171,1.43526709,0.828405142,-0.551693916,-0.110526666,0,-0.79118371,-0.99028033,-0.326868534,0.969825268,-0.264507711,-0.631733954,-0.0489115976,0,-0.682535589,-1.22470379,-1.12818217,0.957481444,0.0397858657,-0.82575953,0,-0.0533790924,-0.538130045,-1.0675199,-1.1134119,1.01242793,1.17730367,-0.800828636,-0.0942896381,-0.0425597429,-0.404258102,-0.113633938,0.0895507634,1.23787713,0.850427151,-0.7543782,-0.208661944,-0.0282166321,-0.296499252,0.272334903,0.668684006,0.660672605,-0.448883235,-0.498878568,-0.199069589,3
0,-0.32890445,-0.0561892018,0.511551023,-0.174865454,-1.00733483,-0.407344818,-0.114585042,-0.0596355125,-0.623986244,0.849991679,1.00716376,0.988684118,-1.33734202,-0.517234027,-0.125630632,-0.0399202406,-0.716925859,0.0283329226,0.175049499,1.43526709,-1.10261989,-0.551693916,-0.110526666,0,-0.79118371,-1.47728431,-0.497923404,0.644826531,-1.27510405,-0.631733954,-0.0489115976,0,-0.682535589,-1.22470379,0.463071167,-0.227452338,-1.5016439,-0.82575953,0,-0.0533790924,-0.538130045,-0.913705945,1.35087121,-0.74754703,-1.4814651,-0.800828636,-0.0942896381,-0.0425597429,-0.404258102,0.0629270747,1.23817647,0.478939652,0.356744766,-0.7543782,-0.208661944,-0.0282166321,-0.296499252,0.272334903,0.900428057,0.0467257351,0.0591415763,-0.498878568,-0.199069589,2
0,0.756221235,1.41089916,0.750325441,-0.407957584,-0.652502358,-0.407344818,-0.114585042,-0.0596355125,0.626971841,0.666031718,-2.74952722,-0.885789394,0.639769375,0.0528345145,-0.125630632,-0.0399202406,1.25009334,0.909879565,-1.19376683,-0.992467821,0.989323914,0.700073719,-0.110526666,0,0.180657908,0.957735896,0.528405726,0.8073259,0.409223169,-0.631733954,-0.0489115976,0,-0.682535589,-0.751608312,0.940447152,-1.58166242,-1.5016439,-0.82575953,0,-0.0533790924,-0.538130045,-1.0675199,-0.651358843,0.852430165,-1.30421388,-0.800828636,-0.0942896381,-0.0425597429,-0.404258102,-1.3495611,-1.82482529,0.0994709209,-0.466059208,-0.7543782,-0.208661944,-0.0282166321,-0.296499252,1.06019449,-0.0265482478,0.251374692,-0.448883235,-0.498878568,-0.199069589,9
0,-0.32890445,-0.684941351,0.0340020917,0.990595162,1.83132553,1.71727109,-0.114585042,-0.0596355125,-0.623986244,-0.0698082,0.255825579,-0.677514553,-0.0192677919,0.33786878,-0.125630632,-0.0399202406,-0.154920369,0.909879565,-0.16715458,-1.15431678,-1.26353872,-0.551693916,-0.110526666,0,2.77223563,0.795401216,-0.326868534,-0.817667961,-1.10667133,-0.631733954,-0.0489115976,0,0.765232265,1.29847205,1.09957254,0.957481444,1.0674057,0.897028387,0,-0.0533790924,-0.538130045,-0.452264249,-0.497341156,-0.587549329,1.00005245,1.08338594,-0.0942896381,-0.0425597429,-0.404258102,-1.3495611,-1.05907488,-0.469732195,0.850427151,0.276332021,-0.208661944,-0.0282166321,-0.296499252,-0.712489545,0.668684006,0.660672605,-0.279541612,-0.498878568,-0.199069589,5
0,-0.32890445,-1.10410953,0.0340020917,-0.407957584,-1.00733483,-0.407344818,-0.114585042,-0.0596355125,-0.623986244,-1.17356813,1.00716376,-1.51061392,0.145491496,0.33786878,-0.125630632,-0.0399202406,-0.716925859,0.733570218,0.00394746149,-0.183222845,1.3111614,0.0741898865,-0.110526666,0,0.180657908,0.957735896,-1.18214285,-0.00517102238,0.409223169,-0.631733954,-0.0489115976,0,2.21300006,0.194582611,-1.2873075,0.957481444,0.553595781,2.04555368,0,-0.0533790924,4.26654387,0.624433041,1.04283583,1.33242333,0.468298674,-0.565301836,-0.0942896381,-0.0425597429,4.58850622,1.47541523,1.04673874,-0.0902634487,-1.45342398,-0.7543782,-0.208661944,-0.0282166321,-0.296499252,-1.10641932,0.436939895,-0.771870077,-1.12624967,-0.498878568,-0.199069589,4
0,-0.32890445,0.362978905,-0.921095729,0.291318804,1.83132553,4.14540386,0.826809704,-0.0596355125,-0.623986244,-0.621688128,-1.24685085,-1.30233908,0.475010067,2.90317702,-0.125630632,-0.0399202406,-0.716925859,-1.73476028,-1.19376683,0.140475139,0.828405142,-0.238752022,-0.110526666,0,0.504605114,-0.178606898,-0.155813694,0.8073259,1.25138676,0.988305986,-0.0489115976,0,-0.103428438,0.509979606,0.940447152,0.788205206,-0.816564023,-0.82575953,0,-0.0533790924,-0.538130045,-1.0675199,1.35087121,-0.427551597,-1.4814651,-0.800828636,-0.0942896381,-0.0425597429,-0.404258102,0.239488095,1.04673874,-1.60813844,-1.45342398,-0.7543782,-0.208661944,-0.0282166321,-0.296499252,1.45412421,-1.64875674,-2.40906167,-1.12624967,-0.498878568,-0.199069589,7
0,-0.32890445,-1.10410953,0.0340020917,0.0582266748,-1.00733483,-0.407344818,-0.114585042,-0.0596355125,-0.623986244,-0.989608109,1.00716376,-1.30233908,-1.33734202,-0.517234027,-0.125630632,-0.0399202406,-0.4359231,0.733570218,0.688355625,-1.15431678,-1.26353872,-0.551693916,-0.110526666,0,1.15249956,1.12007058,-1.01108789,-1.30516613,-1.27510405,-0.631733954,-0.0489115976,0,3.08166075,0.667678058,-0.17343016,0.280376405,-1.5016439,-0.82575953,0,-0.0533790924,4.60973501,1.39350259,1.19685352,1.33242333,0.822801173,0.141278625,-0.0942896381,-0.0425597429,1.81474817,0.239488095,0.855301201,1.23787713,-0.301498413,-0.7543782,-0.208661944,-0.0282166321,-0.296499252,-1.10641932,-0.258292317,0.251374692,-1.12624967,-0.498878568,-0.199069589,4
0,0.756221235,1.62048328,0.750325441,0.0582266748,1.12166035,1.11023796,-0.114585042,-0.0596355125,0.626971841,1.03395164,-0.996404767,-0.469239712,-0.348786354,-0.517234027,-0.125630632,-0.0399202406,1.25009334,0.557260871,-1.19376683,-1.15431678,-1.26353872,-0.551693916,-0.110526666,0,1.80039394,0.957735896,0.699460566,0.8073259,-0.0960749909,-0.631733954,-0.0489115976,0,-0.392982006,-0.278512836,-0.650806129,-0.396728605,0.553595781,-0.82575953,0,-0.0533790924,-0.538130045,-1.0675199,-1.1134119,0.692432463,0.468298674,-0.800828636,-0.0942896381,-0.0425597429,-0.404258102,-0.99643904,0.663863599,0.858408391,-1.28886318,-0.7543782,-0.208661944,-0.0282166321,2.89806843,1.65108919,-0.490036398,-2.2044127,-1.12624967,-0.498878568,-0.199069589,5
0,-0.32890445,0.153394848,0.750325441,0.757503033,-0.829918623,-0.407344818,-0.114585042,-0.0596355125,0.626971841,1.03395164,0.255825579,1.1969589,-0.678304911,-0.517234027,-0.125630632,-0.0399202406,2.0931015,0.204642251,-0.851562738,1.43526709,-0.941701174,-0.551693916,-0.110526666,0,-0.467236519,-1.31494963,0.186296016,0.644826531,-1.27510405,-0.631733954,-0.0489115976,0,-0.682535589,-1.06700528,0.781321824,-0.73528111,-1.5016439,-0.82575953,0,-0.0533790924,-0.538130045,-0.144636467,1.04283583,-1.06754243,0.645549893,1.31891274,-0.0942896381,-0.0425597429,-0.404258102,0.592610121,1.04673874,0.858408391,1.17954874,1.10090017,-0.208661944,-0.0282166321,-0.296499252,0.469299793,0.900428057,0.0467257351,-0.279541612,-0.498878568,-0.199069589,2
0,-0.32890445,-1.10410953,-2.83129144,-0.174865454,1.12166035,-0.407344818,-0.114585042,-0.0596355125,-0.623986244,-1.90940797,-2.24863505,0.988684118,0.969287932,-0.517234027,-0.125630632,-0.0399202406,-0.716925859,-1.73476028,0.688355625,1.43526709,0.506567657,-0.551693916,-0.110526666,0,-0.79118371,-0.0162722114,1.21262515,0.969825268,0.409223169,-0.631733954,-0.0489115976,0,0.475678682,1.29847205,0.463071167,0.957481444,0.553595781,-0.82575953,0,-0.0533790924,0.491442949,0.470619142,-0.651358843,1.33242333,0.468298674,-0.800828636,-0.0942896381,-0.0425597429,-0.404258102,-1.3495611,-1.82482529,1.23787713,0.850427151,-0.7543782,-0.208661944,-0.0282166321,-0.296499252,-1.10641932,-2.80747724,-0.157923222,0.736508012,-0.498878568,-0.199069589,1
0,-0.32890445,-1.10410953,-2.5925169,-0.641049683,1.476493,1.71727109,-0.114585042,-0.0596355125,-0.623986244,-0.989608109,0.50627166,-0.2609649,-0.0192677919,2.33310866,-0.125630632,-0.0399202406,-0.154920369,0.733570218,1.5438658,0.62602216,0.828405142,0.38713181,-0.110526666,0,0.180657908,1.12007058,1.21262515,0.969825268,1.41981947,0.718299329,-0.0489115976,0,-0.682535589,-0.278512836,-0.332555473,-1.58166242,0.382325828,1.18415976,0,-0.0533790924,-0.538130045,-1.0675199,-1.1134119,-1.06754243,0.822801173,-0.0942482054,-0.0942896381,-0.0425597429,-0.404258102,-1.3495611,-1.82482529,-0.659466565,-0.136937618,-0.7543782,-0.208661944,-0.0282166321,-0.296499252,-1.10641932,-2.80747724,-0.362572163,-1.12624967,-0.498878568,-0.199069589,9
0,-0.32890445,-1.10410953,-2.83129144,-2.03960252,1.476493,0.503204882,-0.114585042,-0.0596355125,-0.623986244,-1.90940797,-2.74952722,0.780409276,1.29880655,0.907937288,-0.125630632,-0.0399202406,-0.4359231,-0.147976398,1.37276375,1.43526709,1.3111614,0.700073719,-0.110526666,0,0.504605114,0.470731825,-0.326868534,-1.1426667,1.41981947,0.448292673,-0.0489115976,0,-0.682535589,-1.22470379,-1.44643283,-1.07383358,1.23867571,0.322765768,0,-0.0533790924,-0.538130045,-1.0675199,-1.1134119,-0.587549329,1.35455489,0.141278625,-0.0942896381,-0.0425597429,-0.404258102,-1.3495611,-1.82482529,-0.659466565,1.17954874,0.0701899752,-0.208661944,-0.0282166321,-0.296499252,-1.10641932,-2.80747724,-1.38581693,1.58321595,0.482099682,-0.199069589,1
0,-0.32890445,-1.10410953,-2.11496806,0.757503033,1.29907668,-0.103828259,-0.114585042,-0.0596355125,-0.623986244,-1.54148805,0.756717741,1.1969589,1.29880655,0.0528345145,-0.125630632,-0.0399202406,-0.716925859,0.557260871,0.517253578,-0.345071852,1.15024269,-0.551693916,-0.110526666,0,-0.79118371,-0.503276289,-1.18214285,0.157328367,0.0723577365,-0.631733954,-0.0489115976,0,-0.682535589,-1.22470379,-0.491680831,0.618928909,-1.15910399,-0.82575953,0,-0.0533790924,0.491442949,0.162991345,1.35087121,0.0524415746,-1.4814651,-0.800828636,-0.0942896381,32.0559998,8.47176743,1.47541523,1.23817647,1.23787713,-0.136937618,-0.7543782,-0.208661944,35.4400902,3.96292424,-0.318559766,-1.64875674,0.251374692,-0.110200025,-0.498878568,-0.199069589,2
0,-0.32890445,-0.0561892018,0.0340020917,0.990595162,0.234579042,-0.407344818,-0.114585042,-0.0596355125,0.939711332,0.666031718,-1.99818909,-0.2609649,1.13404715,0.907937288,-0.125630632,-0.0399202406,0.407085121,0.557260871,-0.16715458,1.11156917,-0.298026145,0.0741898865,-0.110526666,0,-0.467236519,0.795401216,1.21262515,-1.30516613,-1.27510405,-0.631733954,-0.0489115976,0,0.186125115,1.14077353,0.463071167,-0.227452338,-1.5016439,-0.82575953,0,-0.0533790924,1.17782497,0.778246939,-1.1134119,0.37243703,-0.240706354,-0.800828636,-0.0942896381,-0.0425597429,1.25999665,1.29885423,-1.05907488,-1.41840398,1.01498795,-0.7543782,-0.208661944,-0.0282166321,-0.296499252,-0.121594876,0.436939895,0.456023633,0.0591415763,-0.498878568,-0.199069589,8
0,-0.32890445,-1.10410953,0.0340020917,0.291318804,-0.120253511,-0.407344818,-0.114585042,-0.0596355125,-0.623986244,-1.90940797,-0.245066568,1.1969589,0.145491496,-0.517234027,-0.125630632,-0.0399202406,-0.716925859,-1.20583236,1.37276375,1.43526709,-0.298026145,-0.551693916,-0.110526666,0,1.47644675,0.957735896,1.21262515,0.969825268,-0.938238621,-0.631733954,-0.0489115976,0,-0.682535589,-1.06700528,1.09957254,0.957481444,-0.987833977,-0.82575953,0,-0.0533790924,-0.538130045,-0.913705945,1.35087121,1.33242333,-0.417957604,-0.800828636,-0.0942896381,-0.0425597429,-0.404258102,-1.1730001,1.23817647,1.23787713,-0.466059208,-0.7543782,-0.208661944,-0.0282166321,-0.296499252,-1.10641932,-0.258292317,0.865321517,0.567166388,-0.498878568,-0.199069589,1
0,0.756221235,1.62048328,0.98909992,0.990595162,0.944244146,-0.103828259,-0.114585042,-0.0596355125,1.87792993,1.03395164,1.00716376,0.572134435,0.475010067,-0.232199743,-0.125630632,-0.0399202406,2.37410426,0.557260871,-1.02266479,-1.15431678,-1.26353872,-0.551693916,-0.110526666,0,2.44828844,0.633066535,-1.18214285,-1.63016486,-1.27510405,-0.631733954,-0.0489115976,0,-0.103428438,0.983075023,0.940447152,-0.73528111,-1.5016439,-0.82575953,0,-0.0533790924,-0.538130045,-1.0675199,0.118729629,1.33242333,-0.417957604,-0.800828636,-0.0942896381,-0.0425597429,-0.404258102,-0.290194958,-0.101886839,1.04814279,0.0276231728,-0.7543782,-0.208661944,-0.0282166321,-0.296499252,1.45412421,0.900428057,0.660672605,-0.618224859,-0.498878568,-0.199069589,5
0,-0.32890445,-1.10410953,-0.68232125,0.990595162,0.0571627617,-0.407344818,-0.114585042,-0.0596355125,-0.623986244,-0.437728167,1.00716376,0.363859624,-0.513545632,-0.517234027,-0.125630632,-0.0399202406,-0.154920369,1.08618891,0.346151531,-1.15431678,-1.26353872,-0.551693916,-0.110526666,0,1.15249956,1.12007058,-0.497923404,-1.30516613,-1.27510405,-0.631733954,-0.0489115976,0,1.63389289,1.29847205,1.09957254,0.957481444,-0.302754074,-0.82575953,0,-0.0533790924,0.148251966,1.39350259,-0.0352880657,-0.107556142,1.35455489,0.141278625,-0.0942896381,-0.0425597429,-0.404258102,0.239488095,0.663863599,-1.22866964,0.850427151,1.10090017,-0.208661944,-0.0282166321,-0.296499252,-1.10641932,-0.95352453,0.865321517,1.58321595,1.2178334,-0.199069589,6
0,-0.32890445,-0.265773267,0.511551023,0.990595162,-0.297669798,-0.407344818,-0.114585042,-0.0596355125,0.31423232,1.03395164,1.00716376,1.1969589,-0.348786354,-0.517234027,-0.125630632,-0.0399202406,1.5310961,1.08618891,0.859457612,1.43526709,-0.137107387,-0.551693916,-0.110526666,0,0.180657908,-0.665610969,0.528405726,0.8073259,-1.27510405,-0.631733954,-0.0489115976,0,-0.682535589,-1.22470379,0.940447152,0.280376405,-1.5016439,-0.82575953,0,-0.0533790924,-0.538130045,-0.144636467,1.35087121,-0.907544732,-1.4814651,-0.800828636,-0.0942896381,-0.0425597429,-0.404258102,0.0629270747,1.23817647,0.478939652,-0.630620003,-0.548236191,-0.208661944,-0.0282166321,-0.296499252,-0.318559766,0.900428057,0.865321517,1.41387439,0.482099682,-0.199069589,2
0,-0.32890445,-0.265773267,0.98909992,0.524410903,-0.475086063,-0.407344818,-0.114585042,21.3580322,3.75436711,1.03395164,0.00537951011,-0.0526900552,0.475010067,-0.517234027,-0.125630632,-0.0399202406,2.93610978,0.380951583,0.346151531,1.27341807,0.345648885,-0.551693916,-0.110526666,0,0.180657908,0.795401216,0.870515406,0.969825268,-0.601373136,-0.631733954,-0.0489115976,0,-0.682535589,0.194582611,1.09957254,-0.396728605,-1.5016439,-0.82575953,0,-0.0533790924,-0.538130045,0.778246939,1.19685352,1.01242793,-1.30421388,-0.800828636,-0.0942896381,-0.0425597429,-0.404258102,0.769171178,0.472425967,1.23787713,-0.795180798,-0.7543782,-0.208661944,-0.0282166321,-0.296499252,-0.318559766,0.668684006,0.865321517,-0.618224859,-0.498878568,-0.199069589,8
0,-0.32890445,-0.894525409,0.0340020917,-0.174865454,-0.829918623,-0.407344818,-0.114585042,-0.0596355125,-0.623986244,-1.72544801,1.00716376,1.1969589,-0.678304911,-0.517234027,-0.125630632,-0.0399202406,-0.716925859,-1.20583236,1.5438658,1.27341807,-0.941701174,-0.551693916,-0.110526666,0,-0.79118371,-0.0162722114,1.21262515,0.319827735,-1.27510405,-0.631733954,-0.0489115976,0,-0.682535589,0.667678058,1.09957254,-0.904557347,-1.5016439,-0.82575953,0,-0.0533790924,-0.538130045,1.0858748,1.35087121,-0.267553866,-1.4814651,-0.800828636,-0.0942896381,-0.0425597429,-0.404258102,0.239488095,1.23817647,-0.279997826,-1.45342398,-0.7543782,-0.208661944,-0.0282166321,-0.296499252,-0.712489545,-0.258292317,0.251374692,-0.956908047,-0.498878568,-0.199069589,1
0,-0.32890445,-1.10410953,-1.39864469,0.0582266748,-1.00733483,-0.407344818,-0.114585042,-0.0596355125,-0.623986244,-1.54148805,0.756717741,-1.09406424,-1.33734202,-0.517234027,-0.125630632,-0.0399202406,-0.716925859,0.380951583,0.175049499,-1.15431678,-0.941701174,1.32595754,-0.110526666,0,0.504605114,0.957735896,-1.52425253,-1.46766543,0.914521337,1.52831924,-0.0489115976,0,1.05478585,1.29847205,-1.12818217,-0.73528111,0.896135747,-0.538628221,0,-0.0533790924,2.20739794,1.39350259,1.35087121,1.33242333,-0.417957604,-0.800828636,-0.0942896381,-0.0425597429,0.150493473,-0.466755986,-0.293324441,1.23787713,-1.28886318,-0.7543782,-0.208661944,-0.0282166321,-0.296499252,-1.10641932,-2.11224484,-0.157923222,-1.12624967,-0.498878568,-0.199069589,4
0,-0.32890445,0.78214699,0.98909992,0.757503033,-0.475086063,-0.407344818,-0.114585042,-0.0596355125,1.56519043,0.849991679,-1.24685085,1.1969589,-0.184027076,-0.517234027,-0.125630632,-0.0399202406,-0.154920369,-1.38214171,-1.19376683,1.43526709,-0.941701174,-0.551693916,-0.110526666,0,-0.79118371,-1.47728431,-0.497923404,0.8073259,-1.27510405,-0.631733954,-0.0489115976,0,-0.682535589,-1.22470379,0.622196496,-0.0581760854,-1.5016439,-0.82575953,0,-0.0533790924,-0.538130045,-0.606078148,1.35087121,-0.74754703,-0.949711382,0.376805425,-0.0942896381,-0.0425597429,-0.404258102,0.592610121,0.855301201,0.0994709209,1.17954874,0.482474059,-0.208661944,-0.0282166321,-0.296499252,1.06019449,0.900428057,0.251374692,-0.279541612,-0.498878568,-0.199069589,2
0,-0.32890445,-0.265773267,0.511551023,0.990595162,-0.120253511,-0.407344818,-0.114585042,-0.0596355125,0.626971841,1.03395164,1.00716376,1.1969589,-0.0192677919,-0.517234027,-0.125630632,-0.0399202406,2.0931015,0.909879565,0.346151531,1.43526709,-0.619863689,-0.551693916,-0.110526666,0,-0.467236519,-1.15261495,0.699460566,0.644826531,-1.27510405,-0.631733954,-0.0489115976,0,-0.682535589,-0.909306765,1.09957254,-0.73528111,-1.5016439,-0.82575953,0,-0.0533790924,-0.538130045,0.00917744078,1.35087121,-1.22754025,-0.595208883,0.847859085,-0.0942896381,-0.0425597429,-0.404258102,0.0629270747,1.23817647,0.668674052,1.17954874,0.482474059,-0.208661944,-0.0282166321,-0.296499252,-0.712489545,0.668684006,0.865321517,-0.110200025,-0.498878568,-0.199069589,2
0,-0.32890445,-0.0561892018,0.511551023,0.757503033,-0.652502358,-0.407344818,-0.114585042,-0.0596355125,-0.623986244,0.482071757,0.50627166,-0.2609649,0.310250789,-0.517234027,-0.125630632,-0.0399202406,-0.716925859,0.909879565,0.175049499,-0.830618858,1.15024269,0.38713181,-0.110526666,0,-0.79118371,0.308397144,0.528405726,-0.167670414,1.08295405,-0.0917206332,-0.0489115976,0,-0.682535589,-0.120814353,1.09957254,0.618928909,-1.15910399,-0.82575953,0,-0.0533790924,-0.538130045,0.932060838,1.04283583,1.33242333,-0.772460103,-0.800828636,-0.0942896381,-0.0425597429,1.25999665,1.29885423,-0.293324441,0.858408391,0.192183971,-0.7543782,-0.208661944,-0.0282166321,-0.296499252,0.0753700212,0.900428057,0.865321517,0.228483185,-0.498878568,-0.199069589,8
0,-0.32890445,-1.10410953,-0.68232125,0.291318804,-1.00733483,1.41375458,7.41657305,-0.0596355125,-0.623986244,-1.35752809,0.756717741,-1.51061392,-1.33734202,3.75828004,9.81324577,-0.0399202406,-0.4359231,0.557260871,0.859457612,-0.506920815,-0.137107387,4.1424346,6.40191174,0,1.47644675,1.12007058,1.21262515,0.969825268,1.41981947,2.06833267,-0.0489115976,0,1.05478585,0.667678058,0.144820511,0.618928909,0.896135747,-0.251496881,0,-0.0533790924,-0.538130045,-1.0675199,-1.1134119,0.852430165,0.291047394,-0.800828636,-0.0942896381,-0.0425597429,-0.404258102,-1.3495611,-0.676199675,1.23787713,-1.12430239,-0.7543782,-0.208661944,-0.0282166321,-0.296499252,-1.10641932,-0.0265482478,-0.157923222,-1.12624967,-0.498878568,-0.199069589,4
0,-0.32890445,-1.10410953,-2.11496806,0.0582266748,1.83132553,4.14540386,0.826809704,-0.0596355125,-0.623986244,-1.35752809,1.00716376,-0.2609649,0.310250789,4.04331398,-0.125630632,-0.0399202406,-0.716925859,0.733570218,1.03055966,-0.0213738531,1.15024269,2.57772517,-0.110526666,0,-0.143289298,1.12007058,1.21262515,0.969825268,1.41981947,-0.0917206332,-0.0489115976,0,-0.103428438,0.667678058,-0.0143048232,0.449652672,-0.131484106,-0.82575953,0,-0.0533790924,-0.538130045,-1.0675199,-1.1134119,1.17242563,-0.595208883,-0.800828636,-0.0942896381,-0.0425597429,-0.404258102,-1.3495611,-1.25051248,1.23787713,-1.28886318,-0.7543782,-0.208661944,-0.0282166321,-0.296499252,-1.10641932,-2.11224484,0.456023633,-0.956908047,-0.498878568,-0.199069589,9
0,-0.32890445,-1.10410953,-0.204772368,-1.80651033,-1.00733483,-0.407344818,-0.114585042,-0.0596355125,-0.623986244,-1.72544801,1.00716376,-1.30233908,-0.843064249,-0.517234027,-0.125630632,-0.0399202406,-0.716925859,0.0283329226,0.346151531,1.43526709,-0.619863689,-0.551693916,-0.110526666,0,-0.143289298,0.795401216,-0.668978274,0.969825268,-0.938238621,-0.631733954,-0.0489115976,0,1.63389289,0.82537657,-0.332555473,0.957481444,0.382325828,-0.251496881,0,-0.0533790924,2.89377999,1.39350259,1.35087121,1.33242333,1.00005245,-0.565301836,-0.0942896381,-0.0425597429,-0.404258102,-1.3495611,0.280988365,0.668674052,-1.45342398,-0.7543782,-0.208661944,-0.0282166321,-0.296499252,-1.10641932,-0.258292317,-0.976518989,-1.12624967,-0.498878568,-0.199069589,4
0,-0.32890445,-1.10410953,-2.83129144,-1.34032607,0.766827881,-0.407344818,-0.114585042,-0.0596355125,-0.623986244,-1.90940797,-2.9999733,0.780409276,1.13404715,-0.517234027,-0.125630632,-0.0399202406,-0.716925859,-1.73476028,0.517253578,1.43526709,1.3111614,-0.551693916,-0.110526666,0,-0.79118371,-0.340941578,1.21262515,0.969825268,1.25138676,-0.631733954,-0.0489115976,0,0.186125115,1.14077353,-0.332555473,0.788205206,0.211055845,-0.82575953,0,-0.0533790924,-0.538130045,-1.0675199,-1.1134119,0.852430165,0.468298674,-0.800828636,-0.0942896381,-0.0425597429,-0.404258102,-1.3495611,-1.82482529,1.04814279,0.0276231728,-0.7543782,-0.208661944,-0.0282166321,-0.296499252,-1.10641932,-2.80747724,-0.771870077,1.41387439,-0.498878568,-0.199069589,1
0,-0.32890445,-1.10410953,-1.15987015,0.990595162,-0.652502358,-0.407344818,-0.114585042,-0.0596355125,-0.623986244,-1.90940797,0.756717741,0.155584782,-1.33734202,-0.517234027,-0.125630632,-0.0399202406,-0.716925859,0.204642251,1.20166171,-0.183222845,-0.458944917,-0.551693916,-0.110526666,0,0.504605114,1.12007058,-0.326868534,0.644826531,0.914521337,-0.0917206332,-0.0489115976,0,2.21300006,1.29847205,0.622196496,0.957481444,1.23867571,2.04555368,0,-0.0533790924,2.20739794,1.23968863,1.04283583,1.33242333,0.291047394,-0.565301836,-0.0942896381,-0.0425597429,-0.404258102,-1.3495611,-0.101886839,1.23787713,-1.28886318,-0.7543782,-0.208661944,-0.0282166321,-0.296499252,-1.10641932,-0.721780479,0.660672605,-0.956908047,-0.498878568,-0.199069589,4
0,-0.32890445,-0.265773267,0.272776544,-0.174865454,0.234579042,-0.407344818,-0.114585042,-0.0596355125,-0.623986244,0.666031718,1.00716376,0.572134435,1.29880655,0.0528345145,-0.125630632,-0.0399202406,0.688087881,1.08618891,-0.509358644,-1.15431678,-0.458944917,1.63889945,-0.110526666,0,1.80039394,0.795401216,-1.52425253,-1.63016486,-0.601373136,1.52831924,-0.0489115976,0,1.05478585,0.194582611,-1.44643283,-1.75093865,-0.816564023,1.47129107,0,-0.0533790924,0.148251966,1.0858748,-0.959394217,-1.22754025,-0.0634551048,0.612332284,-0.0942896381,-0.0425597429,-0.404258102,0.945732176,0.472425967,-0.0902634487,1.01498795,-0.342094123,-0.208661944,-0.0282166321,-0.296499252,-0.515524685,0.900428057,0.0467257351,-0.279541612,-0.498878568,-0.199069589,0
0,-0.32890445,0.78214699,0.272776544,0.990595162,-0.120253511,-0.407344818,-0.114585042,-0.0596355125,0.31423232,1.03395164,-0.996404767,-1.30233908,0.804528654,-0.517234027,-0.125630632,-0.0399202406,0.969090581,0.0283329226,-1.02266479,-1.15431678,0.184730127,0.0741898865,-0.110526666,0,0.828552306,-0.82794565,-1.52425253,-1.63016486,-0.601373136,1.52831924,-0.0489115976,0,1.63389289,-0.5939098,-1.44643283,-1.75093865,-0.816564023,1.47129107,0,-0.0533790924,1.521016,-0.144636467,-1.1134119,-1.22754025,-0.772460103,1.31891274,-0.0942896381,-0.0425597429,-0.404258102,0.945732176,-1.44195008,-1.79787278,-0.301498413,0.894758165,-0.208661944,-0.0282166321,-0.296499252,0.469299793,-0.0265482478,0.251374692,1.41387439,-0.00838943198,-0.199069589,0
0,-0.32890445,0.153394848,0.750325441,0.524410903,-0.652502358,-0.407344818,-0.114585042,-0.0596355125,0.939711332,1.03395164,-0.245066568,0.780409276,0.639769375,-0.517234027,-0.125630632,-0.0399202406,0.688087881,0.204642251,-0.680460691,1.43526709,-0.458944917,-0.551693916,-0.110526666,0,-0.79118371,-1.47728431,0.870515406,0.969825268,-0.0960749909,-0.631733954,-0.0489115976,0,-0.682535589,-1.22470379,-0.17343016,-0.0581760854,1.23867571,0.0356344357,0,-0.0533790924,-0.194939047,-0.452264249,-1.1134119,-1.22754025,0.645549893,0.847859085,-0.0942896381,-0.0425597429,3.47900295,1.47541523,-0.867637277,-0.659466565,1.17954874,0.276332021,-0.208661944,-0.0282166321,0.768356621,0.469299793,0.668684006,0.865321517,0.905849576,-0.253634006,-0.199069589,3
0,-0.32890445,-1.10410953,-2.35374236,0.524410903,-1.00733483,-0.407344818,-0.114585042,-0.0596355125,-0.623986244,-1.90940797,0.00537951011,-0.2609649,-1.33734202,-0.517234027,-0.125630632,-0.0399202406,-0.716925859,-0.324285716,0.859457612,-1.15431678,-1.26353872,3.51655102,10.7435379,0,-0.79118371,0.633066535,-0.155813694,-1.63016486,0.240790457,3.14835906,-0.0489115976,0,0.475678682,1.29847205,1.09957254,0.280376405,1.23867571,0.322765768,0,-0.0533790924,0.834633946,0.778246939,0.734800398,1.17242563,0.645549893,-0.800828636,-0.0942896381,-0.0425597429,-0.404258102,-1.3495611,-1.63338768,1.04814279,-0.795180798,-0.7543782,-0.208661944,-0.0282166321,-0.296499252,-1.10641932,-1.88050091,-0.362572163,-1.12624967,-0.498878568,-0.199069589,4
0,-0.32890445,-1.10410953,0.98909992,-1.34032607,-1.00733483,-0.407344818,-0.114585042,-0.0596355125,-0.623986244,0.114151776,1.00716376,1.1969589,0.475010067,-0.517234027,-0.125630632,-0.0399202406,0.407085121,1.08618891,0.688355625,0.949720144,0.989323914,-0.551693916,-0.110526666,0,1.47644675,0.470731825,-1.35319769,-1.1426667,0.914521337,-0.631733954,-0.0489115976,0,0.475678682,0.352281094,-1.44643283,-1.75093865,1.23867571,-0.82575953,0,-0.0533790924,0.148251966,1.0858748,-1.1134119,-1.06754243,1.35455489,-0.565301836,-0.0942896381,-0.0425597429,-0.404258102,0.239488095,-0.484762043,-0.0902634487,0.850427151,-0.7543782,-0.208661944,-0.0282166321,-0.296499252,-0.909454465,-0.258292317,0.660672605,-0.618224859,-0.498878568,-0.199069589,0
0,5.09672403,2.24923539,0.750325441,-2.03960252,-1.00733483,-0.407344818,-0.114585042,-0.0596355125,2.81614852,0.666031718,-0.245066568,0.155584782,-1.33734202,-0.517234027,-0.125630632,-0.0399202406,1.5310961,0.204642251,-0.509358644,1.43526709,-1.26353872,-0.551693916,-0.110526666,0,-0.79118371,-1.47728431,-0.840033114,0.482327133,-1.27510405,-0.631733954,-0.0489115976,0,-0.682535589,-1.22470379,-0.17343016,0.280376405,-1.5016439,-0.82575953,0,-0.0533790924,-0.538130045,-1.0675199,0.888818085,0.212439299,-0.595208883,-0.565301836,-0.0942896381,-0.0425597429,0.150493473,0.592610121,1.23817647,1.23787713,1.17954874,1.30704224,-0.208661944,-0.0282166321,5.02778006,2.04501891,0.436939895,-0.771870077,-0.110200025,-0.253634006,-0.199069589,2
0,-0.32890445,-0.684941351,-0.204772368,0.524410903,0.411995322,-0.103828259,-0.114585042,-0.0596355125,0.31423232,0.666031718,-0.745958686,-0.469239712,0.804528654,0.622903049,-0.125630632,-0.0399202406,0.969090581,0.204642251,-1.02266479,-0.506920815,0.989323914,-0.238752022,-0.110526666,0,-0.79118371,-0.0162722114,0.870515406,0.8073259,-0.264507711,-0.631733954,-0.0489115976,0,-0.682535589,-1.22470379,0.463071167,0.618928909,0.211055845,-0.82575953,0,-0.0533790924,-0.538130045,-0.452264249,0.734800398,-0.907544732,0.822801173,0.376805425,-0.0942896381,-0.0425597429,-0.404258102,-0.643316984,0.280988365,-1.60813844,0.356744766,0.894758165,-0.208661944,-0.0282166321,-0.296499252,-0.909454465,-0.721780479,0.865321517,1.24453282,-0.00838943198,-0.199069589,8
0,-0.32890445,-1.10410953,-2.83129144,-1.34032607,1.83132553,1.71727109,-0.114585042,-0.0596355125,-0.311246723,-0.989608109,-0.245066568,1.1969589,1.29880655,1.76304007,-0.125630632,-0.0399202406,2.37410426,1.08618891,1.5438658,0.949720144,1.3111614,1.95184135,-0.110526666,0,0.180657908,-0.340941578,-1.35319769,-0.980167329,1.41981947,1.52831924,-0.0489115976,0,-0.682535589,-1.22470379,-1.44643283,-0.904557347,1.23867571,1.47129107,0,-0.0533790924,-0.538130045,-1.0675199,-1.1134119,-0.427551597,1.35455489,0.847859085,-0.0942896381,-0.0425597429,-0.404258102,-1.3495611,-1.82482529,-0.469732195,1.17954874,1.10090017,-0.208661944,-0.0282166321,-0.296499252,-1.10641932,-2.80747724,-0.771870077,1.58321595,1.4630779,-0.199069589,1
0,2.92647266,1.62048328,0.98909992,0.291318804,-1.00733483,-0.407344818,-0.114585042,-0.0596355125,2.19066954,0.482071757,-0.996404767,1.1969589,-0.513545632,-0.232199743,-0.125630632,-0.0399202406,-0.716925859,-0.324285716,1.20166171,1.43526709,1.3111614,1.01301563,-0.110526666,0,-0.79118371,-0.178606898,1.21262515,0.8073259,-0.938238621,-0.631733954,-0.0489115976,0,-0.682535589,-0.909306765,1.09957254,-0.566004872,-1.5016439,-0.82575953,0,-0.0533790924,-0.538130045,0.00917744078,1.35087121,-0.587549329,-1.4814651,-0.800828636,-0.0942896381,-0.0425597429,-0.404258102,1.29885423,-0.101886839,-1.79787278,-1.45342398,-0.7543782,-0.208661944,-0.0282166321,1.83321249,1.84805405,-2.11224484,-2.40906167,-1.12624967,-0.498878568,-0.199069589,7
0,-0.32890445,1.20131516,-0.443546832,-0.874141812,1.12166035,-0.103828259,-0.114585042,-0.0596355125,-0.623986244,1.03395164,0.255825579,0.363859624,0.310250789,-0.517234027,-0.125630632,-0.0399202406,0.688087881,0.733570218,-0.851562738,-1.15431678,-1.26353872,-0.551693916,-0.110526666,0,1.47644675,1.12007058,1.21262515,0.482327133,0.0723577365,-0.631733954,-0.0489115976,0,-0.682535589,-0.5939098,-0.809931457,-0.396728605,1.23867571,1.18415976,0,-0.0533790924,-0.538130045,-1.0675199,-1.1134119,-1.22754025,0.113796152,1.08338594,-0.0942896381,-0.0425597429,-0.404258102,0.239488095,-1.05907488,-0.469732195,1.17954874,0.276332021,-0.208661944,-0.0282166321,-0.296499252,1.65108919,0.900428057,0.456023633,0.0591415763,-0.498878568,-0.199069589,5
0,-0.32890445,0.153394848,0.0340020917,-0.407957584,1.476493,2.02078772,-0.114585042,-0.0596355125,-0.623986244,0.849991679,0.50627166,0.572134435,1.29880655,0.33786878,-0.125630632,-0.0399202406,-0.4359231,0.380951583,-1.19376683,0.302324146,0.506567657,-0.551693916,-0.110526666,0,-0.79118371,-1.47728431,-0.840033114,0.969825268,0.0723577365,-0.0917206332,-0.0489115976,0,-0.682535589,0.194582611,1.09957254,0.957481444,1.23867571,1.75842237,0,-0.0533790924,-0.538130045,-0.759892046,1.19685352,-0.267553866,-1.4814651,-0.800828636,-0.0942896381,-0.0425597429,-0.404258102,-0.819878042,1.04673874,-1.60813844,-1.45342398,-0.7543782,-0.208661944,-0.0282166321,-0.296499252,0.469299793,-0.258292317,-2.40906167,-1.12624967,-0.498878568,-0.199069589,7
0,-0.32890445,-0.684941351,0.272776544,-1.34032607,-1.00733483,-0.407344818,-0.114585042,-0.0596355125,-0.623986244,-1.17356813,1.00716376,0.988684118,-0.513545632,-0.517234027,-0.125630632,-0.0399202406,-0.716925859,-1.55845106,1.37276375,0.787871122,1.15024269,-0.551693916,-0.110526666,0,-0.79118371,-1.47728431,0.186296016,0.969825268,1.41981947,-0.361727297,-0.0489115976,0,-0.682535589,-1.22470379,-1.44643283,-1.41238606,1.23867571,-0.251496881,0,-0.0533790924,-0.538130045,-1.0675199,-1.1134119,-1.22754025,1.17730367,0.376805425,-0.0942896381,-0.0425597429,-0.404258102,-0.643316984,-1.05907488,-0.659466565,1.17954874,-0.13595207,-0.208661944,-0.0282166321,-0.296499252,-0.712489545,0.436939895,0.865321517,0.567166388,-0.498878568,-0.199069589,9
0,-0.32890445,-1.10410953,-0.68232125,0.524410903,-0.297669798,-0.407344818,-0.114585042,-0.0596355125,-0.623986244,-0.805648148,1.00716376,0.363859624,-0.678304911,-0.517234027,-0.125630632,-0.0399202406,-0.4359231,1.08618891,0.688355625,-1.15431678,-1.26353872,-0.551693916,-0.110526666,0,-0.143289298,1.12007058,-0.326868534,-1.1426667,-1.27510405,-0.631733954,-0.0489115976,0,0.475678682,1.29847205,0.781321824,0.957481444,0.211055845,-0.82575953,0,-0.0533790924,0.491442949,1.39350259,1.19685352,0.37243703,1.35455489,0.612332284,-0.0942896381,-0.0425597429,-0.404258102,0.769171178,1.23817647,-0.469732195,0.685866356,1.10090017,-0.208661944,-0.0282166321,-0.296499252,-0.909454465,-0.258292317,0.865321517,1.58321595,1.70832253,-0.199069589,6
0,-0.32890445,0.362978905,0.98909992,0.524410903,1.29907668,2.62782073,-0.114585042,-0.0596355125,-0.623986244,-0.0698082,0.00537951011,-0.0526900552,1.29880655,0.622903049,-0.125630632,-0.0399202406,-0.716925859,0.909879565,-0.338256598,0.140475139,0.828405142,-0.551693916,-0.110526666,0,-0.467236519,-0.340941578,-1.35319769,0.969825268,-0.769805908,-0.631733954,-0.0489115976,0,-0.103428438,0.509979606,0.622196496,0.957481444,0.553595781,0.897028387,0,-0.0533790924,0.834633946,0.778246939,1.19685352,1.01242793,0.468298674,-0.329775035,-0.0942896381,-0.0425597429,-0.404258102,-0.819878042,1.23817647,-1.22866964,-1.45342398,-0.7543782,-0.208661944,-0.0282166321,-0.296499252,0.666264713,0.205195829,-2.40906167,-1.12624967,-0.498878568,-0.199069589,7
0,-0.32890445,-0.265773267,0.272776544,0.757503033,0.0571627617,-0.407344818,-0.114585042,-0.0596355125,-0.623986244,0.849991679,-0.245066568,-1.71888876,0.969287932,0.0528345145,-0.125630632,-0.0399202406,0.126082376,0.733570218,-1.02266479,-1.15431678,0.66748637,0.700073719,-0.110526666,0,0.828552306,0.470731825,-1.52425253,-1.63016486,0.240790457,0.718299329,-0.0489115976,0,0.765232265,-0.436211318,-1.44643283,-1.75093865,0.553595781,-0.251496881,0,-0.0533790924,0.834633946,0.316805243,-1.1134119,-0.907544732,0.822801173,-0.329775035,-0.0942896381,-0.0425597429,-0.404258102,0.945732176,-1.44195008,0.858408391,-0.301498413,-0.7543782,-0.208661944,-0.0282166321,-0.296499252,-0.121594876,0.900428057,-0.976518989,-1.12624967,-0.498878568,-0.199069589,0
0,0.756221235,1.41089916,0.98909992,0.990595162,0.589411557,-0.407344818,-0.114585042,-0.0596355125,0.00149279006,0.666031718,-1.74774301,-0.2609649,0.969287932,-0.517234027,-0.125630632,-0.0399202406,-0.716925859,-1.73476028,-1.02266479,0.787871122,0.506567657,-0.551693916,-0.110526666,0,-0.79118371,-1.47728431,0.528405726,0.969825268,-0.264507711,-0.631733954,-0.0489115976,0,-0.682535589,-1.22470379,-1.12818217,-0.396728605,1.0674057,0.609897077,0,-0.0533790924,-0.538130045,-0.759892046,-1.1134119,-1.22754025,0.468298674,1.31891274,-0.0942896381,-0.0425597429,1.81474817,1.12229323,-1.05907488,-1.0389353,0.850427151,0.482474059,-0.208661944,-0.0282166321,-0.296499252,1.84805405,0.900428057,0.865321517,0.736508012,-0.253634006,-0.199069589,3
0,-0.32890445,-1.10410953,-1.15987015,0.291318804,0.589411557,-0.103828259,-0.114585042,-0.0596355125,-0.623986244,-0.621688128,0.756717741,-0.469239712,1.13404715,0.907937288,-0.125630632,-0.0399202406,-0.4359231,0.909879565,-0.851562738,-1.15431678,0.345648885,1.95184135,-0.110526666,0,0.504605114,0.470731825,-1.52425253,-1.63016486,0.746088624,1.25831258,-0.0489115976,0,0.765232265,0.194582611,-1.44643283,-1.75093865,0.896135747,0.0356344357,0,-0.0533790924,0.834633946,1.0858748,-1.1134119,-1.22754025,0.468298674,-0.800828636,-0.0942896381,-0.0425597429,0.150493473,1.47541523,-0.293324441,-0.279997826,0.356744766,-0.7543782,-0.208661944,-0.0282166321,-0.296499252,-0.712489545,-0.258292317,0.456023633,-0.279541612,-0.498878568,-0.199069589,0
0,-0.32890445,-0.0561892018,0.272776544,-0.641049683,-0.829918623,-0.407344818,-0.114585042,-0.0596355125,-0.623986244,0.482071757,0.756717741,-0.0526900552,1.13404715,0.907937288,-0.125630632,-0.0399202406,0.126082376,0.909879565,-0.851562738,-1.15431678,0.506567657,1.95184135,-0.110526666,0,0.504605114,0.470731825,-1.52425253,-1.63016486,0.0723577365,1.52831924,-0.0489115976,0,0.765232265,0.0368841328,-1.44643283,-1.75093865,0.0397858657,1.47129107,0,-0.0533790924,0.834633946,0.624433041,-1.1134119,-1.06754243,0.645549893,0.847859085,-0.0942896381,-0.0425597429,0.705245078,1.12229323,-0.867637277,0.0994709209,0.521305561,-0.7543782,-0.208661944,-0.0282166321,-0.296499252,0.0753700212,0.205195829,-0.362572163,-1.12624967,-0.498878568,-0.199069589,0
0,-0.32890445,-0.0561892018,0.98909992,0.990595162,1.83132553,4.44892025,10.2407579,-0.0596355125,-0.623986244,-0.805648148,-0.745958686,-1.09406424,-0.513545632,3.75828004,8.7089262,-0.0399202406,-0.716925859,-1.73476028,-1.19376683,-1.15431678,0.184730127,2.8906672,2.06028628,0,-0.79118371,-1.47728431,-1.01108789,-0.655168533,1.41981947,0.178286016,-0.0489115976,0,-0.682535589,-0.436211318,1.09957254,0.957481444,1.23867571,1.18415976,0,-0.0533790924,-0.538130045,-0.452264249,0.118729629,1.33242333,-0.772460103,-0.565301836,-0.0942896381,-0.0425597429,-0.404258102,-1.1730001,0.663863599,0.0994709209,-1.45342398,-0.7543782,-0.208661944,-0.0282166321,-0.296499252,-0.515524685,0.900428057,-1.99976373,-1.12624967,-0.498878568,-0.199069589,7
0,-0.32890445,-0.894525409,0.750325441,0.291318804,-0.652502358,-0.407344818,-0.114585042,-0.0596355125,-0.623986244,-1.90940797,-0.996404767,0.780409276,0.310250789,-0.517234027,-0.125630632,-0.0399202406,-0.716925859,-1.73476028,-1.19376683,-0.345071852,1.15024269,-0.238752022,-0.110526666,0,-0.79118371,-1.47728431,-1.52425253,-1.30516613,1.41981947,0.718299329,-0.0489115976,0,-0.682535589,-1.22470379,-1.44643283,-0.396728605,1.0674057,-0.538628221,0,-0.0533790924,-0.538130045,-0.606078148,0.426765025,0.852430165,0.822801173,-0.800828636,-0.0942896381,-0.0425597429,-0.404258102,0.0629270747,1.23817647,1.23787713,0.521305561,0.0701899752,-0.208661944,-0.0282166321,-0.296499252,-0.909454465,0.205195829,0.660672605,1.24453282,3.42503452,3.36111999,2
0,-0.32890445,0.78214699,0.98909992,-0.407957584,-0.652502358,-0.407344818,-0.114585042,-0.0596355125,-0.623986244,1.03395164,0.50627166,0.155584782,0.310250789,-0.517234027,-0.125630632,-0.0399202406,-0.4359231,1.08618891,0.346151531,0.787871122,1.15024269,-0.551693916,-0.110526666,0,-0.79118371,-0.340941578,1.04157031,0.969825268,1.41981947,1.52831924,-0.0489115976,0,-0.682535589,-1.22470379,0.144820511,-0.73528111,1.23867571,2.04555368,0,-0.0533790924,-0.538130045,-1.0675199,-1.1134119,-1.06754243,1.17730367,1.31891274,-0.0942896381,-0.0425597429,-0.404258102,-1.3495611,-1.63338768,-0.469732195,1.17954874,0.894758165,-0.208661944,-0.0282166321,-0.296499252,0.0753700212,0.900428057,0.865321517,1.24453282,-0.253634006,-0.199069589,9
0,-0.32890445,-0.0561892018,0.98909992,-0.407957584,-1.00733483,-0.407344818,-0.114585042,-0.0596355125,-0.623986244,-0.437728167,1.00716376,1.1969589,-0.513545632,-0.517234027,-0.125630632,-0.0399202406,-0.716925859,0.733570218,1.20166171,-0.992467821,0.66748637,-0.551693916,-0.110526666,0,-0.79118371,0.957735896,0.186296016,-1.63016486,-0.0960749909,0.448292673,-0.0489115976,0,-0.103428438,1.29847205,-0.332555473,-1.75093865,-1.15910399,1.75842237,0,-0.0533790924,0.148251966,1.39350259,0.118729629,-1.22754025,-0.417957604,1.78996634,-0.0942896381,-0.0425597429,0.150493473,0.769171178,0.855301201,0.858408391,1.17954874,0.276332021,-0.208661944,-0.0282166321,-0.296499252,-0.318559766,0.668684006,0.865321517,0.228483185,-0.253634006,-0.199069589,0
0,-0.32890445,0.572562933,0.511551023,0.990595162,1.83132553,0.1996883,-0.114585042,-0.0596355125,-0.623986244,0.114151776,-1.49729693,-0.677514553,1.29880655,-0.232199743,-0.125630632,-0.0399202406,-0.716925859,-1.73476028,-1.19376683,0.464173138,0.66748637,-0.551693916,-0.110526666,0,-0.467236519,0.308397144,1.21262515,0.969825268,1.41981947,2.60834575,-0.0489115976,0,-0.103428438,0.667678058,0.622196496,0.449652672,-1.15910399,-0.82575953,0,-0.0533790924,-0.538130045,-0.913705945,1.04283583,-0.587549329,-1.4814651,-0.800828636,-0.0942896381,-0.0425597429,-0.404258102,0.0629270747,0.472425967,-1.79787278,-1.45342398,-0.7543782,-0.208661944,-0.0282166321,-0.296499252,1.25715935,-1.18526864,-2.40906167,-1.12624967,-0.498878568,-0.199069589,7
0,0.756221235,1.20131516,0.98909992,0.291318804,-0.297669798,-0.407344818,-0.114585042,-0.0596355125,-0.311246723,0.849991679,-1.24685085,0.780409276,0.969287932,-0.232199743,-0.125630632,-0.0399202406,-0.716925859,-1.73476028,-1.19376683,-0.183222845,1.15024269,-0.238752022,-0.110526666,0,-0.79118371,-1.31494963,0.186296016,0.8073259,-0.264507711,-0.631733954,-0.0489115976,0,-0.682535589,-0.436211318,0.940447152,0.618928909,-0.302754074,-0.82575953,0,-0.0533790924,-0.538130045,-0.913705945,-1.1134119,-0.427551597,1.35455489,-0.0942482054,-0.0942896381,-0.0425597429,2.36949968,0.592610121,-1.63338768,-1.60813844,1.17954874,0.0701899752,-0.208661944,-0.0282166321,-0.296499252,0.863229573,0.668684006,0.865321517,0.567166388,-0.253634006,-0.199069589,3
0,-0.32890445,-1.10410953,-0.204772368,-0.874141812,-1.00733483,-0.407344818,-0.114585042,-0.0596355125,-0.623986244,-1.54148805,1.00716376,-1.09406424,-1.33734202,-0.517234027,-0.125630632,-0.0399202406,-0.716925859,0.380951583,0.517253578,-0.506920815,0.345648885,-0.551693916,-0.110526666,0,1.15249956,0.957735896,-1.18214285,0.8073259,0.0723577365,-0.631733954,-0.0489115976,0,2.21300006,0.667678058,-0.809931457,0.957481444,-0.302754074,0.897028387,0,-0.0533790924,2.89377999,1.39350259,1.19685352,1.33242333,1.00005245,0.612332284,-0.0942896381,-0.0425597429,1.25999665,0.0629270747,1.23817647,-0.0902634487,-1.45342398,-0.7543782,-0.208661944,-0.0282166321,-0.296499252,-1.10641932,0.436939895,-0.157923222,-1.12624967,-0.498878568,-0.199069589,4
0,-0.32890445,-0.475357324,-0.204772368,0.990595162,1.29907668,-0.407344818,-0.114585042,-0.0596355125,0.31423232,0.849991679,0.756717741,0.572134435,1.29880655,-0.517234027,-0.125630632,-0.0399202406,0.969090581,-0.324285716,-0.851562738,0.302324146,0.989323914,-0.551693916,-0.110526666,0,-0.79118371,-0.82794565,-0.326868534,0.8073259,1.08295405,0.718299329,-0.0489115976,0,0.475678682,1.29847205,1.09957254,0.957481444,0.896135747,0.897028387,0,-0.0533790924,-0.194939047,0.162991345,0.888818085,0.692432463,-1.4814651,-0.800828636,-0.0942896381,-0.0425597429,-0.404258102,-1.1730001,1.23817647,-1.0389353,-1.45342398,-0.7543782,-0.208661944,-0.0282166321,-0.296499252,-0.515524685,0.668684006,-2.2044127,-1.12624967,-0.498878568,-0.199069589,7
0,-0.32890445,-1.10410953,-0.68232125,0.757503033,-0.652502358,-0.407344818,-0.114585042,-0.0596355125,-0.623986244,-0.989608109,1.00716376,0.155584782,-1.17258275,-0.517234027,-0.125630632,-0.0399202406,-0.716925859,0.557260871,1.37276375,-0.992467821,-1.26353872,-0.551693916,-0.110526666,0,-0.143289298,1.12007058,0.357350856,-1.63016486,-1.27510405,-0.631733954,-0.0489115976,0,-0.103428438,1.29847205,0.303945839,-1.07383358,-0.816564023,-0.82575953,0,-0.0533790924,0.148251966,1.23968863,1.35087121,1.33242333,1.00005245,1.55443954,4.84413004,-0.0425597429,-0.404258102,0.239488095,1.23817647,-0.469732195,-0.959741592,2.33775258,5.61996174,-0.0282166321,-0.296499252,-1.10641932,-1.18526864,0.660672605,1.58321595,3.42503452,2.85252166,6
0,-0.32890445,-0.684941351,-1.15987015,0.757503033,1.29907668,-0.103828259,-0.114585042,-0.0596355125,-0.623986244,0.666031718,0.00537951011,-0.2609649,0.969287932,1.76304007,-0.125630632,-0.0399202406,-0.716925859,-1.38214171,-1.19376683,-1.15431678,0.66748637,1.95184135,-0.110526666,0,-0.79118371,-1.47728431,-1.52425253,-1.63016486,0.914521337,0.988305986,-0.0489115976,0,0.765232265,1.29847205,1.09957254,0.957481444,1.23867571,0.609897077,0,-0.0533790924,0.148251966,-0.298450351,-0.0352880657,0.852430165,1.00005245,-0.329775035,-0.0942896381,-0.0425597429,-0.404258102,-1.3495611,-1.63338768,1.04814279,-0.630620003,-0.7543782,-0.208661944,-0.0282166321,-0.296499252,-1.10641932,-0.258292317,-0.567221105,-1.12624967,-0.498878568,-0.199069589,7
0,-0.32890445,-1.10410953,-1.87619352,0.524410903,1.476493,1.11023796,-0.114585042,-0.0596355125,-0.623986244,-1.90940797,-0.745958686,1.1969589,1.29880655,1.47800589,-0.125630632,-0.0399202406,-0.716925859,-0.853213727,1.37276375,1.43526709,1.15024269,0.38713181,-0.110526666,0,0.504605114,0.957735896,1.21262515,0.969825268,0.746088624,-0.631733954,-0.0489115976,0,0.765232265,1.29847205,1.09957254,0.957481444,0.553595781,-0.82575953,0,-0.0533790924,-0.538130045,-1.0675199,0.734800398,1.33242333,0.822801173,-0.565301836,-0.0942896381,-0.0425597429,-0.404258102,-1.3495611,-0.293324441,1.23787713,1.17954874,0.688616097,-0.208661944,-0.0282166321,-0.296499252,-1.10641932,-1.88050091,0.456023633,1.41387439,0.972588837,-0.199069589,1
0,-0.32890445,-0.684941351,0.272776544,0.524410903,0.0571627617,-0.407344818,-0.114585042,-0.0596355125,-0.623986244,-0.0698082,0.255825579,-1.09406424,1.29880655,-0.517234027,-0.125630632,-0.0399202406,-0.716925859,-0.147976398,0.346151531,-0.506920815,0.989323914,-0.551693916,-0.110526666,0,-0.79118371,-0.82794565,1.04157031,0.8073259,-0.432940423,-0.631733954,-0.0489115976,0,-0.682535589,-0.436211318,1.09957254,0.618928909,-1.33037388,-0.82575953,0,-0.0533790924,-0.538130045,1.0858748,-0.189305753,0.0524415746,0.113796152,-0.800828636,-0.0942896381,-0.0425597429,-0.404258102,0.945732176,-0.484762043,-1.60813844,0.356744766,0.276332021,-0.208661944,-0.0282166321,-0.296499252,-0.515524685,-0.258292317,0.660672605,1.58321595,2.44405627,-0.199069589,8
0,5.09672403,2.03965139,0.98909992,-1.34032607,-1.00733483,-0.407344818,-0.114585042,-0.0596355125,2.81614852,1.03395164,1.00716376,0.155584782,-1.33734202,-0.517234027,-0.125630632,-0.0399202406,0.969090581,0.0283329226,0.688355625,1.11156917,-1.26353872,-0.551693916,-0.110526666,0,-0.79118371,-1.47728431,-0.326868534,0.8073259,-1.27510405,-0.631733954,-0.0489115976,0,-0.682535589,-1.22470379,0.303945839,0.111100167,-1.5016439,-0.82575953,0,-0.0533790924,-0.538130045,-0.606078148,1.35087121,-0.267553866,-1.4814651,-0.800828636,-0.0942896381,-0.0425597429,-0.404258102,0.945732176,1.23817647,1.04814279,0.521305561,1.51318431,-0.208661944,-0.0282166321,6.09263611,2.04501891,0.900428057,0.865321517,1.07519114,0.236855134,-0.199069589,2
0,-0.32890445,-0.0561892018,0.0340020917,0.291318804,-0.297669798,-0.407344818,-0.114585042,-0.0596355125,0.31423232,1.03395164,-0.495512635,-1.71888876,-0.513545632,2.04807425,-0.125630632,-0.0399202406,-0.716925859,0.909879565,1.20166171,0.62602216,1.15024269,0.38713181,-0.110526666,0,-0.79118371,-0.340941578,1.21262515,0.8073259,-1.10667133,-0.631733954,-0.0489115976,0,-0.682535589,-0.751608312,1.09957254,0.957481444,-0.816564023,-0.82575953,0,-0.0533790924,-0.538130045,0.162991345,1.04283583,0.852430165,0.645549893,-0.800828636,-0.0942896381,-0.0425597429,-0.404258102,0.769171178,0.472425967,0.668674052,0.356744766,-0.7543782,-0.208661944,-0.0282166321,-0.296499252,0.272334903,0.900428057,-0.157923222,-0.787566423,-0.498878568,-0.199069589,8
0,-0.32890445,1.20131516,0.98909992,0.990595162,1.12166035,-0.407344818,-0.114585042,-0.0596355125,0.31423232,1.03395164,-1.24685085,0.780409276,1.29880655,-0.232199743,-0.125630632,-0.0399202406,-0.716925859,0.909879565,1.20166171,1.27341807,1.3111614,1.32595754,-0.110526666,0,-0.79118371,-1.15261495,0.186296016,-0.167670414,1.25138676,1.7983259,-0.0489115976,0,-0.682535589,-1.22470379,-1.44643283,-1.75093865,0.0397858657,2.04555368,0,-0.0533790924,-0.538130045,-1.0675199,-1.1134119,-1.22754025,0.645549893,1.08338594,-0.0942896381,-0.0425597429,-0.404258102,-0.290194958,0.280988365,-0.659466565,1.01498795,0.276332021,-0.208661944,-0.0282166321,-0.296499252,0.666264713,0.900428057,0.865321517,0.905849576,-0.498878568,-0.199069589,9
0,-0.32890445,0.991731048,0.98909992,0.291318804,-0.475086063,-0.407344818,-0.114585042,-0.0596355125,-0.623986244,-0.805648148,0.756717741,0.363859624,0.804528654,-0.517234027,-0.125630632,-0.0399202406,-0.716925859,-1.73476028,-0.16715458,-0.183222845,1.3111614,-0.551693916,-0.110526666,0,-0.79118371,-1.47728431,-1.52425253,-1.1426667,1.41981947,-0.361727297,-0.0489115976,0,-0.682535589,-1.22470379,-1.44643283,-0.566004872,0.896135747,-0.82575953,0,-0.0533790924,-0.538130045,-1.0675199,-1.1134119,0.852430165,-0.0634551048,-0.800828636,-0.0942896381,-0.0425597429,-0.404258102,-0.643316984,1.04673874,1.23787713,0.685866356,0.894758165,4.64852428,-0.0282166321,-0.296499252,0.0753700212,0.900428057,-0.362572163,0.397824794,2.44405627,7.42990828,2
0,-0.32890445,0.153394848,0.98909992,0.291318804,0.944244146,-0.103828259,-0.114585042,-0.0596355125,-0.623986244,1.03395164,0.756717741,0.363859624,1.29880655,-0.232199743,-0.125630632,-0.0399202406,0.126082376,1.08618891,0.00394746149,-1.15431678,0.828405142,1.32595754,-0.110526666,0,0.504605114,1.12007058,-1.52425253,-1.63016486,0.409223169,1.52831924,-0.0489115976,0,1.63389289,1.29847205,-1.44643283,-1.75093865,0.896135747,0.897028387,0,-0.0533790924,1.17782497,1.39350259,-0.0352880657,0.212439299,1.35455489,0.376805425,-0.0942896381,-0.0425597429,0.150493473,1.29885423,1.23817647,1.23787713,1.17954874,-0.548236191,-0.208661944,-0.0282166321,-0.296499252,0.0753700212,0.900428057,0.456023633,-0.110200025,-0.498878568,-0.199069589,0
0,-0.32890445,-0.265773267,0.750325441,0.291318804,-0.475086063,-0.407344818,-0.114585042,-0.0596355125,-0.311246723,1.03395164,0.255825579,1.1969589,1.13404715,-0.232199743,-0.125630632,-0.0399202406,0.969090581,0.909879565,-1.19376683,-0.506920815,1.3111614,0.700073719,-0.110526666,0,0.180657908,0.957735896,0.870515406,0.969825268,1.08295405,-0.631733954,-0.0489115976,0,-0.682535589,-0.5939098,1.09957254,0.957481444,0.382325828,-0.82575953,0,-0.0533790924,-0.538130045,0.624433041,0.734800398,0.0524415746,1.35455489,0.376805425,-0.0942896381,-0.0425597429,-0.404258102,1.47541523,0.0895507634,0.478939652,1.17954874,-0.13595207,-0.208661944,-0.0282166321,-0.296499252,0.272334903,0.900428057,0.251374692,0.0591415763,-0.498878568,-0.199069589,8
0,0.756221235,1.41089916,0.98909992,0.524410903,0.411995322,-0.407344818,-0.114585042,-0.0596355125,0.626971841,1.03395164,-0.996404767,-0.0526900552,1.13404715,0.33786878,-0.125630632,-0.0399202406,-0.716925859,-1.73476028,-1.19376683,-0.345071852,1.3111614,0.38713181,-0.110526666,0,-0.79118371,-1.47728431,-1.35319769,0.319827735,1.25138676,-0.631733954,-0.0489115976,0,-0.682535589,-1.22470379,0.144820511,0.957481444,-0.645294011,-0.82575953,0,-0.0533790924,-0.538130045,-0.298450351,1.35087121,0.37243703,-1.4814651,-0.800828636,-0.0942896381,-0.0425597429,0.150493473,1.12229323,1.04673874,-0.659466565,0.192183971,1.51318431,-0.208661944,-0.0282166321,-0.296499252,1.45412421,0.900428057,0.865321517,1.24453282,1.4630779,0.309528947,2
0,1.84134698,1.62048328,0.98909992,-0.407957584,-1.00733483,-0.407344818,-0.114585042,-0.0596355125,3.12888789,0.849991679,-0.745958686,1.1969589,-1.00782347,-0.517234027,-0.125630632,-0.0399202406,2.0931015,-0.324285716,-1.02266479,1.43526709,-0.298026145,-0.551693916,-0.110526666,0,-0.467236519,-1.31494963,-1.18214285,0.969825268,-0.264507711,-0.631733954,-0.0489115976,0,-0.682535589,-1.22470379,0.144820511,0.788205206,-1.15910399,-0.82575953,0,-0.0533790924,-0.538130045,-0.759892046,1.19685352,0.212439299,-1.4814651,-0.800828636,-0.0942896381,-0.0425597429,0.705245078,1.29885423,1.23817647,-0.0902634487,-0.136937618,0.482474059,-0.208661944,-0.0282166321,0.768356621,1.45412421,0.900428057,0.865321517,1.58321595,3.42503452,1.32672596,2
0,-0.32890445,-1.10410953,-1.39864469,0.524410903,-0.829918623,-0.407344818,-0.114585042,-0.0596355125,-0.623986244,-1.72544801,1.00716376,-0.0526900552,-1.33734202,-0.517234027,-0.125630632,-0.0399202406,-0.716925859,0.557260871,1.20166171,-0.992467821,-1.26353872,-0.551693916,-0.110526666,0,-0.143289298,1.12007058,0.528405726,-0.00517102238,-0.769805908,-0.631733954,-0.0489115976,0,0.765232265,1.29847205,0.940447152,0.618928909,1.23867571,-0.538628221,0,-0.0533790924,0.491442949,1.39350259,0.734800398,-1.22754025,1.17730367,1.08338594,-0.0942896381,-0.0425597429,-0.404258102,0.592610121,1.23817647,-0.0902634487,1.17954874,0.894758165,-0.208661944,-0.0282166321,-0.296499252,-1.10641932,-0.258292317,0.660672605,0.736508012,-0.253634006,-0.199069589,6
0,-0.32890445,0.362978905,0.511551023,-0.407957584,0.234579042,-0.407344818,-0.114585042,-0.0596355125,0.939711332,1.03395164,0.50627166,1.1969589,0.969287932,-0.517234027,-0.125630632,-0.0399202406,1.25009334,0.204642251,-1.19376683,0.302324146,0.989323914,-0.238752022,-0.110526666,0,0.504605114,0.795401216,-0.326868534,0.157328367,1.41981947,0.718299329,-0.0489115976,0,-0.682535589,0.194582611,0.940447152,0.788205206,0.553595781,1.47129107,0,-0.0533790924,-0.538130045,-1.0675199,-0.959394217,-1.06754243,-0.0634551048,1.31891274,-0.0942896381,-0.0425597429,-0.404258102,1.12229323,0.280988365,0.0994709209,1.01498795,1.10090017,-0.208661944,-0.0282166321,-0.296499252,0.666264713,0.205195829,0.251374692,0.397824794,-0.498878568,-0.199069589,9
0,-0.32890445,-1.10410953,-0.443546832,-0.407957584,-1.00733483,-0.407344818,-0.114585042,-0.0596355125,-0.623986244,-0.805648148,0.756717741,-1.51061392,-1.33734202,-0.517234027,-0.125630632,-0.0399202406,-0.716925859,0.909879565,-0.16715458,-0.345071852,-1.10261989,-0.551693916,-0.110526666,0,1.47644675,0.957735896,-1.18214285,0.969825268,-0.769805908,0.718299329,-0.0489115976,0,2.5025537,0.509979606,-0.491680831,0.957481444,1.0674057,2.04555368,0,-0.0533790924,3.58016205,1.39350259,1.35087121,1.33242333,-0.0634551048,-0.565301836,-0.0942896381,-0.0425597429,1.81474817,0.0629270747,0.663863599,0.478939652,-1.45342398,-0.7543782,-0.208661944,-0.0282166321,-0.296499252,-1.10641932,0.205195829,-0.567221105,-1.12624967,-0.498878568,-0.199069589,4
0,-0.32890445,1.20131516,0.511551023,0.990595162,0.766827881,-0.407344818,-0.114585042,-0.0596355125,1.25245082,0.849991679,-0.996404767,-0.885789394,-0.678304911,-0.517234027,-0.125630632,-0.0399202406,0.688087881,0.380951583,-0.851562738,-1.15431678,-1.26353872,-0.551693916,-0.110526666,0,3.09618282,1.12007058,1.04157031,-1.46766543,-1.27510405,-0.631733954,-0.0489115976,0,0.186125115,0.509979606,0.303945839,-0.73528111,-1.5016439,-0.82575953,0,-0.0533790924,-0.538130045,-1.0675199,0.734800398,0.37243703,-1.4814651,-0.800828636,-0.0942896381,-0.0425597429,-0.404258102,-0.466755986,1.23817647,-0.0902634487,-1.45342398,-0.7543782,-0.208661944,-0.0282166321,-0.296499252,1.45412421,0.900428057,-1.79511487,-1.12624967,-0.498878568,-0.199069589,5
0,7.2669754,2.24923539,0.98909992,0.990595162,0.944244146,0.1996883,-0.114585042,-0.0596355125,0.939711332,1.03395164,0.00537951011,-0.469239712,-0.348786354,-0.232199743,-0.125630632,-0.0399202406,1.81209886,1.08618891,-1.02266479,-1.15431678,-1.26353872,-0.551693916,-0.110526666,0,-0.143289298,1.12007058,1.04157031,-1.1426667,-1.27510405,-0.631733954,-0.0489115976,0,-0.682535589,-0.436211318,1.09957254,0.618928909,-1.33037388,-0.82575953,0,-0.0533790924,-0.538130045,-1.0675199,-0.80537653,1.33242333,0.291047394,-0.800828636,-0.0942896381,-0.0425597429,0.150493473,-0.113633938,0.663863599,1.23787713,-0.959741592,-0.7543782,-0.208661944,-0.0282166321,3.96292424,1.84805405,0.900428057,-1.18116796,-1.12624967,-0.498878568,-0.199069589,5
0,-0.32890445,-0.684941351,0.750325441,0.524410903,-0.829918623,-0.407344818,-0.114585042,-0.0596355125,-0.623986244,0.114151776,1.00716376,1.1969589,-0.678304911,-0.517234027,-0.125630632,-0.0399202406,0.407085121,1.08618891,1.5438658,1.43526709,-1.10261989,-0.551693916,-0.110526666,0,1.47644675,1.12007058,1.21262515,0.644826531,-1.27510405,-0.631733954,-0.0489115976,0,1.92344654,1.29847205,1.09957254,0.111100167,-1.5016439,-0.82575953,0,-0.0533790924,-0.194939047,0.932060838,1.35087121,0.212439299,-1.4814651,-0.800828636,-0.0942896381,-0.0425597429,-0.404258102,-0.466755986,1.23817647,-0.849200904,-1.45342398,-0.7543782,-0.208661944,-0.0282166321,-0.296499252,-0.712489545,0.436939895,-0.567221105,-1.12624967,-0.498878568,-0.199069589,1
0,-0.32890445,-1.10410953,-1.87619352,0.0582266748,1.83132553,2.93133736,-0.114585042,-0.0596355125,-0.623986244,0.849991679,0.00537951011,-2.13543844,-0.513545632,2.04807425,-0.125630632,-0.0399202406,0.407085121,1.08618891,-0.338256598,-0.183222845,1.15024269,0.38713181,-0.110526666,0,0.180657908,0.957735896,1.21262515,0.644826531,-1.10667133,-0.631733954,-0.0489115976,0,-0.682535589,-0.751608312,0.144820511,0.957481444,-1.15910399,-0.82575953,0,-0.0533790924,-0.538130045,-1.0675199,-1.1134119,1.01242793,-1.12696266,-0.800828636,-0.0942896381,-0.0425597429,-0.404258102,-1.3495611,-1.82482529,0.478939652,-1.45342398,-0.7543782,-0.208661944,-0.0282166321,-0.296499252,-1.10641932,-1.88050091,0.0467257351,-1.12624967,-0.498878568,-0.199069589,9
0,1.84134698,2.03965139,0.272776544,-2.73887897,-1.00733483,-0.407344818,-0.114585042,-0.0596355125,3.12888789,1.03395164,1.00716376,-1.51061392,-1.33734202,-0.517234027,-0.125630632,-0.0399202406,0.688087881,0.557260871,1.5438658,-0.506920815,-1.26353872,-0.551693916,-0.110526666,0,-0.79118371,-0.178606898,1.21262515,-0.980167329,-1.27510405,-0.631733954,-0.0489115976,0,-0.682535589,0.0368841328,1.09957254,-1.07383358,-1.5016439,-0.82575953,0,-0.0533790924,-0.538130045,0.778246939,1.35087121,-1.22754025,-1.4814651,-0.800828636,-0.0942896381,-0.0425597429,-0.404258102,1.47541523,1.23817647,1.23787713,0.850427151,0.482474059,-0.208661944,-0.0282166321,0.768356621,2.04501891,0.900428057,0.865321517,0.905849576,1.2178334,-0.199069589,2
0,-0.32890445,-1.10410953,-0.921095729,0.757503033,-0.297669798,-0.407344818,-0.114585042,-0.0596355125,-0.623986244,-1.35752809,1.00716376,-0.0526900552,0.475010067,-0.517234027,-0.125630632,-0.0399202406,-0.716925859,-0.67690438,0.859457612,0.62602216,0.828405142,-0.551693916,-0.110526666,0,-0.79118371,0.146062478,1.21262515,0.969825268,0.240790457,-0.631733954,-0.0489115976,0,-0.392982006,1.29847205,0.463071167,0.111100167,-0.645294011,-0.82575953,0,-0.0533790924,0.148251966,0.932060838,-1.1134119,-0.907544732,0.113796152,-0.800828636,-0.0942896381,-0.0425597429,-0.404258102,0.0629270747,-0.676199675,-1.41840398,0.521305561,-0.7543782,-0.208661944,-0.0282166321,-0.296499252,-0.909454465,-0.721780479,0.456023633,0.397824794,-0.498878568,-0.199069589,8
0,-0.32890445,-1.10410953,-2.83129144,0.0582266748,0.944244146,-0.103828259,-0.114585042,-0.0596355125,-0.623986244,-1.90940797,-2.74952722,1.1969589,1.29880655,1.47800589,-0.125630632,-0.0399202406,-0.716925859,-1.55845106,1.20166171,1.43526709,1.3111614,1.63889945,-0.110526666,0,-0.467236519,0.795401216,1.21262515,0.644826531,1.41981947,1.52831924,-0.0489115976,0,0.765232265,0.667678058,-0.969056785,-0.396728605,1.23867571,1.18415976,0,-0.0533790924,-0.538130045,-1.0675199,-1.1134119,0.0524415746,1.35455489,0.141278625,-0.0942896381,-0.0425597429,-0.404258102,-1.3495611,-1.82482529,-0.279997826,1.17954874,-0.548236191,-0.208661944,-0.0282166321,-0.296499252,-1.10641932,-2.80747724,-0.157923222,0.905849576,-0.498878568,-0.199069589,1
0,-0.32890445,-1.10410953,-1.39864469,0.524410903,0.766827881,-0.407344818,-0.114585042,-0.0596355125,-0.623986244,-1.35752809,1.00716376,-0.677514553,0.804528654,0.0528345145,-0.125630632,-0.0399202406,-0.716925859,-1.02952302,1.5438658,-0.668769836,0.989323914,-0.238752022,-0.110526666,0,-0.79118371,-1.47728431,0.357350856,0.969825268,0.240790457,-0.631733954,-0.0489115976,0,-0.682535589,-0.436211318,0.781321824,0.957481444,-0.474024057,-0.82575953,0,-0.0533790924,0.491442949,1.23968863,-0.497341156,-1.06754243,0.822801173,0.141278625,-0.0942896381,-0.0425597429,0.705245078,1.12229323,0.280988365,-0.849200904,-0.630620003,1.71932638,-0.208661944,-0.0282166321,-0.296499252,-1.10641932,-1.41701269,-0.362572163,1.41387439,3.17978978,-0.199069589,8
0,-0.32890445,0.991731048,0.750325441,0.757503033,0.944244146,0.806721449,-0.114585042,-0.0596355125,-0.311246723,-0.0698082,-1.74774301,-0.677514553,1.29880655,2.33310866,-0.125630632,-0.0399202406,-0.716925859,-1.73476028,-1.02266479,1.11156917,0.989323914,-0.551693916,-0.110526666,0,-0.79118371,-1.47728431,0.357350856,0.482327133,-1.27510405,-0.631733954,-0.0489115976,0,-0.682535589,-1.22470379,-0.650806129,0.957481444,-0.645294011,-0.82575953,0,-0.0533790924,-0.538130045,-1.0675199,-0.959394217,0.37243703,1.00005245,-0.800828636,-0.0942896381,-0.0425597429,-0.404258102,-1.3495611,-1.44195008,-0.469732195,1.01498795,-0.13595207,-0.208661944,-0.0282166321,-0.296499252,0.0753700212,-0.258292317,0.865321517,0.228483185,-0.498878568,-0.199069589,3
0,-0.32890445,-1.10410953,-2.83129144,-1.57341826,1.65390921,0.503204882,-0.114585042,-0.0596355125,-0.623986244,-1.90940797,-2.24863505,0.988684118,1.29880655,0.622903049,-0.125630632,-0.0399202406,0.126082376,0.557260871,1.5438658,1.11156917,1.3111614,-0.238752022,-0.110526666,0,-0.143289298,-0.340941578,-0.840033114,-0.330169797,1.41981947,-0.631733954,-0.0489115976,0,-0.682535589,-1.22470379,-1.44643283,-0.396728605,0.896135747,-0.82575953,0,-0.0533790924,-0.538130045,-1.0675199,-1.1134119,-0.107556142,1.35455489,-0.565301836,-0.0942896381,-0.0425597429,-0.404258102,-1.3495611,-1.82482529,-0.0902634487,1.17954874,0.482474059,-0.208661944,-0.0282166321,-0.296499252,-1.10641932,-2.80747724,-0.771870077,1.41387439,-0.00838943198,-0.199069589,1
0,-0.32890445,-1.10410953,-2.83129144,0.291318804,0.411995322,-0.407344818,-0.114585042,-0.0596355125,-0.623986244,-1.90940797,-1.74774301,1.1969589,-0.843064249,-0.517234027,-0.125630632,-0.0399202406,-0.716925859,-1.73476028,1.20166171,0.464173138,-0.941701174,2.26478338,-0.110526666,0,-0.467236519,0.308397144,0.699460566,-1.63016486,0.409223169,3.41836572,-0.0489115976,0,2.79210711,1.14077353,-0.650806129,-0.566004872,0.896135747,2.04555368,0,6.65637302,4.60973501,1.39350259,1.35087121,1.33242333,1.35455489,0.141278625,-0.0942896381,-0.0425597429,1.81474817,-0.643316984,-1.25051248,0.0994709209,0.850427151,-0.7543782,-0.208661944,-0.0282166321,-0.296499252,-1.10641932,-2.80747724,0.660672605,0.0591415763,-0.498878568,-0.199069589,4
0,-0.32890445,-1.10410953,0.272776544,0.0582266748,-1.00733483,-0.407344818,-0.114585042,-0.0596355125,-0.623986244,-1.90940797,0.50627166,1.1969589,-1.17258275,-0.517234027,-0.125630632,-0.0399202406,-0.716925859,-1.55845106,1.37276375,1.43526709,-1.10261989,-0.551693916,-0.110526666,0,-0.79118371,-0.82794565,1.21262515,0.969825268,-0.769805908,-0.631733954,-0.0489115976,0,-0.682535589,-0.436211318,0.940447152,0.957481444,0.0397858657,-0.82575953,0,-0.0533790924,-0.538130045,-1.0675199,-1.1134119,0.692432463,1.17730367,-0.565301836,-0.0942896381,-0.0425597429,-0.404258102,-1.1730001,0.280988365,-0.0902634487,1.17954874,1.51318431,1.73421252,-0.0282166321,-0.296499252,-1.10641932,-0.258292317,0.865321517,1.58321595,3.42503452,7.93850708,1
0,0.756221235,0.78214699,0.750325441,0.990595162,0.0571627617,-0.407344818,-0.114585042,-0.0596355125,3.4416275,0.849991679,-0.495512635,1.1969589,0.475010067,-0.517234027,-0.125630632,-0.0399202406,0.688087881,-1.20583236,-0.509358644,1.43526709,-0.137107387,-0.551693916,-0.110526666,0,-0.79118371,-1.47728431,-0.155813694,0.969825268,-0.0960749909,-0.631733954,-0.0489115976,0,-0.682535589,-1.22470379,-1.2873075,0.449652672,1.0674057,0.609897077,0,-0.0533790924,-0.538130045,-1.0675199,-1.1134119,-0.907544732,0.822801173,1.78996634,-0.0942896381,-0.0425597429,-0.404258102,0.769171178,-0.867637277,-1.22866964,0.685866356,2.13161039,-0.208661944,-0.0282166321,-0.296499252,0.863229573,0.900428057,0.865321517,1.24453282,0.727344275,-0.199069589,3
0,-0.32890445,0.78214699,0.0340020917,0.524410903,-0.652502358,-0.407344818,-0.114585042,-0.0596355125,-0.623986244,0.298111767,-1.49729693,-1.30233908,-1.33734202,-0.517234027,-0.125630632,-0.0399202406,-0.716925859,0.380951583,-1.02266479,-0.668769836,-1.26353872,-0.551693916,-0.110526666,0,-0.79118371,-0.0162722114,1.21262515,0.969825268,0.746088624,-0.631733954,-0.0489115976,0,-0.682535589,-0.5939098,-0.809931457,-1.75093865,0.553595781,0.897028387,0,-0.0533790924,-0.538130045,-1.0675199,-1.1134119,-1.22754025,-0.772460103,2.02549314,-0.0942896381,-0.0425597429,-0.404258102,0.239488095,-0.484762043,-1.0389353,0.192183971,1.51318431,-0.208661944,-0.0282166321,-0.296499252,0.666264713,0.436939895,0.865321517,1.24453282,0.727344275,-0.199069589,5
0,1.84134698,1.62048328,0.98909992,0.990595162,0.944244146,-0.407344818,-0.114585042,-0.0596355125,2.50340891,0.114151776,-1.99818909,0.363859624,0.639769375,-0.517234027,-0.125630632,-0.0399202406,-0.4359231,-1.55845106,-0.509358644,1.11156917,0.0238113683,-0.551693916,-0.110526666,0,-0.79118371,-1.15261495,1.21262515,0.969825268,0.0723577365,-0.631733954,-0.0489115976,0,-0.682535589,-1.22470379,-0.332555473,-0.227452338,1.23867571,1.47129107,0,-0.0533790924,-0.538130045,-1.0675199,-1.1134119,-1.22754025,0.291047394,2.02549314,-0.0942896381,-0.0425597429,-0.404258102,-0.466755986,-0.101886839,0.0994709209,1.17954874,1.10090017,-0.208661944,-0.0282166321,-0.296499252,1.84805405,0.900428057,0.251374692,0.0591415763,-0.498878568,-0.199069589,3
0,-0.32890445,-1.10410953,-2.35374236,0.757503033,-0.652502358,-0.407344818,-0.114585042,-0.0596355125,-0.623986244,-1.90940797,0.00537951011,0.363859624,-1.33734202,-0.517234027,-0.125630632,-0.0399202406,-0.716925859,-0.853213727,1.5438658,-0.830618858,-1.26353872,-0.551693916,-0.110526666,0,-0.79118371,0.308397144,0.186296016,-1.63016486,-0.769805908,1.52831924,-0.0489115976,0,0.765232265,1.29847205,-1.2873075,-1.41238606,1.0674057,0.609897077,0,-0.0533790924,2.55058908,0.932060838,-0.0352880657,1.01242793,1.35455489,-0.329775035,-0.0942896381,-0.0425597429,2.36949968,1.29885423,0.855301201,1.23787713,0.192183971,-0.7543782,-0.208661944,-0.0282166321,-0.296499252,-1.10641932,-2.34398913,0.865321517,-0.279541612,-0.498878568,-0.199069589,4
0,4.01159859,1.83006728,0.98909992,0.990595162,1.65390921,0.1996883,-0.114585042,-0.0596355125,3.12888789,0.114151776,-2.49908113,-1.30233908,1.29880655,0.907937288,-0.125630632,-0.0399202406,-0.154920369,-1.73476028,-1.02266479,0.62602216,0.66748637,-0.551693916,-0.110526666,0,-0.79118371,-1.47728431,1.04157031,0.969825268,-0.769805908,-0.631733954,-0.0489115976,0,-0.682535589,-1.22470379,-0.809931457,0.788205206,0.211055845,-0.82575953,0,-0.0533790924,-0.538130045,-1.0675199,-1.1134119,-1.06754243,1.00005245,1.55443954,-0.0942896381,-0.0425597429,0.150493473,-0.113633938,-1.82482529,-1.22866964,0.850427151,0.894758165,-0.208661944,-0.0282166321,3.96292424,1.84805405,0.900428057,0.865321517,0.736508012,-0.498878568,-0.199069589,3
0,-0.32890445,-0.894525409,-0.204772368,0.524410903,-0.120253511,-0.407344818,-0.114585042,-0.0596355125,-0.311246723,1.03395164,0.50627166,-0.885789394,0.804528654,-0.232199743,-0.125630632,-0.0399202406,1.81209886,0.733570218,-0.851562738,-1.15431678,1.3111614,0.700073719,-0.110526666,0,0.828552306,0.633066535,-1.52425253,-0.655168533,1.41981947,-0.361727297,-0.0489115976,0,-0.392982006,1.14077353,1.09957254,0.957481444,0.553595781,-0.82575953,0,-0.0533790924,-0.538130045,-0.298450351,1.04283583,-0.74754703,0.822801173,0.141278625,-0.0942896381,-0.0425597429,-0.404258102,-0.819878042,1.04673874,-0.469732195,1.17954874,-0.548236191,-0.208661944,-0.0282166321,-0.296499252,-1.10641932,-0.258292317,0.865321517,0.228483185,-0.498878568,-0.199069589,8
0,-0.32890445,0.991731048,0.98909992,0.757503033,-1.00733483,-0.407344818,-0.114585042,-0.0596355125,0.626971841,0.666031718,-0.996404767,1.1969589,-1.17258275,-0.517234027,-0.125630632,-0.0399202406,-0.716925859,-1.55845106,-0.509358644,1.43526709,-1.26353872,0.0741898865,-0.110526666,0,-0.79118371,-0.99028033,0.357350856,0.969825268,1.41981947,2.8783524,-0.0489115976,0,-0.682535589,0.667678058,1.09957254,0.111100167,-0.302754074,-0.251496881,0,-0.0533790924,-0.538130045,-0.144636467,1.35087121,-1.22754025,-1.4814651,-0.800828636,-0.0942896381,-0.0425597429,-0.404258102,-0.113633938,1.04673874,-1.79787278,-1.45342398,-0.7543782,-0.208661944,-0.0282166321,-0.296499252,1.25715935,-0.258292317,-2.40906167,-1.12624967,-0.498878568,-0.199069589,7
0,-0.32890445,0.78214699,0.0340020917,0.0582266748,1.29907668,1.71727109,-0.114585042,-0.0596355125,-0.623986244,0.849991679,-1.74774301,-1.09406424,-0.678304911,0.0528345145,-0.125630632,-0.0399202406,0.407085121,0.909879565,0.517253578,-0.506920815,-1.26353872,-0.551693916,-0.110526666,0,-0.143289298,0.308397144,0.357350856,0.8073259,0.577655911,-0.631733954,-0.0489115976,0,-0.682535589,-1.22470379,-1.44643283,-1.75093865,0.211055845,0.609897077,0,-0.0533790924,-0.538130045,-1.0675199,-1.1134119,-1.22754025,-0.240706354,0.847859085,-0.0942896381,-0.0425597429,2.36949968,0.592610121,-1.05907488,-0.849200904,0.850427151,-0.548236191,-0.208661944,-0.0282166321,-0.296499252,0.666264713,0.900428057,0.251374692,-0.618224859,-0.498878568,-0.199069589,5
0,-0.32890445,-1.10410953,-0.921095729,0.291318804,-1.00733483,-0.407344818,-0.114585042,-0.0596355125,-0.623986244,-1.72544801,1.00716376,1.1969589,-1.33734202,-0.517234027,-0.125630632,-0.0399202406,-0.716925859,-0.500595033,1.5438658,1.43526709,-1.26353872,-0.551693916,-0.110526666,0,-0.467236519,0.957735896,1.21262515,0.969825268,-1.27510405,-0.631733954,-0.0489115976,0,1.05478585,1.29847205,0.940447152,0.957481444,0.0397858657,-0.251496881,0,-0.0533790924,1.521016,1.23968863,1.35087121,1.33242333,1.35455489,1.78996634,-0.0942896381,-0.0425597429,-0.404258102,-1.3495611,0.280988365,1.23787713,-1.45342398,-0.7543782,-0.208661944,-0.0282166321,-0.296499252,-1.10641932,-0.490036398,0.456023633,-1.12624967,-0.498878568,-0.199069589,4
0,-0.32890445,-0.894525409,0.272776544,-1.107234,-1.00733483,-0.407344818,-0.114585042,-0.0596355125,-0.623986244,-0.621688128,0.50627166,-1.71888876,-1.33734202,-0.517234027,-0.125630632,-0.0399202406,-0.716925859,0.557260871,-0.338256598,-1.15431678,-1.26353872,-0.551693916,-0.110526666,0,-0.79118371,1.12007058,-1.01108789,-1.63016486,-1.27510405,-0.631733954,-0.0489115976,0,0.186125115,1.29847205,0.144820511,0.280376405,0.553595781,0.0356344357,0,-0.0533790924,0.491442949,1.39350259,0.580782712,-0.427551597,0.113796152,2.02549314,-0.0942896381,-0.0425597429,0.150493473,0.945732176,0.280988365,-1.0389353,0.685866356,1.51318431,-0.208661944,-0.0282166321,-0.296499252,-0.909454465,-0.0265482478,0.865321517,0.736508012,-0.00838943198,-0.199069589,6
0,-0.32890445,-0.475357324,-0.204772368,0.757503033,1.29907668,0.1996883,-0.114585042,-0.0596355125,0.00149279006,0.849991679,-0.245066568,-0.469239712,0.969287932,1.47800589,-0.125630632,-0.0399202406,1.5310961,0.733570218,-1.19376683,-0.830618858,0.828405142,0.0741898865,-0.110526666,0,0.180657908,0.633066535,1.21262515,0.969825268,1.25138676,-0.361727297,-0.0489115976,0,-0.682535589,-1.22470379,-1.44643283,0.618928909,-0.645294011,-0.82575953,0,-0.0533790924,-0.538130045,-1.0675199,-0.0352880657,1.01242793,-1.4814651,-0.800828636,-0.0942896381,-0.0425597429,-0.404258102,-1.1730001,1.04673874,-1.0389353,-1.45342398,-0.7543782,-0.208661944,-0.0282166321,-0.296499252,-0.712489545,0.900428057,-2.2044127,-1.12624967,-0.498878568,-0.199069589,9
0,-0.32890445,0.153394848,-0.443546832,-0.641049683,-0.297669798,-0.407344818,-0.114585042,-0.0596355125,-0.623986244,0.666031718,-0.495512635,1.1969589,1.29880655,-0.232199743,-0.125630632,-0.0399202406,0.407085121,0.909879565,-1.02266479,0.302324146,1.3111614,-0.551693916,-0.110526666,0,0.180657908,1.12007058,1.21262515,0.969825268,0.0723577365,-0.631733954,-0.0489115976,0,-0.682535589,0.667678058,0.781321824,0.957481444,-0.645294011,-0.82575953,0,-0.0533790924,-0.538130045,0.778246939,-0.959394217,0.212439299,0.645549893,-0.800828636,-0.0942896381,-0.0425597429,-0.404258102,1.47541523,-0.676199675,0.858408391,0.0276231728,-0.7543782,-0.208661944,-0.0282166321,-0.296499252,0.469299793,-0.0265482478,-1.18116796,-0.956908047,-0.498878568,-0.199069589,8
0,-0.32890445,-1.10410953,-0.443546832,-0.174865454,-1.00733483,-0.407344818,-0.114585042,-0.0596355125,-0.623986244,-1.90940797,0.50627166,0.780409276,-1.33734202,-0.517234027,-0.125630632,-0.0399202406,-0.716925859,-1.02952302,1.5438658,-0.668769836,-1.26353872,-0.551693916,-0.110526666,0,-0.79118371,-0.503276289,1.21262515,-0.00517102238,-0.938238621,-0.631733954,-0.0489115976,0,-0.682535589,0.667678058,1.09957254,0.280376405,0.382325828,0.609897077,0,-0.0533790924,-0.538130045,0.624433041,-0.0352880657,-0.74754703,-1.12696266,2.49654675,-0.0942896381,-0.0425597429,-0.404258102,-0.290194958,0.663863599,-1.79787278,-0.795180798,1.92546833,-0.208661944,-0.0282166321,-0.296499252,-1.10641932,-0.721780479,0.865321517,1.41387439,0.727344275,-0.199069589,6
0,-0.32890445,-0.475357324,-0.443546832,0.990595162,1.83132553,0.806721449,-0.114585042,-0.0596355125,-0.623986244,-1.90940797,-2.9999733,-1.9271636,0.969287932,1.47800589,-0.125630632,-0.0399202406,-0.716925859,-1.73476028,-1.19376683,-0.830618858,1.15024269,0.700073719,-0.110526666,0,-0.79118371,-0.82794565,-0.840033114,0.319827735,1.25138676,0.718299329,-0.0489115976,0,-0.392982006,1.14077353,1.09957254,0.957481444,0.0397858657,0.322765768,0,-0.0533790924,-0.538130045,-0.759892046,0.580782712,0.852430165,-1.4814651,-0.800828636,-0.0942896381,-0.0425597429,-0.404258102,-1.1730001,1.23817647,-0.849200904,-1.45342398,-0.7543782,-0.208661944,-0.0282166321,-0.296499252,-0.515524685,-0.0265482478,-2.40906167,-1.12624967,-0.498878568,-0.199069589,7
0,-0.32890445,0.362978905,-0.204772368,-2.03960252,-0.829918623,-0.407344818,-0.114585042,-0.0596355125,-0.311246723,0.666031718,1.00716376,0.572134435,0.804528654,-0.517234027,-0.125630632,-0.0399202406,0.126082376,1.08618891,0.859457612,-0.992467821,-0.298026145,1.32595754,-0.110526666,0,0.504605114,0.146062478,-0.840033114,-1.63016486,-0.601373136,1.52831924,-0.0489115976,0,1.63389289,0.0368841328,-1.44643283,-1.75093865,0.382325828,0.609897077,0,-0.0533790924,1.86420691,0.316805243,-1.1134119,-0.907544732,1.00005245,-0.800828636,-0.0942896381,-0.0425597429,0.150493473,0.769171178,-1.05907488,0.478939652,0.192183971,-0.7543782,-0.208661944,-0.0282166321,-0.296499252,0.0753700212,0.436939895,-0.567221105,-1.12624967,-0.498878568,-0.199069589,0
0,-0.32890445,0.362978905,-1.6374191,0.524410903,1.29907668,-0.407344818,-0.114585042,-0.0596355125,-0.623986244,1.03395164,0.756717741,-0.885789394,0.145491496,0.0528345145,-0.125630632,-0.0399202406,0.407085121,1.08618891,0.00394746149,-1.15431678,-0.619863689,0.700073719,-0.110526666,0,1.15249956,0.470731825,-1.35319769,-1.63016486,-0.432940423,1.25831258,-0.0489115976,0,1.63389289,-0.120814353,-1.44643283,-1.75093865,0.553595781,0.0356344357,0,-0.0533790924,0.834633946,0.162991345,-1.1134119,-0.587549329,0.645549893,-0.800828636,-0.0942896381,-0.0425597429,0.705245078,0.769171178,-0.867637277,1.04814279,-0.795180798,-0.7543782,-0.208661944,-0.0282166321,-0.296499252,0.0753700212,0.668684006,-1.18116796,-1.12624967,-0.498878568,-0.199069589,0
0,-0.32890445,-0.894525409,-0.443546832,0.990595162,1.29907668,-0.407344818,-0.114585042,-0.0596355125,0.00149279006,0.849991679,0.756717741,-0.2609649,-0.348786354,-0.517234027,-0.125630632,-0.0399202406,0.688087881,1.08618891,-1.02266479,-1.15431678,-1.26353872,-0.551693916,-0.110526666,0,1.80039394,1.12007058,0.870515406,-0.817667961,-1.27510405,-0.631733954,-0.0489115976,0,2.5025537,1.29847205,0.622196496,0.788205206,-0.987833977,-0.82575953,0,-0.0533790924,-0.194939047,-0.606078148,-1.1134119,0.532434762,0.645549893,-0.800828636,-0.0942896381,-0.0425597429,-0.404258102,-1.3495611,-1.44195008,0.668674052,0.192183971,-0.7543782,-0.208661944,-0.0282166321,-0.296499252,-0.909454465,0.436939895,0.660672605,-0.618224859,-0.498878568,-0.199069589,5
0,-0.32890445,-1.10410953,-2.83129144,0.524410903,0.234579042,-0.407344818,-0.114585042,-0.0596355125,-0.623986244,-1.90940797,0.255825579,1.1969589,0.145491496,-0.517234027,-0.125630632,-0.0399202406,-0.716925859,0.0283329226,1.5438658,1.43526709,-0.137107387,-0.551693916,-0.110526666,0,1.47644675,1.12007058,-0.155813694,0.969825268,-0.938238621,-0.631733954,-0.0489115976,0,-0.392982006,-0.436211318,-0.491680831,0.957481444,-0.474024057,-0.82575953,0,-0.0533790924,-0.538130045,-1.0675199,-0.497341156,1.33242333,-0.417957604,-0.800828636,-0.0942896381,-0.0425597429,-0.404258102,-1.3495611,-1.44195008,1.23787713,-0.466059208,-0.7543782,-0.208661944,-0.0282166321,-0.296499252,-1.10641932,-2.80747724,0.0467257351,0.736508012,-0.498878568,-0.199069589,1
0,-0.32890445,-0.894525409,0.272776544,-2.50578666,-1.00733483,-0.407344818,-0.114585042,-0.0596355125,-0.623986244,-0.621688128,0.756717741,-1.9271636,-1.33734202,-0.517234027,-0.125630632,-0.0399202406,-0.4359231,0.733570218,-0.16715458,-1.15431678,-1.26353872,-0.551693916,-0.110526666,0,-0.79118371,1.12007058,-1.01108789,-1.63016486,-1.10667133,-0.631733954,-0.0489115976,0,-0.392982006,1.29847205,-0.491680831,0.788205206,1.0674057,0.609897077,0,-0.0533790924,-0.194939047,1.39350259,1.04283583,-0.587549329,-0.949711382,2.02549314,-0.0942896381,-0.0425597429,-0.404258102,-0.113633938,-0.484762043,-1.79787278,0.0276231728,1.71932638,-0.208661944,-0.0282166321,-0.296499252,-1.10641932,-0.258292317,0.865321517,0.397824794,-0.00838943198,-0.199069589,6
0,-0.32890445,0.78214699,0.0340020917,0.524410903,0.0571627617,-0.407344818,-0.114585042,-0.0596355125,-0.623986244,1.03395164,-1.49729693,-2.13543844,-1.33734202,-0.517234027,-0.125630632,-0.0399202406,-0.154920369,0.909879565,-1.19376683,-1.15431678,-1.26353872,-0.551693916,-0.110526666,0,1.80039394,0.957735896,0.528405726,0.969825268,0.240790457,-0.361727297,-0.0489115976,0,-0.392982006,0.0368841328,-0.491680831,-1.41238606,0.553595781,1.18415976,0,-0.0533790924,-0.538130045,-1.0675199,-1.1134119,-1.22754025,0.468298674,0.847859085,-0.0942896381,-0.0425597429,-0.404258102,-1.3495611,-1.82482529,-0.279997826,1.01498795,-0.342094123,-0.208661944,-0.0282166321,-0.296499252,1.25715935,0.436939895,-0.567221105,-0.787566423,-0.498878568,-0.199069589,5
0,-0.32890445,0.991731048,0.750325441,0.524410903,-0.297669798,-0.407344818,-0.114585042,-0.0596355125,-0.623986244,-1.17356813,-1.49729693,0.572134435,1.29880655,0.0528345145,-0.125630632,-0.0399202406,-0.716925859,-1.73476028,-0.680460691,1.43526709,0.184730127,-0.551693916,-0.110526666,0,-0.79118371,-1.47728431,-1.35319769,0.969825268,-0.264507711,-0.631733954,-0.0489115976,0,-0.682535589,-1.22470379,-1.44643283,-0.0581760854,0.553595781,-0.82575953,0,-0.0533790924,-0.538130045,-1.0675199,-1.1134119,-1.06754243,1.35455489,0.141278625,-0.0942896381,-0.0425597429,0.150493473,0.239488095,-0.867637277,-0.659466565,1.17954874,0.688616097,-0.208661944,-0.0282166321,-0.296499252,1.65108919,-0.0265482478,0.660672605,0.736508012,-0.00838943198,-0.199069589,3
0,-0.32890445,-0.684941351,-0.921095729,-0.874141812,0.411995322,3.23485398,1.76820457,-0.0596355125,-0.623986244,0.298111767,1.00716376,0.780409276,0.969287932,3.75828004,0.978688955,-0.0399202406,-0.716925859,0.733570218,0.346151531,-1.15431678,0.66748637,1.32595754,-0.110526666,0,-0.79118371,0.146062478,-1.18214285,-0.330169797,0.577655911,-0.631733954,-0.0489115976,0,-0.682535589,-1.22470379,-1.12818217,0.618928909,-0.987833977,-0.82575953,0,-0.0533790924,-0.538130045,-1.0675199,0.272747338,0.0524415746,-1.4814651,-0.800828636,-0.0942896381,-0.0425597429,-0.404258102,-1.3495611,0.855301201,-1.0389353,-1.45342398,-0.7543782,-0.208661944,-0.0282166321,-0.296499252,-0.515524685,0.668684006,-2.40906167,-1.12624967,-0.498878568,-0.199069589,7
0,-0.32890445,0.153394848,0.0340020917,0.291318804,-0.652502358,-0.407344818,-0.114585042,-0.0596355125,0.31423232,1.03395164,-1.49729693,-1.9271636,1.13404715,-0.517234027,-0.125630632,-0.0399202406,0.688087881,1.08618891,1.03055966,0.787871122,1.3111614,0.0741898865,-0.110526666,0,-0.143289298,0.633066535,1.21262515,0.319827735,1.25138676,0.448292673,-0.0489115976,0,-0.682535589,-1.22470379,-1.44643283,-1.75093865,-0.131484106,1.47129107,0,-0.0533790924,-0.538130045,-0.913705945,-1.1134119,-1.22754025,-0.0634551048,1.08338594,-0.0942896381,-0.0425597429,1.25999665,1.47541523,-1.44195008,-1.79787278,0.192183971,0.688616097,-0.208661944,-0.0282166321,-0.296499252,-0.121594876,-0.258292317,0.865321517,1.07519114,-0.253634006,-0.199069589,9
0,-0.32890445,-0.894525409,-0.204772368,-2.03960252,-1.00733483,-0.407344818,-0.114585042,-0.0596355125,-0.623986244,-0.253768176,1.00716376,-2.13543844,-1.33734202,-0.517234027,-0.125630632,-0.0399202406,-0.4359231,1.08618891,-0.338256598,-1.15431678,-1.10261989,0.0741898865,-0.110526666,0,1.15249956,1.12007058,-1.18214285,-1.46766543,0.914521337,2.06833267,-0.0489115976,0,1.34433937,1.29847205,-0.0143048232,0.788205206,0.724865794,-0.82575953,0,-0.0533790924,0.148251966,0.316805243,0.734800398,1.33242333,-1.30421388,-0.800828636,-0.0942896381,-0.0425597429,-0.404258102,-1.3495611,0.855301201,-0.0902634487,-1.45342398,-0.7543782,-0.208661944,-0.0282166321,-0.296499252,-0.712489545,0.900428057,-0.976518989,-1.12624967,-0.498878568,-0.199069589,4
0,-0.32890445,-0.475357324,0.511551023,0.291318804,1.12166035,3.841887,-0.114585042,-0.0596355125,-0.623986244,0.114151776,0.50627166,0.363859624,1.13404715,2.04807425,-0.125630632,-0.0399202406,-0.716925859,1.08618891,-0.338256598,-0.668769836,1.3111614,0.0741898865,-0.110526666,0,-0.467236519,-0.0162722114,-1.35319769,-0.00517102238,0.746088624,-0.631733954,-0.0489115976,0,-0.682535589,-1.22470379,-0.332555473,0.957481444,0.896135747,0.897028387,0,-0.0533790924,-0.538130045,-0.452264249,1.35087121,1.33242333,0.468298674,-0.565301836,-0.0942896381,-0.0425597429,-0.404258102,-1.3495611,1.04673874,-0.849200904,-1.45342398,-0.7543782,-0.208661944,-0.0282166321,-0.296499252,0.0753700212,0.205195829,-2.40906167,-1.12624967,-0.498878568,-0.199069589,7
0,-0.32890445,0.153394848,0.750325441,-1.80651033,-1.00733483,-0.407344818,-0.114585042,-0.0596355125,-0.311246723,0.666031718,-1.24685085,-2.13543844,-1.33734202,-0.517234027,-0.125630632,-0.0399202406,0.407085121,0.909879565,-1.02266479,-1.15431678,-1.26353872,-0.551693916,-0.110526666,0,0.828552306,0.308397144,-1.52425253,-1.30516613,-1.10667133,-0.631733954,-0.0489115976,0,0.475678682,0.82537657,0.463071167,0.957481444,0.724865794,0.0356344357,0,-0.0533790924,-0.194939047,1.39350259,-0.80537653,-1.06754243,-0.0634551048,1.55443954,-0.0942896381,-0.0425597429,-0.404258102,0.769171178,-1.05907488,-1.79787278,0.356744766,1.71932638,-0.208661944,-0.0282166321,-0.296499252,-0.318559766,0.205195829,0.0467257351,1.24453282,-0.00838943198,-0.199069589,6
0,-0.32890445,-0.265773267,0.98909992,0.990595162,1.83132553,3.23485398,-0.114585042,-0.0596355125,-0.623986244,-1.17356813,0.00537951011,0.155584782,0.969287932,3.18821144,-0.125630632,-0.0399202406,-0.716925859,-1.73476028,-1.19376683,-1.15431678,1.15024269,2.26478338,-0.110526666,0,-0.79118371,-1.15261495,-0.155813694,-0.00517102238,1.41981947,1.7983259,-0.0489115976,0,-0.682535589,-0.120814353,0.622196496,0.957481444,0.896135747,0.609897077,0,-0.0533790924,-0.538130045,-1.0675199,-0.651358843,1.33242333,-0.595208883,-0.800828636,-0.0942896381,-0.0425597429,-0.404258102,-1.3495611,0.0895507634,1.04814279,-1.45342398,-0.7543782,-0.208661944,-0.0282166321,-0.296499252,-0.515524685,0.900428057,-0.567221105,-1.12624967,-0.498878568,-0.199069589,7
0,-0.32890445,-0.265773267,0.750325441,0.524410903,0.766827881,-0.103828259,-0.114585042,-0.0596355125,-0.623986244,-0.621688128,-0.745958686,-2.13543844,0.145491496,1.76304007,-0.125630632,-0.0399202406,-0.716925859,0.204642251,0.346151531,-0.830618858,0.828405142,1.63889945,-0.110526666,0,-0.79118371,-0.82794565,1.04157031,0.644826531,-0.601373136,-0.631733954,-0.0489115976,0,-0.682535589,-0.278512836,0.940447152,0.788205206,-1.33037388,-0.82575953,0,-0.0533790924,0.834633946,1.0858748,-0.959394217,0.852430165,-0.240706354,-0.800828636,-0.0942896381,-0.0425597429,3.47900295,0.945732176,-1.63338768,-0.849200904,0.685866356,-0.7543782,-0.208661944,-0.0282166321,-0.296499252,0.272334903,0.436939895,0.865321517,1.58321595,-0.253634006,-0.199069589,8
0,0.756221235,0.991731048,0.98909992,0.990595162,0.944244146,-0.407344818,-0.114585042,-0.0596355125,0.939711332,-0.0698082,-0.996404767,0.363859624,1.29880655,0.622903049,-0.125630632,-0.0399202406,-0.716925859,-1.73476028,-1.02266479,0.464173138,0.989323914,-0.551693916,-0.110526666,0,-0.79118371,-1.47728431,-0.497923404,0.969825268,-0.601373136,-0.631733954,-0.0489115976,0,-0.682535589,-1.22470379,-0.332555473,0.957481444,-0.645294011,-0.82575953,0,-0.0533790924,-0.538130045,-1.0675199,-0.959394217,0.692432463,1.35455489,0.141278625,-0.0942896381,-0.0425597429,-0.404258102,-0.99643904,-1.05907488,-0.0902634487,1.17954874,0.0701899752,-0.208661944,-0.0282166321,0.768356621,1.84805405,0.436939895,-0.157923222,-0.448883235,-0.498878568,-0.199069589,3
0,-0.32890445,0.991731048,0.272776544,-2.50578666,-1.00733483,-0.407344818,-0.114585042,-0.0596355125,-0.623986244,-0.621688128,1.00716376,-1.09406424,-1.33734202,-0.517234027,-0.125630632,-0.0399202406,-0.716925859,-0.67690438,1.5438658,-0.183222845,-1.26353872,-0.551693916,-0.110526666,0,-0.79118371,-0.503276289,1.21262515,0.482327133,-1.27510405,-0.631733954,-0.0489115976,0,-0.682535589,-1.22470379,-0.491680831,0.957481444,-1.15910399,-0.82575953,0,-0.0533790924,-0.538130045,-1.0675199,-0.651358843,1.33242333,-0.0634551048,-0.800828636,-0.0942896381,-0.0425597429,-0.404258102,-0.113633938,0.280988365,1.23787713,0.850427151,1.10090017,3.67708707,-0.0282166321,-0.296499252,0.0753700212,0.668684006,0.251374692,1.24453282,3.42503452,7.42990828,1
0,-0.32890445,0.362978905,0.98909992,-0.174865454,-0.829918623,-0.407344818,-0.114585042,-0.0596355125,-0.311246723,0.849991679,0.00537951011,0.363859624,0.639769375,-0.517234027,-0.125630632,-0.0399202406,-0.154920369,1.08618891,-0.851562738,-0.183222845,1.3111614,0.0741898865,-0.110526666,0,-0.467236519,1.12007058,-0.497923404,-0.655168533,1.41981947,0.988305986,-0.0489115976,0,-0.682535589,-0.120814353,1.09957254,0.788205206,1.23867571,1.75842237,0,-0.0533790924,-0.538130045,-1.0675199,-1.1134119,-1.22754025,0.645549893,1.78996634,-0.0942896381,-0.0425597429,-0.404258102,-0.819878042,-1.25051248,-0.659466565,1.17954874,0.276332021,-0.208661944,-0.0282166321,-0.296499252,0.469299793,0.900428057,0.456023633,-0.110200025,-0.498878568,-0.199069589,9
0,-0.32890445,-0.0561892018,0.0340020917,0.0582266748,0.411995322,-0.103828259,-0.114585042,-0.0596355125,-0.623986244,-0.0698082,1.00716376,1.1969589,1.13404715,-0.517234027,-0.125630632,-0.0399202406,-0.716925859,0.204642251,1.5438658,1.43526709,0.0238113683,-0.551693916,-0.110526666,0,0.504605114,1.12007058,1.21262515,0.969825268,-0.601373136,-0.631733954,-0.0489115976,0,0.186125115,1.29847205,1.09957254,-0.0581760854,-1.5016439,-0.82575953,0,-0.0533790924,-0.538130045,0.932060838,1.35087121,1.33242333,-0.949711382,-0.800828636,-0.0942896381,-0.0425597429,-0.404258102,0.945732176,1.23817647,1.23787713,-1.45342398,-0.7543782,-0.208661944,-0.0282166321,-0.296499252,-0.712489545,-0.490036398,0.0467257351,-1.12624967,-0.498878568,-0.199069589,1
0,-0.32890445,1.41089916,-0.443546832,-2.73887897,-1.00733483,-0.407344818,-0.114585042,-0.0596355125,-0.623986244,0.666031718,1.00716376,1.1969589,0.969287932,-0.517234027,-0.125630632,-0.0399202406,-0.716925859,0.557260871,1.5438658,1.27341807,0.345648885,-0.238752022,-0.110526666,0,-0.79118371,0.308397144,1.21262515,0.969825268,-0.0960749909,-0.631733954,-0.0489115976,0,-0.682535589,-1.22470379,-0.809931457,-0.566004872,1.23867571,1.18415976,0,-0.0533790924,-0.538130045,-1.0675199,-1.1134119,-0.587549329,1.35455489,1.31891274,-0.0942896381,-0.0425597429,-0.404258102,-0.466755986,-1.05907488,0.478939652,1.17954874,0.0701899752,-0.208661944,-0.0282166321,-0.296499252,0.666264713,0.900428057,0.865321517,0.567166388,-0.498878568,-0.199069589,5
0,-0.32890445,-1.10410953,-2.5925169,-0.407957584,1.83132553,2.02078772,-0.114585042,-0.0596355125,-0.311246723,-0.437728167,0.756717741,1.1969589,1.29880655,2.04807425,-0.125630632,-0.0399202406,2.0931015,1.08618891,1.03055966,0.62602216,1.3111614,1.95184135,-0.110526666,0,-0.467236519,-0.82794565,-1.52425253,-0.00517102238,1.41981947,0.448292673,-0.0489115976,0,-0.682535589,-1.22470379,-1.44643283,0.280376405,1.23867571,-0.82575953,0,-0.0533790924,-0.538130045,-1.0675199,-1.1134119,0.692432463,1.35455489,-0.800828636,-0.0942896381,-0.0425597429,-0.404258102,-1.3495611,-1.82482529,0.478939652,1.17954874,-0.13595207,-0.208661944,-0.0282166321,-0.296499252,-1.10641932,-2.80747724,-0.362572163,1.58321595,1.2178334,-0.199069589,1
0,-0.32890445,0.78214699,0.511551023,0.990595162,1.83132553,0.1996883,-0.114585042,-0.0596355125,1.56519043,0.849991679,-1.24685085,-1.30233908,0.969287932,1.76304007,-0.125630632,-0.0399202406,-0.716925859,-1.73476028,-1.19376683,-0.345071852,1.15024269,0.700073719,-0.110526666,0,-0.79118371,-1.47728431,-1.52425253,0.969825268,-0.601373136,-0.631733954,-0.0489115976,0,-0.682535589,-1.22470379,-1.44643283,0.788205206,-0.816564023,-0.82575953,0,-0.0533790924,-0.538130045,-1.0675199,-1.1134119,-0.107556142,0.645549893,-0.800828636,-0.0942896381,-0.0425597429,-0.404258102,1.29885423,-1.44195008,-0.279997826,0.850427151,-0.7543782,-0.208661944,-0.0282166321,-0.296499252,0.863229573,0.668684006,0.0467257351,-0.618224859,-0.498878568,-0.199069589,3
0,-0.32890445,0.362978905,0.98909992,0.291318804,-0.297669798,-0.407344818,-0.114585042,-0.0596355125,-0.623986244,-0.621688128,1.00716376,1.1969589,0.145491496,-0.517234027,-0.125630632,-0.0399202406,-0.716925859,-1.55845106,1.5438658,1.43526709,0.184730127,-0.551693916,-0.110526666,0,-0.79118371,-0.99028033,1.21262515,0.969825268,0.240790457,-0.631733954,-0.0489115976,0,-0.682535589,0.0368841328,1.09957254,0.957481444,-0.131484106,-0.82575953,0,-0.0533790924,-0.538130045,0.470619142,1.35087121,1.33242333,-0.772460103,-0.800828636,-0.0942896381,-0.0425597429,-0.404258102,0.239488095,1.23817647,0.858408391,-1.28886318,-0.7543782,-0.208661944,-0.0282166321,-0.296499252,-0.318559766,-0.0265482478,0.456023633,0.228483185,-0.498878568,-0.199069589,1
0,1.84134698,-1.10410953,-0.921095729,-0.641049683,-1.00733483,-0.407344818,-0.114585042,-0.0596355125,3.4416275,-0.989608109,0.50627166,-0.469239712,-0.184027076,-0.517234027,-0.125630632,-0.0399202406,2.65510702,-0.853213727,-0.851562738,-1.15431678,0.184730127,-0.551693916,-0.110526666,0,1.47644675,-0.665610969,-1.52425253,-1.63016486,-0.769805908,0.718299329,-0.0489115976,0,0.186125115,0.352281094,-1.44643283,-1.75093865,-1.15910399,2.04555368,0,-0.0533790924,-0.194939047,0.932060838,-1.1134119,-1.22754025,-1.30421388,2.02549314,-0.0942896381,-0.0425597429,-0.404258102,-0.466755986,0.663863599,-0.849200904,0.0276231728,1.92546833,-0.208661944,-0.0282166321,-0.296499252,-1.10641932,-0.721780479,0.865321517,1.58321595,1.2178334,-0.199069589,0
0,2.92647266,1.41089916,0.750325441,0.990595162,1.83132553,0.503204882,-0.114585042,-0.0596355125,1.25245082,1.03395164,-0.745958686,-0.2609649,1.29880655,1.19297159,-0.125630632,-0.0399202406,-0.716925859,-1.20583236,-1.19376683,0.62602216,1.15024269,-0.238752022,-0.110526666,0,-0.79118371,-1.47728431,-0.840033114,0.969825268,-0.0960749909,-0.631733954,-0.0489115976,0,-0.682535589,-1.22470379,-0.332555473,0.957481444,-0.816564023,-0.82575953,0,-0.0533790924,-0.538130045,-1.0675199,-1.1134119,0.852430165,0.468298674,-0.800828636,-0.0942896381,-0.0425597429,-0.404258102,-0.643316984,-0.867637277,1.04814279,0.850427151,-0.7543782,-0.208661944,-0.0282166321,2.89806843,2.04501891,0.900428057,0.660672605,-0.110200025,-0.498878568,-0.199069589,3
0,1.84134698,2.03965139,0.98909992,0.990595162,1.29907668,0.1996883,-0.114585042,-0.0596355125,1.56519043,1.03395164,0.255825579,-0.469239712,-0.0192677919,0.33786878,-0.125630632,-0.0399202406,0.407085121,1.08618891,-0.509358644,-1.15431678,-1.26353872,-0.551693916,-0.110526666,0,-0.79118371,1.12007058,0.357350856,-1.63016486,-1.27510405,-0.631733954,-0.0489115976,0,-0.682535589,0.667678058,1.09957254,-1.24310982,-1.5016439,-0.82575953,0,-0.0533790924,-0.538130045,-0.759892046,0.888818085,0.532434762,-1.4814651,-0.800828636,-0.0942896381,-0.0425597429,1.25999665,0.0629270747,1.04673874,-0.279997826,-1.45342398,-0.7543782,-0.208661944,-0.0282166321,1.83321249,1.84805405,0.668684006,-2.2044127,-1.12624967,-0.498878568,-0.199069589,5
0,-0.32890445,-1.10410953,-2.11496806,0.291318804,-0.829918623,-0.407344818,-0.114585042,-0.0596355125,-0.623986244,-1.90940797,-0.996404767,1.1969589,-0.843064249,-0.517234027,-0.125630632,-0.0399202406,-0.716925859,-1.55845106,1.37276375,1.43526709,-0.619863689,-0.551693916,-0.110526666,0,-0.79118371,-0.178606898,1.21262515,0.969825268,-1.10667133,-0.631733954,-0.0489115976,0,-0.103428438,1.29847205,0.781321824,0.957481444,-0.645294011,-0.538628221,0,-0.0533790924,3.2369709,1.39350259,1.35087121,1.33242333,1.35455489,1.55443954,-0.0942896381,-0.0425597429,2.36949968,0.0629270747,0.280988365,1.23787713,-0.795180798,-0.548236191,-0.208661944,-0.0282166321,-0.296499252,-1.10641932,-2.34398913,0.865321517,-0.787566423,-0.498878568,-0.199069589,4
0,-0.32890445,-0.684941351,0.98909992,-0.874141812,-1.00733483,-0.407344818,-0.114585042,-0.0596355125,-0.623986244,-0.437728167,1.00716376,-0.885789394,-1.33734202,-0.517234027,-0.125630632,-0.0399202406,-0.716925859,0.909879565,0.517253578,-1.15431678,-1.26353872,-0.551693916,-0.110526666,0,0.504605114,1.12007058,-1.18214285,-1.63016486,-1.27510405,-0.631733954,-0.0489115976,0,1.63389289,1.29847205,1.09957254,0.957481444,0.896135747,-0.251496881,0,-0.0533790924,2.20739794,1.39350259,-0.0352880657,-0.587549329,1.35455489,1.08338594,-0.0942896381,-0.0425597429,0.150493473,1.47541523,-0.101886839,-0.659466565,1.17954874,0.0701899752,-0.208661944,-0.0282166321,-0.296499252,-0.515524685,-0.0265482478,0.865321517,0.905849576,-0.498878568,-0.199069589,6
0,0.756221235,0.991731048,-0.68232125,-0.174865454,-0.120253511,-0.407344818,-0.114585042,10.6491985,3.75436711,-0.437728167,-2.74952722,-1.71888876,0.475010067,-0.517234027,-0.125630632,-0.0399202406,3.21711254,-1.20583236,-1.19376683,0.62602216,-0.458944917,-0.551693916,-0.110526666,0,-0.143289298,0.470731825,0.528405726,0.157328367,-1.27510405,-0.631733954,-0.0489115976,0,-0.682535589,-0.909306765,0.940447152,0.618928909,-0.816564023,-0.82575953,0,-0.0533790924,-0.538130045,0.624433041,-0.343323469,-1.06754243,0.645549893,-0.329775035,-0.0942896381,-0.0425597429,-0.404258102,0.945732176,-1.82482529,-1.79787278,0.850427151,-0.342094123,-0.208661944,-0.0282166321,-0.296499252,0.666264713,0.205195829,0.865321517,0.397824794,-0.498878568,-0.199069589,8
0,-0.32890445,-0.684941351,0.272776544,-2.50578666,-1.00733483,-0.407344818,-0.114585042,-0.0596355125,-0.623986244,-1.90940797,0.756717741,-0.885789394,-1.33734202,-0.517234027,-0.125630632,-0.0399202406,-0.716925859,-1.73476028,1.37276375,0.464173138,-1.26353872,-0.551693916,-0.110526666,0,-0.79118371,-1.47728431,0.699460566,0.969825268,-1.10667133,-0.631733954,-0.0489115976,0,-0.682535589,-1.22470379,-0.491680831,0.788205206,-0.474024057,-0.82575953,0,-0.0533790924,-0.538130045,-1.0675199,-1.1134119,0.692432463,0.113796152,-0.800828636,-0.0942896381,-0.0425597429,-0.404258102,-0.466755986,0.472425967,0.858408391,1.17954874,1.10090017,1.73421252,-0.0282166321,-0.296499252,-0.712489545,-0.0265482478,0.0467257351,0.905849576,2.68930078,3.86971855,1
0,-0.32890445,-0.475357324,0.272776544,-0.174865454,0.234579042,-0.407344818,-0.114585042,-0.0596355125,-0.623986244,0.114151776,1.00716376,1.1969589,1.29880655,0.0528345145,-0.125630632,-0.0399202406,0.407085121,1.08618891,0.346151531,-0.992467821,0.989323914,0.0741898865,-0.110526666,0,0.504605114,1.12007058,-1.52425253,-1.63016486,1.41981947,-0.0917206332,-0.0489115976,0,-0.682535589,1.29847205,-1.2873075,-1.75093865,0.553595781,1.47129107,0,-0.0533790924,-0.538130045,1.23968863,0.272747338,-1.22754025,0.822801173,0.612332284,-0.0942896381,-0.0425597429,-0.404258102,0.239488095,0.855301201,-0.0902634487,0.850427151,-0.548236191,-0.208661944,-0.0282166321,-0.296499252,-0.712489545,-0.0265482478,0.251374692,-0.448883235,-0.498878568,-0.199069589,0
0,-0.32890445,-0.684941351,-0.204772368,0.757503033,-0.652502358,-0.407344818,-0.114585042,-0.0596355125,-0.623986244,0.298111767,-1.49729693,0.155584782,0.145491496,-0.517234027,-0.125630632,-0.0399202406,0.407085121,0.204642251,-1.19376683,-0.0213738531,1.3111614,-0.551693916,-0.110526666,0,0.828552306,-0.503276289,-1.52425253,-1.46766543,1.41981947,0.988305986,-0.0489115976,0,0.765232265,-0.5939098,-1.44643283,-1.75093865,0.211055845,1.18415976,0,-0.0533790924,-0.538130045,0.470619142,-1.1134119,-1.22754025,0.291047394,0.376805425,-0.0942896381,-0.0425597429,-0.404258102,0.945732176,-1.44195008,-0.659466565,0.521305561,-0.7543782,-0.208661944,-0.0282166321,-0.296499252,-0.318559766,0.900428057,0.0467257351,-0.956908047,-0.498878568,-0.199069589,0
0,-0.32890445,0.991731048,0.0340020917,0.291318804,1.83132553,0.1996883,-0.114585042,-0.0596355125,0.626971841,0.849991679,-1.49729693,-1.30233908,-0.678304911,-0.517234027,-0.125630632,-0.0399202406,0.688087881,0.0283329226,-1.19376683,-1.15431678,-1.26353872,-0.551693916,-0.110526666,0,0.828552306,1.12007058,1.21262515,0.969825268,0.240790457,-0.631733954,-0.0489115976,0,-0.103428438,0.509979606,-0.969056785,-1.24310982,0.553595781,-0.82575953,0,-0.0533790924,-0.538130045,-1.0675199,-1.1134119,-0.907544732,0.822801173,-0.800828636,-0.0942896381,-0.0425597429,-0.404258102,-0.643316984,-1.63338768,-0.0902634487,0.192183971,-0.7543782,-0.208661944,-0.0282166321,-0.296499252,2.04501891,0.900428057,0.251374692,-0.956908047,-0.498878568,-0.199069589,5
0,-0.32890445,-1.10410953,0.511551023,-1.107234,-1.00733483,-0.407344818,-0.114585042,-0.0596355125,-0.311246723,-0.253768176,1.00716376,1.1969589,-0.843064249,-0.517234027,-0.125630632,-0.0399202406,0.407085121,1.08618891,0.175049499,0.62602216,0.506567657,-0.551693916,-0.110526666,0,0.180657908,1.12007058,-0.326868534,-0.980167329,1.41981947,0.448292673,-0.0489115976,0,1.63389289,1.29847205,-0.809931457,-1.75093865,1.23867571,1.47129107,0,-0.0533790924,1.17782497,1.39350259,0.426765025,-1.22754025,0.822801173,1.78996634,-0.0942896381,-0.0425597429,-0.404258102,0.945732176,1.23817647,1.23787713,1.17954874,1.10090017,-0.208661944,-0.0282166321,-0.296499252,-0.712489545,-0.490036398,0.251374692,-0.110200025,-0.498878568,-0.199069589,0
0,1.84134698,1.20131516,0.98909992,0.0582266748,-0.829918623,-0.407344818,-0.114585042,-0.0596355125,2.19066954,1.03395164,-0.745958686,1.1969589,-0.678304911,-0.517234027,-0.125630632,-0.0399202406,3.21711254,-0.500595033,-0.509358644,1.43526709,-1.10261989,-0.551693916,-0.110526666,0,1.15249956,-0.665610969,0.0152411638,0.644826531,-1.27510405,-0.631733954,-0.0489115976,0,-0.682535589,-0.751608312,1.09957254,-0.904557347,-1.5016439,-0.82575953,0,-0.0533790924,-0.538130045,0.932060838,1.04283583,-1.22754025,-1.4814651,-0.800828636,-0.0942896381,-0.0425597429,1.25999665,1.47541523,0.280988365,-0.279997826,0.521305561,1.10090017,-0.208661944,-0.0282166321,1.83321249,1.84805405,0.900428057,0.865321517,1.07519114,3.42503452,0.309528947,2
0,-0.32890445,-0.475357324,0.511551023,0.291318804,-0.829918623,-0.407344818,-0.114585042,-0.0596355125,-0.623986244,-0.253768176,1.00716376,1.1969589,0.145491496,-0.517234027,-0.125630632,-0.0399202406,-0.716925859,-0.324285716,1.5438658,0.62602216,1.15024269,-0.238752022,-0.110526666,0,-0.79118371,-1.15261495,0.870515406,0.969825268,1.25138676,-0.0917206332,-0.0489115976,0,-0.682535589,-0.278512836,1.09957254,0.957481444,-0.474024057,-0.82575953,0,-0.0533790924,-0.538130045,1.23968863,0.580782712,0.37243703,0.645549893,-0.800828636,-0.0942896381,-0.0425597429,0.150493473,1.47541523,0.280988365,0.289205283,1.01498795,-0.7543782,-0.208661944,-0.0282166321,-0.296499252,-0.121594876,0.205195829,0.660672605,0.0591415763,-0.498878568,-0.199069589,8
0,-0.32890445,-1.10410953,0.0340020917,-0.407957584,-1.00733483,-0.407344818,-0.114585042,-0.0596355125,-0.623986244,-1.90940797,0.50627166,1.1969589,-1.00782347,-0.517234027,-0.125630632,-0.0399202406,-0.716925859,-1.73476028,1.03055966,1.43526709,-1.26353872,-0.551693916,-0.110526666,0,-0.79118371,-1.47728431,0.357350856,0.969825268,-0.769805908,-0.631733954,-0.0489115976,0,-0.682535589,-1.22470379,0.144820511,0.957481444,-0.987833977,-0.82575953,0,-0.0533790924,-0.538130045,-1.0675199,0.580782712,1.33242333,-1.12696266,-0.800828636,-0.0942896381,-0.0425597429,-0.404258102,-1.3495611,0.855301201,1.23787713,-1.12430239,-0.7543782,-0.208661944,-0.0282166321,-0.296499252,-1.10641932,-0.258292317,0.456023633,-1.12624967,-0.498878568,-0.199069589,1
0,-0.32890445,-0.265773267,0.98909992,-1.34032607,-1.00733483,-0.407344818,-0.114585042,-0.0596355125,-0.623986244,-0.621688128,1.00716376,-1.09406424,-1.33734202,-0.517234027,-0.125630632,-0.0399202406,-0.716925859,0.380951583,0.859457612,-0.992467821,-1.26353872,-0.551693916,-0.110526666,0,-0.79118371,1.12007058,-0.155813694,-1.63016486,-1.27510405,-0.631733954,-0.0489115976,0,0.475678682,1.29847205,0.303945839,-1.41238606,-1.5016439,-0.82575953,0,-0.0533790924,1.17782497,1.39350259,1.35087121,1.33242333,0.822801173,-0.565301836,-0.0942896381,-0.0425597429,0.705245078,1.47541523,0.855301201,1.04814279,1.17954874,0.276332021,-0.208661944,-0.0282166321,-0.296499252,-0.121594876,0.668684006,0.456023633,0.0591415763,-0.498878568,-0.199069589,6
0,0.756221235,1.62048328,0.511551023,0.990595162,1.65390921,1.71727109,-0.114585042,-0.0596355125,0.626971841,0.849991679,-2.24863505,-1.51061392,-0.678304911,-0.232199743,-0.125630632,-0.0399202406,0.407085121,0.557260871,-0.338256598,0.140475139,-0.458944917,-0.551693916,-0.110526666,0,1.15249956,1.12007058,0.528405726,-0.330169797,1.08295405,-0.0917206332,-0.0489115976,0,-0.682535589,-0.5939098,-1.44643283,-1.75093865,0.553595781,0.322765768,0,-0.0533790924,-0.538130045,-1.0675199,-1.1134119,-1.06754243,1.00005245,-0.329775035,-0.0942896381,-0.0425597429,0.705245078,0.769171178,-1.25051248,0.289205283,0.0276231728,-0.7543782,-0.208661944,-0.0282166321,0.768356621,1.06019449,0.900428057,0.251374692,-0.956908047,-0.498878568,-0.199069589,5
0,-0.32890445,-0.475357324,-1.39864469,0.524410903,-0.120253511,-0.407344818,-0.114585042,-0.0596355125,-0.623986244,-0.621688128,0.756717741,0.988684118,0.804528654,-0.517234027,-0.125630632,-0.0399202406,-0.716925859,-1.20583236,1.20166171,0.949720144,0.66748637,-0.551693916,-0.110526666,0,-0.79118371,-1.47728431,1.21262515,0.482327133,-1.10667133,-0.631733954,-0.0489115976,0,-0.682535589,-0.909306765,1.09957254,-0.396728605,-1.5016439,-0.82575953,0,-0.0533790924,-0.538130045,0.470619142,0.272747338,1.01242793,-1.4814651,-0.800828636,-0.0942896381,-0.0425597429,-0.404258102,0.769171178,-1.05907488,1.04814279,-1.12430239,-0.7543782,-0.208661944,-0.0282166321,-0.296499252,-0.318559766,0.668684006,0.456023633,-1.12624967,-0.498878568,-0.199069589,8
0,0.756221235,0.78214699,0.511551023,-0.874141812,-1.00733483,-0.407344818,-0.114585042,-0.0596355125,1.87792993,0.114151776,-2.24863505,-0.677514553,0.475010067,-0.232199743,-0.125630632,-0.0399202406,2.65510702,-0.500595033,-1.19376683,-0.668769836,1.3111614,0.700073719,-0.110526666,0,0.180657908,0.633066535,0.528405726,0.644826531,1.08295405,1.25831258,-0.0489115976,0,-0.682535589,-1.22470379,-1.44643283,-1.75093865,-0.474024057,1.18415976,0,-0.0533790924,-0.538130045,-1.0675199,-1.1134119,-1.22754025,0.113796152,1.31891274,-0.0942896381,-0.0425597429,-0.404258102,-1.3495611,-1.82482529,-1.41840398,1.17954874,-0.548236191,-0.208661944,-0.0282166321,-0.296499252,0.469299793,0.205195829,0.456023633,-0.279541612,-0.498878568,-0.199069589,9
0,-0.32890445,-1.10410953,-1.6374191,0.524410903,-1.00733483,-0.407344818,-0.114585042,-0.0596355125,-0.623986244,-1.72544801,0.756717741,0.572134435,-1.33734202,-0.517234027,-0.125630632,-0.0399202406,-0.716925859,-0.147976398,1.5438658,0.949720144,-1.26353872,-0.551693916,-0.110526666,0,0.828552306,1.12007058,1.04157031,0.482327133,-1.27510405,-0.631733954,-0.0489115976,0,1.63389289,1.29847205,1.09957254,0.957481444,1.0674057,1.75842237,0,-0.0533790924,-0.538130045,-0.452264249,0.426765025,1.01242793,-0.0634551048,0.376805425,-0.0942896381,-0.0425597429,-0.404258102,-1.3495611,-0.293324441,0.478939652,-1.45342398,-0.7543782,-0.208661944,-0.0282166321,-0.296499252,-1.10641932,-1.18526864,-0.362572163,-1.12624967,-0.498878568,-0.199069589,4
0,-0.32890445,0.362978905,0.272776544,0.524410903,-0.829918623,-0.407344818,-0.114585042,-0.0596355125,1.56519043,0.849991679,-0.745958686,0.572134435,-0.184027076,-0.517234027,-0.125630632,-0.0399202406,0.688087881,0.909879565,-0.680460691,0.140475139,0.0238113683,-0.551693916,-0.110526666,0,-0.79118371,-1.31494963,-1.52425253,0.319827735,-0.432940423,-0.631733954,-0.0489115976,0,-0.682535589,-1.22470379,-1.2873075,0.618928909,-1.5016439,-0.82575953,0,-0.0533790924,-0.538130045,-1.0675199,0.426765025,-0.267553866,-1.4814651,-0.800828636,-0.0942896381,-0.0425597429,-0.404258102,-0.99643904,1.04673874,-0.849200904,-0.795180798,0.0701899752,-0.208661944,-0.0282166321,-0.296499252,0.0753700212,0.900428057,0.865321517,1.07519114,3.42503452,2.85252166,2
0,-0.32890445,-0.894525409,-0.68232125,0.291318804,-0.829918623,-0.407344818,-0.114585042,-0.0596355125,-0.311246723,0.298111767,0.50627166,-1.09406424,-1.33734202,-0.517234027,-0.125630632,-0.0399202406,-0.154920369,1.08618891,-0.338256598,-1.15431678,-1.26353872,-0.551693916,-0.110526666,0,0.828552306,0.957735896,-1.52425253,-1.1426667,-1.27510405,-0.631733954,-0.0489115976,0,0.186125115,1.29847205,1.09957254,0.957481444,1.0674057,0.0356344357,0,-0.0533790924,0.148251966,1.39350259,0.580782712,-1.06754243,0.113796152,1.78996634,-0.0942896381,-0.0425597429,-0.404258102,0.592610121,0.663863599,-0.659466565,0.521305561,1.51318431,-0.208661944,-0.0282166321,-0.296499252,-1.10641932,-1.41701269,0.865321517,1.41387439,-0.00838943198,-0.199069589,6
0,-0.32890445,0.153394848,0.511551023,-0.407957584,-1.00733483,-0.407344818,-0.114585042,-0.0596355125,1.25245082,1.03395164,0.50627166,1.1969589,-1.33734202,-0.517234027,-0.125630632,-0.0399202406,0.688087881,0.0283329226,0.688355625,1.43526709,-1.26353872,-0.551693916,-0.110526666,0,-0.79118371,-1.47728431,0.0152411638,0.969825268,0.746088624,-0.631733954,-0.0489115976,0,-0.682535589,-1.22470379,-1.44643283,-1.24310982,1.23867571,1.18415976,0,-0.0533790924,0.834633946,-0.144636467,-1.1134119,-0.74754703,1.35455489,1.08338594,-0.0942896381,-0.0425597429,2.36949968,1.29885423,-0.101886839,1.23787713,0.685866356,-0.548236191,-0.208661944,-0.0282166321,-0.296499252,0.666264713,0.668684006,-0.771870077,-1.12624967,-0.498878568,-0.199069589,3
0,-0.32890445,-0.475357324,0.750325441,-1.57341826,-1.00733483,-0.407344818,-0.114585042,-0.0596355125,-0.623986244,-0.989608109,1.00716376,-0.0526900552,-1.33734202,-0.517234027,-0.125630632,-0.0399202406,-0.716925859,-0.67690438,1.5438658,-0.0213738531,-1.26353872,-0.551693916,-0.110526666,0,-0.143289298,0.470731825,1.21262515,-0.167670414,-1.27510405,-0.631733954,-0.0489115976,0,1.63389289,1.29847205,0.940447152,0.618928909,-1.5016439,-0.82575953,0,-0.0533790924,-0.538130045,-0.144636467,-0.651358843,1.33242333,-0.417957604,-0.800828636,-0.0942896381,-0.0425597429,-0.404258102,-0.290194958,-0.293324441,0.478939652,1.01498795,1.71932638,9.5057106,-0.0282166321,-0.296499252,-0.712489545,0.205195829,0.865321517,1.58321595,3.17978978,5.39551401,1
0,-0.32890445,-1.10410953,-2.5925169,0.757503033,-0.475086063,-0.407344818,-0.114585042,-0.0596355125,-0.623986244,-1.90940797,-0.996404767,0.572134435,-1.33734202,2.04807425,7.60460663,-0.0399202406,-0.716925859,-1.38214171,1.37276375,-0.506920815,-1.26353872,4.1424346,10.7435379,0,-0.143289298,0.633066535,0.870515406,0.157328367,0.409223169,3.41836572,-0.0489115976,0,2.5025537,1.14077353,0.622196496,0.957481444,1.23867571,2.04555368,0,-0.0533790924,-0.538130045,-1.0675199,-1.1134119,-0.74754703,1.35455489,0.376805425,-0.0942896381,-0.0425597429,-0.404258102,-1.3495611,-1.82482529,-0.0902634487,0.850427151,-0.7543782,-0.208661944,-0.0282166321,-0.296499252,-1.10641932,-2.34398913,0.865321517,-0.110200025,-0.498878568,-0.199069589,4
0,-0.32890445,-0.684941351,0.272776544,0.291318804,-0.829918623,-0.407344818,-0.114585042,-0.0596355125,-0.623986244,0.298111767,1.00716376,-0.2609649,-1.33734202,-0.517234027,-0.125630632,-0.0399202406,-0.716925859,1.08618891,0.688355625,-1.15431678,-1.26353872,-0.551693916,-0.110526666,0,0.504605114,1.12007058,-0.155813694,-1.63016486,-1.27510405,-0.631733954,-0.0489115976,0,1.05478585,1.29847205,-0.0143048232,-1.24310982,-1.5016439,-0.82575953,0,-0.0533790924,0.491442949,1.39350259,1.04283583,0.692432463,0.822801173,0.141278625,-0.0942896381,-0.0425597429,-0.404258102,1.12229323,0.0895507634,-1.79787278,0.192183971,2.33775258,-0.208661944,-0.0282166321,-0.296499252,-0.712489545,-0.0265482478,0.865321517,1.07519114,1.2178334,-0.199069589,6
0,-0.32890445,-1.10410953,-0.68232125,0.291318804,-1.00733483,-0.407344818,-0.114585042,-0.0596355125,-0.623986244,-1.35752809,0.756717741,-0.885789394,0.639769375,-0.517234027,-0.125630632,-0.0399202406,-0.4359231,0.380951583,0.175049499,-0.345071852,0.989323914,-0.551693916,-0.110526666,0,1.15249956,0.795401216,-1.52425253,0.319827735,-0.0960749909,-0.631733954,-0.0489115976,0,3.37121439,-0.278512836,-1.12818217,0.957481444,0.0397858657,0.609897077,0,-0.0533790924,4.95292616,0.932060838,0.888818085,1.33242333,1.17730367,0.141278625,-0.0942896381,10.6569595,7.91701555,1.47541523,1.23817647,0.478939652,-1.12430239,-0.7543782,-0.208661944,-0.0282166321,2.89806843,-0.515524685,0.205195829,-1.5904659,-1.12624967,-0.498878568,-0.199069589,4
0,-0.32890445,-1.10410953,-2.35374236,0.524410903,-0.829918623,-0.407344818,-0.114585042,-0.0596355125,-0.623986244,-1.90940797,0.50627166,-0.469239712,-1.33734202,-0.517234027,-0.125630632,-0.0399202406,-0.716925859,-0.324285716,1.37276375,-0.992467821,-1.26353872,-0.551693916,-0.110526666,0,-0.79118371,0.633066535,-0.497923404,-1.63016486,-0.432940423,2.33833909,-0.0489115976,0,0.186125115,1.14077353,-1.44643283,-1.75093865,0.211055845,1.75842237,0,-0.0533790924,2.55058908,0.932060838,-0.497341156,-0.107556142,1.35455489,-0.0942482054,-0.0942896381,-0.0425597429,3.47900295,1.47541523,1.23817647,1.23787713,0.685866356,-0.7543782,-0.208661944,-0.0282166321,-0.296499252,-0.515524685,-2.34398913,0.865321517,-0.110200025,-0.498878568,-0.199069589,4
0,-0.32890445,-1.10410953,0.272776544,0.291318804,-1.00733483,-0.407344818,-0.114585042,-0.0596355125,-0.623986244,-0.621688128,1.00716376,-1.51061392,-1.33734202,-0.517234027,-0.125630632,-0.0399202406,-0.716925859,0.380951583,0.688355625,-1.15431678,-1.26353872,-0.551693916,-0.110526666,0,-0.79118371,0.795401216,-0.497923404,-1.63016486,-1.27510405,-0.631733954,-0.0489115976,0,-0.392982006,1.29847205,0.463071167,0.957481444,0.382325828,0.0356344357,0,-0.0533790924,0.148251966,1.39350259,1.19685352,0.212439299,0.113796152,2.73207355,9.78254986,-0.0425597429,-0.404258102,0.592610121,0.472425967,-1.60813844,-0.959741592,2.54389453,5.61996174,-0.0282166321,-0.296499252,-0.909454465,0.205195829,0.865321517,1.58321595,3.17978978,0.309528947,6
0,-0.32890445,0.572562933,0.0340020917,0.291318804,-0.829918623,-0.407344818,-0.114585042,-0.0596355125,0.939711332,0.298111767,-2.49908113,-0.885789394,0.804528654,-0.517234027,-0.125630632,-0.0399202406,2.37410426,-0.853213727,-1.19376683,-0.183222845,0.66748637,-0.551693916,-0.110526666,0,1.47644675,0.146062478,-0.840033114,0.482327133,1.25138676,-0.631733954,-0.0489115976,0,-0.392982006,0.509979606,0.463071167,-0.566004872,0.553595781,0.322765768,0,-0.0533790924,-0.538130045,-1.0675199,-1.1134119,-1.22754025,-0.772460103,1.31891274,-0.0942896381,-0.0425597429,-0.404258102,0.416049123,-0.867637277,-1.79787278,-0.959741592,1.92546833,-0.208661944,-0.0282166321,-0.296499252,0.0753700212,-0.0265482478,0.865321517,1.07519114,1.95356703,-0.199069589,9
0,0.756221235,0.362978905,0.272776544,0.990595162,0.944244146,-0.407344818,-0.114585042,-0.0596355125,2.81614852,1.03395164,0.255825579,0.988684118,1.29880655,-0.517234027,-0.125630632,-0.0399202406,0.126082376,-0.324285716,-0.851562738,1.43526709,0.184730127,-0.551693916,-0.110526666,0,-0.79118371,-1.47728431,-0.155813694,0.969825268,-0.601373136,-0.631733954,-0.0489115976,0,-0.682535589,-1.22470379,-0.650806129,0.957481444,1.23867571,0.609897077,0,-0.0533790924,-0.538130045,-1.0675199,-1.1134119,-0.74754703,1.00005245,1.78996634,-0.0942896381,-0.0425597429,-0.404258102,-0.819878042,-0.293324441,0.858408391,1.17954874,0.894758165,-0.208661944,-0.0282166321,-0.296499252,0.272334903,0.900428057,0.0467257351,0.0591415763,-0.498878568,-0.199069589,3
0,-0.32890445,-0.0561892018,0.98909992,0.990595162,0.766827881,-0.407344818,-0.114585042,-0.0596355125,0.00149279006,1.03395164,0.50627166,0.780409276,0.969287932,-0.517234027,-0.125630632,-0.0399202406,-0.154920369,0.733570218,-0.509358644,1.11156917,0.345648885,-0.551693916,-0.110526666,0,-0.79118371,-1.47728431,-0.155813694,0.969825268,0.0723577365,-0.631733954,-0.0489115976,0,-0.682535589,-1.22470379,-1.44643283,-0.396728605,1.23867571,0.897028387,0,-0.0533790924,-0.538130045,-1.0675199,-1.1134119,-1.22754025,0.645549893,2.26101995,-0.0942896381,-0.0425597429,-0.404258102,-0.113633938,0.280988365,-0.279997826,1.17954874,1.51318431,-0.208661944,-0.0282166321,-0.296499252,0.469299793,0.900428057,0.865321517,0.567166388,-0.253634006,-0.199069589,3
0,-0.32890445,-0.475357324,-0.204772368,0.291318804,-0.829918623,-0.407344818,-0.114585042,-0.0596355125,1.25245082,1.03395164,-0.245066568,0.572134435,-0.348786354,-0.517234027,-0.125630632,25.0499496,3.77911806,-0.324285716,-1.19376683,0.62602216,-0.619863689,-0.551693916,-0.110526666,0,0.504605114,-0.82794565,-1.52425253,0.969825268,-1.27510405,-0.631733954,-0.0489115976,0,-0.682535589,-1.22470379,-0.650806129,0.111100167,-1.5016439,-0.82575953,0,-0.0533790924,-0.538130045,-1.0675199,0.118729629,0.212439299,-1.4814651,-0.800828636,-0.0942896381,-0.0425597429,-0.404258102,-1.3495611,0.472425967,-0.0902634487,-0.795180798,0.276332021,-0.208661944,-0.0282166321,-0.296499252,-0.909454465,0.436939895,0.251374692,0.905849576,3.17978978,2.34392309,2
0,-0.32890445,0.153394848,-0.921095729,-0.174865454,1.476493,3.841887,-0.114585042,-0.0596355125,-0.311246723,1.03395164,1.00716376,0.572134435,0.639769375,1.47800589,-0.125630632,-0.0399202406,-0.716925859,1.08618891,0.00394746149,-0.992467821,-1.26353872,-0.551693916,-0.110526666,0,0.504605114,1.12007058,1.21262515,0.8073259,-1.10667133,-0.631733954,-0.0489115976,0,-0.392982006,-0.436211318,-0.491680831,0.449652672,0.0397858657,-0.82575953,0,-0.0533790924,-0.538130045,-0.144636467,-1.1134119,0.692432463,0.113796152,-0.800828636,-0.0942896381,-0.0425597429,-0.404258102,0.769171178,0.0895507634,1.23787713,-0.795180798,-0.7543782,-0.208661944,-0.0282166321,-0.296499252,0.863229573,0.436939895,-0.771870077,-1.12624967,-0.498878568,-0.199069589,5
0,-0.32890445,0.572562933,0.98909992,0.757503033,0.411995322,-0.407344818,-0.114585042,-0.0596355125,-0.311246723,1.03395164,1.00716376,1.1969589,-1.00782347,-0.517234027,-0.125630632,-0.0399202406,-0.154920369,1.08618891,1.5438658,0.464173138,-1.26353872,-0.551693916,-0.110526666,0,-0.143289298,1.12007058,1.21262515,0.319827735,-1.27510405,-0.631733954,-0.0489115976,0,1.05478585,1.29847205,1.09957254,0.449652672,-1.5016439,-0.82575953,0,-0.0533790924,-0.194939047,1.39350259,1.35087121,0.532434762,-1.4814651,-0.800828636,-0.0942896381,-0.0425597429,-0.404258102,1.47541523,1.23817647,0.0994709209,-1.45342398,-0.7543782,-0.208661944,-0.0282166321,-0.296499252,0.272334903,0.668684006,0.660672605,-1.12624967,-0.498878568,-0.199069589,1
0,-0.32890445,-1.10410953,-0.921095729,0.524410903,1.476493,0.1996883,-0.114585042,-0.0596355125,-0.623986244,-1.90940797,-1.49729693,-0.0526900552,1.13404715,2.61814284,-0.125630632,-0.0399202406,-0.716925859,-1.73476028,-1.19376683,-1.15431678,0.989323914,2.57772517,-0.110526666,0,-0.143289298,-0.178606898,0.357350856,0.319827735,1.41981947,1.52831924,-0.0489115976,0,1.63389289,1.29847205,1.09957254,0.957481444,1.23867571,1.18415976,0,-0.0533790924,-0.538130045,-1.0675199,-1.1134119,0.532434762,1.17730367,-0.565301836,-0.0942896381,-0.0425597429,-0.404258102,-1.3495611,-0.101886839,1.23787713,-0.301498413,-0.7543782,-0.208661944,-0.0282166321,-0.296499252,-1.10641932,-0.0265482478,0.251374692,-0.956908047,-0.498878568,-0.199069589,7
0,-0.32890445,-0.894525409,0.272776544,-0.407957584,-1.00733483,-0.407344818,-0.114585042,-0.0596355125,1.56519043,1.03395164,1.00716376,1.1969589,-0.184027076,-0.517234027,-0.125630632,-0.0399202406,1.5310961,1.08618891,1.03055966,0.464173138,1.15024269,-0.551693916,-0.110526666,0,1.80039394,1.12007058,-1.18214285,-1.30516613,1.25138676,0.178286016,-0.0489115976,0,0.765232265,1.14077353,-1.12818217,-1.75093865,0.553595781,1.18415976,0,-0.0533790924,-0.194939047,1.23968863,-0.189305753,-0.907544732,1.35455489,-0.0942482054,-0.0942896381,-0.0425597429,-0.404258102,0.592610121,1.04673874,0.668674052,1.17954874,-0.7543782,-0.208661944,-0.0282166321,-0.296499252,-0.909454465,0.668684006,0.456023633,0.228483185,-0.498878568,-0.199069589,0
0,-0.32890445,0.991731048,0.0340020917,0.990595162,1.83132553,2.02078772,-0.114585042,-0.0596355125,0.626971841,1.03395164,1.00716376,0.155584782,-0.513545632,0.622903049,-0.125630632,-0.0399202406,2.0931015,0.380951583,-0.680460691,-1.15431678,-1.26353872,-0.551693916,-0.110526666,0,3.09618282,0.308397144,-1.52425253,-1.63016486,-1.27510405,-0.631733954,-0.0489115976,0,1.05478585,1.29847205,0.781321824,-0.396728605,-1.5016439,-0.82575953,0,-0.0533790924,-0.538130045,-0.298450351,0.426765025,1.33242333,-0.949711382,-0.800828636,-0.0942896381,-0.0425597429,-0.404258102,-0.643316984,-0.293324441,1.23787713,-0.959741592,-0.7543782,-0.208661944,-0.0282166321,-0.296499252,1.45412421,0.900428057,-0.157923222,-1.12624967,-0.498878568,-0.199069589,5
0,-0.32890445,1.20131516,-0.443546832,-2.73887897,-1.00733483,-0.407344818,-0.114585042,-0.0596355125,-0.623986244,0.114151776,0.756717741,-2.13543844,-1.33734202,-0.517234027,-0.125630632,-0.0399202406,-0.716925859,0.204642251,1.5438658,-0.345071852,-1.26353872,-0.551693916,-0.110526666,0,-0.79118371,0.633066535,1.21262515,0.157328367,-1.27510405,-0.631733954,-0.0489115976,0,-0.682535589,-0.909306765,-0.332555473,0.957481444,-1.15910399,-0.82575953,0,-0.0533790924,-0.538130045,-1.0675199,-0.80537653,1.01242793,-0.417957604,-0.800828636,-0.0942896381,-0.0425597429,-0.404258102,-0.290194958,0.0895507634,1.04814279,0.685866356,0.894758165,2.70564985,-0.0282166321,-0.296499252,0.469299793,0.900428057,0.865321517,1.58321595,3.42503452,5.90411282,1
0,-0.32890445,-1.10410953,0.272776544,-0.641049683,-1.00733483,-0.407344818,-0.114585042,-0.0596355125,-0.623986244,-0.437728167,0.756717741,-1.09406424,-1.33734202,-0.517234027,-0.125630632,-0.0399202406,-0.716925859,0.733570218,0.175049499,-1.15431678,-1.26353872,-0.551693916,-0.110526666,0,-0.143289298,1.12007058,-1.01108789,-1.63016486,-0.938238621,-0.631733954,-0.0489115976,0,-0.682535589,1.29847205,0.622196496,0.957481444,1.23867571,0.897028387,0,-0.0533790924,-0.194939047,1.39350259,0.580782712,-0.587549329,-0.240706354,2.02549314,-0.0942896381,-0.0425597429,-0.404258102,0.592610121,0.472425967,-0.849200904,0.685866356,1.10090017,-0.208661944,-0.0282166321,-0.296499252,-0.909454465,-0.0265482478,0.660672605,0.736508012,-0.00838943198,-0.199069589,6
0,-0.32890445,0.991731048,0.98909992,-1.57341826,-1.00733483,-0.407344818,-0.114585042,-0.0596355125,-0.311246723,-0.0698082,0.50627166,0.363859624,-1.33734202,-0.517234027,-0.125630632,-0.0399202406,-0.716925859,-1.73476028,0.346151531,0.62602216,-1.26353872,-0.551693916,-0.110526666,0,-0.79118371,-1.15261495,0.357350856,0.482327133,-0.769805908,-0.631733954,-0.0489115976,0,-0.682535589,0.509979606,1.09957254,0.957481444,1.23867571,1.18415976,0,-0.0533790924,-0.538130045,-0.606078148,1.35087121,-0.587549329,-0.595208883,-0.565301836,-0.0942896381,-0.0425597429,-0.404258102,-0.113633938,0.663863599,-1.79787278,-1.45342398,-0.7543782,-0.208661944,-0.0282166321,-0.296499252,1.45412421,-1.41701269,-2.40906167,-1.12624967,-0.498878568,-0.199069589,7
0,0.756221235,1.20131516,0.98909992,-0.174865454,-1.00733483,-0.407344818,-0.114585042,-0.0596355125,2.50340891,0.666031718,-0.245066568,1.1969589,-1.33734202,-0.517234027,-0.125630632,-0.0399202406,3.21711254,-0.853213727,-0.16715458,1.27341807,-1.26353872,-0.551693916,-0.110526666,0,0.180657908,-1.31494963,0.357350856,0.644826531,-0.769805908,-0.361727297,-0.0489115976,0,-0.103428438,0.82537657,1.09957254,0.957481444,1.23867571,1.75842237,0,-0.0533790924,0.148251966,1.0858748,1.35087121,-0.427551597,-0.772460103,-0.329775035,-0.0942896381,-0.0425597429,-0.404258102,0.592610121,0.280988365,-1.79787278,-1.45342398,-0.7543782,-0.208661944,-0.0282166321,-0.296499252,2.04501891,-2.11224484,-2.40906167,-1.12624967,-0.498878568,-0.199069589,7
0,-0.32890445,0.153394848,0.0340020917,0.524410903,-0.297669798,-0.407344818,-0.114585042,-0.0596355125,0.00149279006,0.849991679,-2.49908113,-1.9271636,1.13404715,-0.517234027,-0.125630632,-0.0399202406,-0.154920369,0.733570218,-1.19376683,-0.668769836,1.3111614,0.0741898865,-0.110526666,0,-0.79118371,0.633066535,-0.668978274,0.644826531,1.08295405,0.988305986,-0.0489115976,0,-0.682535589,-0.909306765,-0.17343016,-1.07383358,-0.302754074,1.75842237,0,-0.0533790924,-0.538130045,-1.0675199,-1.1134119,-1.22754025,0.113796152,1.31891274,-0.0942896381,-0.0425597429,-0.404258102,-0.466755986,-1.82482529,-0.849200904,0.850427151,-0.13595207,-0.208661944,-0.0282166321,-0.296499252,0.272334903,0.205195829,0.0467257351,-0.448883235,-0.498878568,-0.199069589,9
0,-0.32890445,0.153394848,-0.921095729,0.0582266748,1.476493,-0.407344818,-0.114585042,-0.0596355125,0.939711332,1.03395164,0.756717741,0.363859624,-0.184027076,-0.517234027,-0.125630632,-0.0399202406,1.5310961,1.08618891,1.03055966,-0.506920815,-1.26353872,-0.551693916,-0.110526666,0,-0.143289298,0.308397144,-0.155813694,0.644826531,0.577655911,-0.631733954,-0.0489115976,0,-0.682535589,-1.22470379,-1.44643283,-1.75093865,1.0674057,-0.538628221,0,-0.0533790924,-0.538130045,-1.0675199,-1.1134119,-1.22754025,1.00005245,0.376805425,-0.0942896381,-0.0425597429,0.150493473,0.239488095,-0.293324441,0.478939652,0.850427151,-0.548236191,-0.208661944,-0.0282166321,-0.296499252,0.863229573,0.668684006,0.0467257351,-0.618224859,-0.498878568,-0.199069589,5
0,1.84134698,2.24923539,0.98909992,0.990595162,1.12166035,-0.407344818,-0.114585042,-0.0596355125,-0.311246723,-0.253768176,-1.74774301,0.363859624,1.29880655,0.0528345145,-0.125630632,-0.0399202406,-0.716925859,-1.73476028,-0.16715458,1.27341807,0.989323914,0.0741898865,-0.110526666,0,-0.79118371,-1.31494963,1.21262515,0.969825268,-1.10667133,-0.631733954,-0.0489115976,0,-0.682535589,-1.22470379,0.463071167,0.957481444,-1.33037388,-0.82575953,0,-0.0533790924,-0.538130045,-1.0675199,-0.189305753,1.33242333,-0.417957604,-0.800828636,-0.0942896381,-0.0425597429,-0.404258102,-1.3495611,0.472425967,1.23787713,-0.630620003,-0.7543782,-0.208661944,-0.0282166321,0.768356621,2.04501891,0.900428057,0.251374692,-0.956908047,-0.498878568,-0.199069589,3
0,-0.32890445,-1.10410953,-1.15987015,0.0582266748,1.29907668,-0.103828259,-0.114585042,-0.0596355125,-0.623986244,-0.437728167,-0.245066568,-1.9271636,0.310250789,1.76304007,-0.125630632,-0.0399202406,-0.716925859,0.380951583,-0.851562738,-0.992467821,0.506567657,1.63889945,-0.110526666,0,-0.79118371,0.146062478,0.186296016,0.644826531,0.0723577365,-0.631733954,-0.0489115976,0,-0.392982006,-0.120814353,1.09957254,-0.227452338,-1.5016439,-0.82575953,0,-0.0533790924,1.86420691,1.39350259,-0.0352880657,1.01242793,-0.949711382,-0.800828636,-0.0942896381,-0.0425597429,-0.404258102,-0.113633938,0.663863599,-0.849200904,0.850427151,-0.7543782,-0.208661944,-0.0282166321,-0.296499252,-1.10641932,-1.41701269,0.660672605,1.24453282,-0.00838943198,-0.199069589,8
0,-0.32890445,-1.10410953,-2.83129144,-0.174865454,1.65390921,-0.103828259,-0.114585042,-0.0596355125,-0.623986244,-1.90940797,-1.49729693,1.1969589,1.29880655,0.0528345145,-0.125630632,-0.0399202406,0.126082376,0.557260871,1.5438658,1.43526709,1.3111614,-0.551693916,-0.110526666,0,2.12434125,1.12007058,0.528405726,0.969825268,1.08295405,-0.631733954,-0.0489115976,0,-0.392982006,-0.751608312,-1.44643283,0.957481444,0.724865794,-0.82575953,0,-0.0533790924,-0.538130045,-1.0675199,-1.1134119,1.01242793,0.822801173,-0.800828636,-0.0942896381,-0.0425597429,-0.404258102,-1.3495611,-1.82482529,0.478939652,1.17954874,0.276332021,-0.208661944,-0.0282166321,-0.296499252,-1.10641932,-2.80747724,-0.771870077,1.58321595,1.2178334,-0.199069589,1
0,-0.32890445,-1.10410953,-1.6374191,0.524410903,-1.00733483,-0.407344818,-0.114585042,-0.0596355125,-0.623986244,-1.72544801,0.756717741,-1.09406424,-1.33734202,-0.517234027,-0.125630632,-0.0399202406,-0.716925859,0.204642251,0.346151531,-1.15431678,-1.26353872,0.38713181,-0.110526666,0,0.504605114,0.795401216,-1.35319769,-1.63016486,0.0723577365,3.41836572,-0.0489115976,0,2.21300006,0.983075023,0.463071167,0.449652672,1.23867571,0.897028387,0,-0.0533790924,1.17782497,0.778246939,0.272747338,0.532434762,1.17730367,-0.800828636,-0.0942896381,-0.0425597429,-0.404258102,-1.3495611,-1.82482529,0.289205283,0.0276231728,-0.7543782,-0.208661944,-0.0282166321,-0.296499252,-1.10641932,-1.88050091,0.456023633,-0.956908047,-0.498878568,-0.199069589,4
0,-0.32890445,-0.894525409,-0.204772368,0.990595162,1.83132553,1.71727109,-0.114585042,-0.0596355125,-0.623986244,-0.621688128,0.255825579,-0.469239712,1.29880655,0.907937288,-0.125630632,-0.0399202406,-0.716925859,-1.73476028,-1.02266479,-0.992467821,1.3111614,0.700073719,-0.110526666,0,-0.79118371,-1.15261495,-0.326868534,0.482327133,1.41981947,3.41836572,-0.0489115976,0,-0.392982006,1.14077353,1.09957254,0.957481444,0.553595781,0.0356344357,0,-0.0533790924,-0.194939047,0.162991345,-0.497341156,1.33242333,-1.12696266,-0.800828636,-0.0942896381,-0.0425597429,-0.404258102,-1.3495611,-0.101886839,0.289205283,-1.45342398,-0.7543782,-0.208661944,-0.0282166321,-0.296499252,-0.909454465,0.436939895,-1.5904659,-1.12624967,-0.498878568,-0.199069589,7
0,-0.32890445,-1.10410953,-2.11496806,0.990595162,-0.652502358,-0.407344818,-0.114585042,-0.0596355125,-0.623986244,-1.90940797,0.00537951011,0.363859624,-1.33734202,-0.517234027,-0.125630632,-0.0399202406,-0.716925859,-0.853213727,1.5438658,-0.830618858,-0.458944917,3.20360899,-0.110526666,0,0.180657908,0.957735896,-0.155813694,-1.63016486,0.577655911,2.8783524,-0.0489115976,0,1.92344654,1.29847205,-0.809931457,-0.566004872,1.23867571,1.47129107,0,-0.0533790924,2.55058908,1.39350259,1.35087121,1.33242333,1.35455489,-0.329775035,-0.0942896381,-0.0425597429,-0.404258102,-1.3495611,-1.82482529,0.668674052,0.521305561,-0.7543782,-0.208661944,-0.0282166321,-0.296499252,-1.10641932,-2.57573318,0.865321517,0.397824794,-0.498878568,-0.199069589,4
0,4.01159859,1.83006728,0.98909992,0.990595162,1.12166035,-0.103828259,-0.114585042,-0.0596355125,0.00149279006,0.298111767,-1.24685085,0.780409276,1.29880655,1.19297159,-0.125630632,-0.0399202406,-0.716925859,-1.73476028,-0.338256598,1.43526709,0.345648885,-0.551693916,-0.110526666,0,-0.79118371,-1.47728431,-0.840033114,0.969825268,-0.0960749909,-0.631733954,-0.0489115976,0,-0.682535589,-1.22470379,-0.809931457,0.957481444,-0.474024057,-0.82575953,0,-0.0533790924,-0.538130045,-1.0675199,-0.959394217,1.17242563,0.468298674,-0.800828636,-0.0942896381,-0.0425597429,0.150493473,0.0629270747,0.0895507634,1.23787713,0.192183971,-0.7543782,-0.208661944,-0.0282166321,5.02778006,2.04501891,0.900428057,0.660672605,-0.956908047,-0.498878568,-0.199069589,3
0,-0.32890445,-0.265773267,0.0340020917,0.990595162,1.476493,1.71727109,-0.114585042,-0.0596355125,0.00149279006,1.03395164,-1.49729693,-2.13543844,-0.184027076,2.90317702,-0.125630632,-0.0399202406,-0.716925859,-0.500595033,-1.19376683,-0.668769836,0.828405142,0.38713181,-0.110526666,0,-0.79118371,-1.47728431,-1.35319769,0.969825268,-0.264507711,-0.631733954,-0.0489115976,0,-0.682535589,-1.22470379,-1.44643283,-0.227452338,0.553595781,-0.82575953,0,-0.0533790924,-0.538130045,-0.759892046,-1.1134119,-1.22754025,0.822801173,0.376805425,-0.0942896381,-0.0425597429,1.25999665,1.47541523,-0.484762043,-1.60813844,0.521305561,0.0701899752,-0.208661944,-0.0282166321,-0.296499252,-0.515524685,-0.0265482478,0.865321517,1.41387439,-0.00838943198,-0.199069589,3
0,-0.32890445,-0.475357324,0.0340020917,-0.174865454,-0.297669798,-0.407344818,-0.114585042,-0.0596355125,0.626971841,0.849991679,0.255825579,0.363859624,1.29880655,-0.517234027,-0.125630632,-0.0399202406,1.81209886,0.733570218,-1.19376683,-1.15431678,0.66748637,0.0741898865,-0.110526666,0,-0.79118371,0.633066535,0.357350856,-0.492669165,1.25138676,0.178286016,-0.0489115976,0,-0.682535589,-1.22470379,0.940447152,0.957481444,-0.302754074,-0.82575953,0,-0.0533790924,-0.538130045,-0.298450351,1.35087121,0.37243703,1.00005245,-0.329775035,-0.0942896381,-0.0425597429,-0.404258102,0.592610121,0.663863599,-1.79787278,-0.136937618,0.894758165,-0.208661944,-0.0282166321,-0.296499252,-0.712489545,-0.0265482478,0.865321517,1.58321595,1.2178334,-0.199069589,8
0,-0.32890445,-1.10410953,-0.68232125,-0.407957584,-1.00733483,-0.407344818,-0.114585042,-0.0596355125,-0.623986244,-1.35752809,1.00716376,-1.30233908,-1.33734202,-0.517234027,-0.125630632,-0.0399202406,-0.716925859,0.380951583,0.175049499,-0.830618858,-0.137107387,-0.551693916,-0.110526666,0,0.504605114,1.12007058,-1.01108789,0.482327133,0.914521337,0.178286016,-0.0489115976,0,3.37121439,0.82537657,-0.17343016,0.957481444,1.23867571,2.04555368,0,-0.0533790924,4.26654387,1.39350259,1.35087121,1.33242333,0.113796152,-0.565301836,-0.0942896381,-0.0425597429,0.705245078,-0.643316984,-0.101886839,1.23787713,-1.28886318,-0.7543782,-0.208661944,-0.0282166321,-0.296499252,-1.10641932,-0.721780479,0.660672605,-0.787566423,-0.498878568,-0.199069589,4
0,-0.32890445,0.78214699,-0.204772368,-2.27269459,-1.00733483,-0.407344818,-0.114585042,-0.0596355125,1.87792993,1.03395164,0.50627166,0.363859624,-1.33734202,-0.517234027,-0.125630632,-0.0399202406,1.81209886,0.0283329226,-0.338256598,1.27341807,-1.26353872,-0.551693916,-0.110526666,0,0.828552306,0.146062478,-0.840033114,0.969825268,-1.10667133,-0.631733954,-0.0489115976,0,-0.682535589,-1.22470379,-0.650806129,0.788205206,-1.5016439,-0.82575953,0,-0.0533790924,-0.538130045,-0.759892046,0.888818085,0.212439299,-1.12696266,-0.565301836,-0.0942896381,-0.0425597429,-0.404258102,0.416049123,1.23817647,1.04814279,0.850427151,2.33775258,-0.208661944,-0.0282166321,-0.296499252,0.272334903,-0.721780479,-0.567221105,0.905849576,0.482099682,-0.199069589,2
0,-0.32890445,0.362978905,0.98909992,0.0582266748,-0.829918623,-0.407344818,-0.114585042,-0.0596355125,-0.623986244,1.03395164,-0.245066568,1.1969589,-0.0192677919,-0.517234027,-0.125630632,-0.0399202406,-0.716925859,-1.20583236,0.346151531,1.43526709,-0.298026145,-0.551693916,-0.110526666,0,-0.79118371,-1.47728431,0.699460566,0.969825268,1.25138676,-0.361727297,-0.0489115976,0,-0.682535589,-1.06700528,-1.12818217,-0.904557347,0.896135747,1.47129107,0,-0.0533790924,1.17782497,1.0858748,-1.1134119,-1.22754025,0.113796152,2.73207355,-0.0942896381,-0.0425597429,1.81474817,1.47541523,-0.484762043,-0.659466565,0.685866356,2.13161039,-0.208661944,-0.0282166321,-0.296499252,0.272334903,0.900428057,0.865321517,1.58321595,0.482099682,-0.199069589,3
0,-0.32890445,0.153394848,0.272776544,-2.27269459,-1.00733483,-0.407344818,-0.114585042,-0.0596355125,0.626971841,1.03395164,1.00716376,1.1969589,0.475010067,-0.517234027,-0.125630632,-0.0399202406,-0.716925859,0.380951583,0.688355625,-0.992467821,-0.298026145,-0.238752022,-0.110526666,0,-0.79118371,0.470731825,0.870515406,-0.00517102238,-0.938238621,-0.631733954,-0.0489115976,0,-0.682535589,-1.06700528,-0.17343016,0.280376405,0.553595781,-0.82575953,0,-0.0533790924,-0.538130045,-1.0675199,-1.1134119,0.212439299,1.00005245,-0.800828636,-0.0942896381,-0.0425597429,-0.404258102,-0.643316984,-0.101886839,1.23787713,-0.630620003,-0.7543782,-0.208661944,-0.0282166321,-0.296499252,0.666264713,0.436939895,-1.5904659,-1.12624967,-0.498878568,-0.199069589,5
0,1.84134698,0.991731048,0.750325441,0.990595162,1.83132553,3.841887,-0.114585042,-0.0596355125,1.56519043,0.114151776,-1.99818909,-0.885789394,1.13404715,2.04807425,-0.125630632,-0.0399202406,-0.716925859,-1.73476028,-0.16715458,1.27341807,0.66748637,-0.551693916,-0.110526666,0,-0.79118371,-0.99028033,1.21262515,-0.167670414,-1.27510405,-0.631733954,-0.0489115976,0,-0.682535589,-0.436211318,1.09957254,-0.396728605,-1.5016439,-0.82575953,0,-0.0533790924,-0.538130045,-1.0675199,0.580782712,1.17242563,-1.12696266,-0.800828636,-0.0942896381,-0.0425597429,-0.404258102,-1.1730001,-0.676199675,1.23787713,-1.12430239,-0.7543782,-0.208661944,-0.0282166321,0.768356621,2.04501891,0.900428057,-1.18116796,-1.12624967,-0.498878568,-0.199069589,3
0,0.756221235,0.991731048,0.750325441,0.990595162,1.29907668,0.503204882,-0.114585042,-0.0596355125,0.939711332,0.666031718,-1.74774301,-1.09406424,1.13404715,1.76304007,-0.125630632,-0.0399202406,-0.716925859,-1.73476028,-1.19376683,-0.830618858,1.15024269,1.32595754,-0.110526666,0,-0.79118371,-1.47728431,-1.52425253,-0.167670414,1.41981947,-0.631733954,-0.0489115976,0,-0.682535589,-1.22470379,-1.44643283,-0.227452338,1.23867571,-0.82575953,0,-0.0533790924,-0.538130045,-1.0675199,-1.1134119,-0.587549329,1.35455489,0.612332284,-0.0942896381,-0.0425597429,-0.404258102,-0.99643904,-1.25051248,0.668674052,0.521305561,-0.7543782,-0.208661944,-0.0282166321,-0.296499252,1.84805405,0.205195829,-0.976518989,-1.12624967,-0.498878568,-0.199069589,3
0,-0.32890445,-1.10410953,0.0340020917,0.291318804,-1.00733483,-0.407344818,-0.114585042,-0.0596355125,-0.623986244,-0.989608109,1.00716376,-0.0526900552,-1.33734202,-0.517234027,-0.125630632,-0.0399202406,0.969090581,1.08618891,1.03055966,0.62602216,0.66748637,0.0741898865,-0.110526666,0,3.09618282,1.12007058,0.186296016,0.8073259,1.41981947,1.7983259,-0.0489115976,0,0.475678682,0.983075023,1.09957254,0.957481444,0.553595781,0.322765768,0,-0.0533790924,-0.538130045,-1.0675199,1.04283583,0.852430165,-1.4814651,-0.800828636,-0.0942896381,-0.0425597429,-0.404258102,-1.3495611,0.855301201,0.478939652,-1.45342398,-0.7543782,-0.208661944,-0.0282166321,-0.296499252,-1.10641932,-0.258292317,0.251374692,-1.12624967,-0.498878568,-0.199069589,4
0,-0.32890445,-0.265773267,0.750325441,0.990595162,0.0571627617,-0.407344818,-0.114585042,-0.0596355125,-0.623986244,1.03395164,0.00537951011,-0.469239712,1.13404715,-0.517234027,-0.125630632,-0.0399202406,1.25009334,1.08618891,-0.509358644,-1.15431678,0.506567657,1.01301563,-0.110526666,0,2.44828844,0.957735896,-1.52425253,-1.63016486,0.0723577365,1.7983259,-0.0489115976,0,2.21300006,0.983075023,-1.44643283,-1.75093865,-0.131484106,2.33268499,0,-0.0533790924,1.521016,1.39350259,-0.497341156,-1.22754025,0.468298674,1.31891274,-0.0942896381,-0.0425597429,0.150493473,1.29885423,-0.484762043,-0.279997826,1.17954874,0.276332021,-0.208661944,-0.0282166321,-0.296499252,-0.515524685,0.436939895,0.865321517,0.567166388,-0.253634006,-0.199069589,0
0,-0.32890445,-1.10410953,-0.204772368,-0.874141812,-1.00733483,-0.407344818,-0.114585042,-0.0596355125,-0.623986244,-0.805648148,0.756717741,-1.71888876,-1.33734202,-0.517234027,-0.125630632,-0.0399202406,-0.716925859,0.557260871,0.175049499,-1.15431678,-0.619863689,1.63889945,-0.110526666,0,0.828552306,1.12007058,-1.18214285,-1.30516613,0.914521337,1.7983259,-0.0489115976,0,2.21300006,1.14077353,0.463071167,0.788205206,0.896135747,-0.538628221,0,-0.0533790924,1.521016,1.39350259,0.272747338,1.33242333,-0.595208883,-0.800828636,-0.0942896381,-0.0425597429,-0.404258102,-1.3495611,-0.676199675,0.858408391,-1.28886318,-0.7543782,-0.208661944,-0.0282166321,-0.296499252,-1.10641932,0.436939895,-0.976518989,-1.12624967,-0.498878568,-0.199069589,4
0,-0.32890445,-0.684941351,0.0340020917,0.990595162,0.766827881,-0.407344818,-0.114585042,-0.0596355125,0.31423232,0.849991679,-0.495512635,-0.677514553,1.29880655,0.622903049,-0.125630632,-0.0399202406,1.81209886,-0.324285716,-1.19376683,0.62602216,0.345648885,-0.551693916,-0.110526666,0,0.180657908,0.957735896,0.357350856,0.644826531,-1.10667133,-0.631733954,-0.0489115976,0,-0.682535589,0.352281094,1.09957254,-0.227452338,-1.5016439,-0.82575953,0,-0.0533790924,-0.538130045,1.0858748,-0.0352880657,0.852430165,-0.772460103,-0.800828636,-0.0942896381,-0.0425597429,-0.404258102,0.239488095,-0.484762043,-0.659466565,0.192183971,-0.7543782,-0.208661944,-0.0282166321,-0.296499252,-0.909454465,-0.0265482478,0.865321517,-0.279541612,-0.498878568,-0.199069589,8
0,-0.32890445,-1.10410953,0.98909992,0.291318804,-1.00733483,-0.407344818,-0.114585042,-0.0596355125,-0.623986244,-1.90940797,0.756717741,0.988684118,-1.33734202,-0.517234027,-0.125630632,-0.0399202406,-0.716925859,-1.73476028,1.5438658,0.949720144,-1.26353872,-0.551693916,-0.110526666,0,-0.79118371,-0.99028033,1.21262515,0.157328367,-1.27510405,-0.631733954,-0.0489115976,0,-0.682535589,-0.909306765,1.09957254,0.280376405,-1.5016439,-0.82575953,0,-0.0533790924,-0.538130045,-0.606078148,1.35087121,0.692432463,-1.4814651,-0.800828636,-0.0942896381,-0.0425597429,-0.404258102,-1.1730001,1.23817647,0.478939652,-1.45342398,-0.7543782,-0.208661944,-0.0282166321,-0.296499252,-1.10641932,-0.0265482478,0.660672605,-0.956908047,-0.498878568,-0.199069589,1
0,-0.32890445,-0.684941351,0.511551023,0.757503033,-0.475086063,-0.407344818,-0.114585042,-0.0596355125,-0.623986244,-0.621688128,1.00716376,0.155584782,-1.33734202,-0.517234027,-0.125630632,-0.0399202406,-0.716925859,0.557260871,1.37276375,-0.992467821,-1.26353872,-0.551693916,-0.110526666,0,-0.467236519,1.12007058,0.357350856,-1.63016486,-1.27510405,-0.631733954,-0.0489115976,0,-0.103428438,1.29847205,-0.0143048232,-1.75093865,-1.5016439,-0.82575953,0,-0.0533790924,0.148251966,1.39350259,1.35087121,1.33242333,0.113796152,-0.800828636,-0.0942896381,-0.0425597429,-0.404258102,0.945732176,1.23817647,0.0994709209,1.17954874,0.688616097,-0.208661944,-0.0282166321,-0.296499252,-0.515524685,0.668684006,0.865321517,1.58321595,0.482099682,-0.199069589,6
0,-0.32890445,0.991731048,-1.15987015,0.291318804,0.589411557,-0.407344818,-0.114585042,-0.0596355125,-0.623986244,-0.253768176,-0.495512635,0.363859624,1.13404715,0.0528345145,-0.125630632,-0.0399202406,-0.716925859,-1.02952302,0.688355625,0.464173138,0.506567657,-0.551693916,-0.110526666,0,-0.79118371,-1.31494963,1.21262515,-0.00517102238,-1.10667133,-0.631733954,-0.0489115976,0,-0.682535589,0.667678058,0.622196496,-1.07383358,-1.5016439,-0.82575953,0,-0.0533790924,-0.538130045,0.778246939,-0.959394217,0.692432463,-1.4814651,-0.800828636,-0.0942896381,-0.0425597429,0.150493473,0.416049123,-1.44195008,0.858408391,-1.45342398,-0.7543782,-0.208661944,-0.0282166321,-0.296499252,1.06019449,0.436939895,-1.38581693,-1.12624967,-0.498878568,-0.199069589,8
0,-0.32890445,-1.10410953,0.511551023,-0.641049683,-1.00733483,-0.407344818,-0.114585042,-0.0596355125,-0.623986244,-1.90940797,0.50627166,0.572134435,-1.33734202,-0.517234027,-0.125630632,-0.0399202406,-0.716925859,-1.73476028,0.688355625,1.43526709,-0.941701174,-0.551693916,-0.110526666,0,-0.79118371,-1.47728431,0.870515406,0.969825268,-0.432940423,-0.631733954,-0.0489115976,0,-0.682535589,-1.22470379,0.622196496,0.957481444,-0.816564023,-0.82575953,0,-0.0533790924,-0.538130045,-1.0675199,1.35087121,1.33242333,-0.772460103,-0.800828636,-0.0942896381,-0.0425597429,-0.404258102,-1.1730001,1.23817647,1.23787713,-1.45342398,-0.7543782,-0.208661944,-0.0282166321,-0.296499252,-1.10641932,0.436939895,0.0467257351,-1.12624967,-0.498878568,-0.199069589,1
0,-0.32890445,-1.10410953,-1.39864469,-0.174865454,-1.00733483,-0.407344818,-0.114585042,-0.0596355125,-0.623986244,-1.90940797,0.756717741,-0.0526900552,-1.33734202,-0.517234027,-0.125630632,-0.0399202406,-0.716925859,-0.500595033,1.37276375,-0.830618858,-1.26353872,-0.551693916,-0.110526666,0,-0.79118371,1.12007058,-0.497923404,-1.63016486,-1.27510405,-0.631733954,-0.0489115976,0,0.186125115,1.29847205,-0.332555473,-0.904557347,-0.645294011,-0.82575953,0,-0.0533790924,0.148251966,1.39350259,0.888818085,0.212439299,0.822801173,1.78996634,-0.0942896381,-0.0425597429,-0.404258102,0.0629270747,0.663863599,-0.469732195,-0.630620003,2.33775258,2.70564985,-0.0282166321,-0.296499252,-1.10641932,-1.64875674,-0.157923222,1.07519114,2.44405627,0.818127453,6
0,-0.32890445,1.83006728,0.98909992,0.291318804,0.589411557,-0.103828259,-0.114585042,-0.0596355125,-0.623986244,0.298111767,-0.495512635,-0.2609649,1.29880655,0.33786878,-0.125630632,-0.0399202406,-0.716925859,-0.147976398,1.20166171,0.949720144,0.828405142,-0.238752022,-0.110526666,0,-0.79118371,-0.99028033,0.699460566,0.969825268,-0.264507711,-0.631733954,-0.0489115976,0,-0.682535589,-0.436211318,1.09957254,0.280376405,0.0397858657,-0.82575953,0,-0.0533790924,-0.538130045,0.932060838,0.118729629,1.01242793,-0.417957604,-0.800828636,-0.0942896381,-0.0425597429,0.150493473,1.47541523,0.280988365,1.04814279,-1.28886318,-0.7543782,-0.208661944,-0.0282166321,0.768356621,1.45412421,0.900428057,-1.18116796,-1.12624967,-0.498878568,-0.199069589,8
0,-0.32890445,0.362978905,0.98909992,-0.641049683,0.411995322,0.1996883,-0.114585042,-0.0596355125,0.939711332,1.03395164,0.50627166,1.1969589,1.29880655,0.622903049,-0.125630632,-0.0399202406,1.5310961,0.733570218,-1.19376683,-0.183222845,1.3111614,0.700073719,-0.110526666,0,-0.467236519,1.12007058,1.21262515,0.8073259,1.41981947,0.988305986,-0.0489115976,0,-0.682535589,-1.22470379,-0.809931457,-1.07383358,0.724865794,1.47129107,0,-0.0533790924,-0.538130045,-1.0675199,-1.1134119,-1.22754025,0.822801173,1.08338594,-0.0942896381,-0.0425597429,-0.404258102,0.769171178,-0.101886839,0.289205283,1.17954874,0.688616097,-0.208661944,-0.0282166321,-0.296499252,0.272334903,0.668684006,0.456023633,0.0591415763,-0.498878568,-0.199069589,9
0,-0.32890445,-0.894525409,-0.921095729,-0.174865454,1.29907668,4.14540386,2.70959926,-0.0596355125,-0.623986244,-0.621688128,1.00716376,-0.0526900552,0.310250789,4.04331398,5.39596748,-0.0399202406,-0.4359231,0.557260871,-0.680460691,-1.15431678,0.184730127,3.82949281,-0.110526666,0,0.180657908,0.957735896,-1.52425253,-1.30516613,1.25138676,0.448292673,-0.0489115976,0,0.765232265,0.0368841328,-1.44643283,-0.0581760854,0.382325828,-0.82575953,0,-0.0533790924,-0.538130045,-1.0675199,-0.80537653,1.17242563,-0.772460103,-0.800828636,-0.0942896381,-0.0425597429,-0.404258102,-1.3495611,-0.293324441,0.858408391,-1.45342398,-0.7543782,-0.208661944,-0.0282166321,-0.296499252,-1.10641932,0.205195829,-0.976518989,-1.12624967,-0.498878568,-0.199069589,7
0,-0.32890445,-0.475357324,-0.443546832,0.0582266748,1.12166035,0.1996883,-0.114585042,-0.0596355125,-0.311246723,0.482071757,0.00537951011,-0.885789394,0.804528654,1.76304007,-0.125630632,-0.0399202406,1.5310961,1.08618891,0.175049499,0.140475139,0.989323914,-0.238752022,-0.110526666,0,0.828552306,0.795401216,1.21262515,0.969825268,-0.769805908,-0.631733954,-0.0489115976,0,-0.682535589,0.667678058,1.09957254,0.788205206,-1.15910399,-0.82575953,0,-0.0533790924,0.491442949,1.39350259,-0.80537653,1.17242563,0.291047394,-0.800828636,-0.0942896381,-0.0425597429,1.81474817,1.47541523,-0.293324441,0.478939652,0.521305561,-0.7543782,-0.208661944,-0.0282166321,-0.296499252,0.666264713,0.900428057,0.660672605,-0.618224859,-0.498878568,-0.199069589,8
0,4.01159859,2.03965139,0.98909992,0.757503033,-0.297669798,-0.407344818,-0.114585042,-0.0596355125,2.81614852,1.03395164,0.50627166,0.988684118,1.29880655,-0.517234027,-0.125630632,-0.0399202406,0.126082376,-1.20583236,-1.19376683,1.43526709,0.989323914,0.0741898865,-0.110526666,0,-0.79118371,-0.0162722114,1.21262515,0.969825268,1.41981947,1.52831924,-0.0489115976,0,-0.682535589,1.14077353,1.09957254,0.111100167,-1.33037388,-0.82575953,0,-0.0533790924,-0.538130045,0.624433041,0.888818085,-1.06754243,-1.4814651,-0.800828636,-0.0942896381,-0.0425597429,1.81474817,1.47541523,-0.867637277,-1.79787278,-1.45342398,-0.7543782,-0.208661944,-0.0282166321,3.96292424,1.84805405,-2.80747724,-2.40906167,-1.12624967,-0.498878568,-0.199069589,7
0,-0.32890445,-0.0561892018,0.750325441,0.291318804,-0.475086063,-0.407344818,-0.114585042,-0.0596355125,-0.623986244,0.298111767,0.756717741,0.363859624,0.969287932,-0.517234027,-0.125630632,-0.0399202406,-0.716925859,0.380951583,0.859457612,1.11156917,0.989323914,-0.551693916,-0.110526666,0,-0.79118371,-0.99028033,1.21262515,0.644826531,-0.769805908,-0.631733954,-0.0489115976,0,-0.682535589,0.194582611,0.781321824,0.788205206,-0.987833977,-0.82575953,0,-0.0533790924,-0.194939047,1.23968863,-0.343323469,0.0524415746,0.645549893,-0.565301836,-0.0942896381,-0.0425597429,-0.404258102,1.47541523,-1.05907488,-1.0389353,1.17954874,0.0701899752,-0.208661944,-0.0282166321,-0.296499252,-0.121594876,0.900428057,0.865321517,0.905849576,-0.00838943198,-0.199069589,8
0,-0.32890445,-0.894525409,0.511551023,0.990595162,0.411995322,-0.407344818,-0.114585042,-0.0596355125,-0.623986244,-1.54148805,-0.495512635,-1.09406424,0.969287932,-0.517234027,-0.125630632,-0.0399202406,-0.716925859,-1.73476028,-0.851562738,-0.0213738531,1.15024269,-0.551693916,-0.110526666,0,-0.79118371,-1.47728431,-0.497923404,0.969825268,0.409223169,-0.631733954,-0.0489115976,0,-0.682535589,-1.22470379,-1.44643283,-1.24310982,0.896135747,0.322765768,0,-0.0533790924,-0.538130045,0.932060838,-1.1134119,-1.22754025,-0.772460103,2.02549314,-0.0942896381,-0.0425597429,-0.404258102,0.945732176,-0.676199675,-1.0389353,-0.136937618,1.92546833,-0.208661944,-0.0282166321,-0.296499252,-1.10641932,-0.0265482478,0.865321517,1.41387439,0.972588837,-0.199069589,3
0,-0.32890445,-0.265773267,0.0340020917,0.990595162,1.83132553,2.93133736,1.76820457,-0.0596355125,-0.623986244,0.849991679,0.255825579,-0.469239712,0.475010067,1.76304007,0.978688955,-0.0399202406,-0.154920369,0.909879565,1.03055966,1.43526709,0.0238113683,-0.551693916,-0.110526666,0,1.15249956,1.12007058,0.699460566,0.482327133,1.41981947,-0.0917206332,-0.0489115976,0,1.34433937,0.509979606,-1.12818217,-1.41238606,1.23867571,0.897028387,0,-0.0533790924,-0.538130045,-1.0675199,-1.1134119,-0.427551597,1.17730367,-0.329775035,-0.0942896381,-0.0425597429,-0.404258102,0.239488095,-0.676199675,0.668674052,0.192183971,-0.7543782,-0.208661944,-0.0282166321,-0.296499252,0.272334903,0.436939895,0.251374692,-0.956908047,-0.498878568,-0.199069589,5
0,0.756221235,0.572562933,0.98909992,0.757503033,-1.00733483,-0.407344818,-0.114585042,-0.0596355125,0.626971841,0.482071757,-1.74774301,1.1969589,-1.33734202,-0.517234027,-0.125630632,-0.0399202406,-0.716925859,-1.73476028,-1.19376683,1.43526709,-1.26353872,-0.551693916,-0.110526666,0,-0.79118371,-1.31494963,-0.326868534,0.644826531,-0.264507711,-0.0917206332,-0.0489115976,0,-0.682535589,0.667678058,1.09957254,0.618928909,0.724865794,1.47129107,0,-0.0533790924,-0.538130045,0.162991345,1.35087121,-0.587549329,-1.4814651,-0.800828636,-0.0942896381,-0.0425597429,-0.404258102,-0.466755986,1.04673874,-1.79787278,-1.45342398,-0.7543782,-0.208661944,-0.0282166321,-0.296499252,1.65108919,-0.95352453,-2.40906167,-1.12624967,-0.498878568,-0.199069589,7
0,-0.32890445,-0.475357324,0.272776544,0.291318804,-0.475086063,-0.407344818,-0.114585042,-0.0596355125,-0.623986244,0.298111767,-1.24685085,-1.51061392,0.804528654,-0.517234027,-0.125630632,-0.0399202406,-0.716925859,1.08618891,-1.19376683,-0.345071852,0.66748637,-0.551693916,-0.110526666,0,-0.79118371,0.146062478,0.699460566,0.644826531,1.41981947,-0.0917206332,-0.0489115976,0,-0.682535589,-1.06700528,-0.332555473,-0.73528111,0.724865794,0.322765768,0,-0.0533790924,-0.194939047,-0.452264249,-1.1134119,-1.22754025,-0.595208883,1.78996634,-0.0942896381,-0.0425597429,0.705245078,1.12229323,-0.676199675,-1.41840398,0.0276231728,1.51318431,-0.208661944,-0.0282166321,-0.296499252,-0.318559766,-0.490036398,0.865321517,1.58321595,0.482099682,-0.199069589,9
0,-0.32890445,-0.894525409,0.511551023,-0.641049683,-1.00733483,-0.407344818,-0.114585042,-0.0596355125,-0.623986244,-0.437728167,0.255825579,-1.51061392,-0.184027076,-0.232199743,-0.125630632,-0.0399202406,-0.4359231,1.08618891,-0.16715458,-0.345071852,1.3111614,0.38713181,-0.110526666,0,1.47644675,0.633066535,-1.52425253,0.644826531,0.577655911,0.178286016,-0.0489115976,0,2.79210711,0.82537657,-0.650806129,0.957481444,1.23867571,1.75842237,0,-0.0533790924,3.92335296,1.39350259,1.35087121,1.17242563,-0.417957604,-0.800828636,-0.0942896381,-0.0425597429,-0.404258102,-0.819878042,0.472425967,0.858408391,-1.45342398,-0.7543782,-0.208661944,-0.0282166321,-0.296499252,-1.10641932,0.668684006,-0.362572163,-1.12624967,-0.498878568,-0.199069589,4
0,-0.32890445,0.991731048,0.98909992,0.524410903,0.0571627617,-0.407344818,-0.114585042,-0.0596355125,-0.623986244,1.03395164,-0.996404767,-0.885789394,1.29880655,0.33786878,-0.125630632,-0.0399202406,-0.716925859,-0.147976398,-0.338256598,-1.15431678,0.828405142,1.32595754,-0.110526666,0,-0.79118371,-1.47728431,-1.52425253,-1.63016486,1.08295405,1.52831924,-0.0489115976,0,-0.682535589,-1.22470379,-1.44643283,-1.07383358,1.23867571,-0.251496881,0,-0.0533790924,-0.538130045,-1.0675199,-1.1134119,0.852430165,0.468298674,-0.800828636,-0.0942896381,-0.0425597429,-0.404258102,-0.99643904,-0.101886839,1.23787713,0.192183971,0.482474059,0.762775302,-0.0282166321,-0.296499252,1.25715935,0.900428057,0.456023633,1.07519114,3.42503452,3.86971855,2
0,-0.32890445,1.20131516,0.98909992,0.0582266748,1.12166035,4.44892025,6.47517824,-0.0596355125,0.31423232,1.03395164,-0.745958686,-0.469239712,1.29880655,2.33310866,-0.125630632,-0.0399202406,-0.4359231,0.0283329226,-1.19376683,-0.183222845,0.989323914,0.0741898865,-0.110526666,0,-0.79118371,-1.31494963,-0.155813694,0.8073259,1.25138676,2.33833909,-0.0489115976,0,-0.682535589,0.667678058,1.09957254,0.788205206,-0.302754074,-0.251496881,0,-0.0533790924,-0.538130045,-0.452264249,0.888818085,-0.107556142,-1.4814651,-0.800828636,-0.0942896381,-0.0425597429,-0.404258102,-0.643316984,1.23817647,-1.22866964,-1.45342398,-0.7543782,-0.208661944,-0.0282166321,-0.296499252,1.25715935,-0.0265482478,-2.40906167,-1.12624967,-0.498878568,-0.199069589,7
0,-0.32890445,-1.10410953,0.98909992,-0.174865454,-0.829918623,-0.407344818,-0.114585042,-0.0596355125,-0.623986244,0.482071757,1.00716376,-0.0526900552,0.145491496,-0.517234027,-0.125630632,-0.0399202406,-0.154920369,1.08618891,0.688355625,-0.992467821,0.989323914,0.0741898865,-0.110526666,0,0.180657908,1.12007058,-1.35319769,-1.63016486,0.0723577365,1.25831258,-0.0489115976,0,0.475678682,0.82537657,-1.44643283,-1.75093865,-0.131484106,1.75842237,0,-0.0533790924,0.491442949,1.39350259,-0.959394217,-1.22754025,0.291047394,1.31891274,-0.0942896381,-0.0425597429,-0.404258102,0.416049123,-0.293324441,-1.22866964,1.17954874,0.0701899752,-0.208661944,-0.0282166321,-0.296499252,-0.909454465,-0.258292317,0.865321517,1.07519114,-0.253634006,-0.199069589,0
0,-0.32890445,-0.475357324,0.98909992,0.0582266748,-0.829918623,-0.407344818,-0.114585042,-0.0596355125,-0.623986244,-0.0698082,1.00716376,1.1969589,-1.33734202,-0.517234027,-0.125630632,-0.0399202406,-0.716925859,0.380951583,1.5438658,0.787871122,-1.26353872,-0.551693916,-0.110526666,0,-0.79118371,0.633066535,1.21262515,-0.00517102238,-1.27510405,-0.631733954,-0.0489115976,0,-0.682535589,1.29847205,1.09957254,-1.58166242,-1.5016439,-0.82575953,0,-0.0533790924,-0.538130045,1.39350259,1.35087121,-1.22754025,-1.4814651,-0.800828636,-0.0942896381,-0.0425597429,-0.404258102,0.416049123,1.23817647,-1.60813844,-1.45342398,-0.7543782,-0.208661944,-0.0282166321,-0.296499252,-0.712489545,0.205195829,-0.567221105,-1.12624967,-0.498878568,-0.199069589,1
0,0.756221235,0.572562933,0.272776544,0.757503033,-0.120253511,-0.407344818,-0.114585042,-0.0596355125,1.87792993,0.666031718,-1.24685085,1.1969589,0.969287932,-0.517234027,-0.125630632,-0.0399202406,2.0931015,0.380951583,-1.02266479,0.464173138,1.3111614,0.0741898865,-0.110526666,0,-0.143289298,0.470731825,0.870515406,0.8073259,1.41981947,0.448292673,-0.0489115976,0,-0.682535589,-1.22470379,-0.809931457,-1.07383358,1.0674057,1.47129107,0,-0.0533790924,-0.538130045,-1.0675199,-1.1134119,-1.22754025,0.113796152,1.31891274,-0.0942896381,-0.0425597429,-0.404258102,0.239488095,-0.484762043,-1.60813844,0.192183971,1.71932638,-0.208661944,-0.0282166321,-0.296499252,0.0753700212,0.205195829,0.865321517,1.41387439,0.972588837,-0.199069589,9
0,-0.32890445,-1.10410953,-0.921095729,-1.107234,-1.00733483,-0.407344818,-0.114585042,-0.0596355125,-0.623986244,-1.54148805,1.00716376,-0.885789394,-1.33734202,-0.517234027,-0.125630632,-0.0399202406,-0.716925859,-0.853213727,1.5438658,-0.830618858,-1.26353872,-0.551693916,-0.110526666,0,-0.79118371,0.308397144,1.04157031,0.319827735,0.240790457,-0.631733954,-0.0489115976,0,-0.682535589,0.509979606,1.09957254,0.449652672,0.0397858657,1.47129107,0,-0.0533790924,-0.538130045,0.624433041,1.35087121,-0.907544732,-0.0634551048,1.31891274,-0.0942896381,-0.0425597429,-0.404258102,-0.819878042,1.23817647,-0.849200904,0.521305561,1.30704224,-0.208661944,-0.0282166321,-0.296499252,-1.10641932,-1.41701269,0.865321517,1.24453282,-0.00838943198,-0.199069589,6
0,-0.32890445,0.572562933,0.750325441,0.990595162,1.83132553,1.41375458,-0.114585042,-0.0596355125,0.00149279006,1.03395164,-0.245066568,-1.09406424,-1.33734202,-0.517234027,-0.125630632,-0.0399202406,0.126082376,1.08618891,-0.338256598,-1.15431678,-1.26353872,-0.551693916,-0.110526666,0,0.828552306,1.12007058,1.21262515,0.482327133,-1.27510405,-0.631733954,-0.0489115976,0,2.21300006,0.82537657,-0.491680831,0.788205206,-0.645294011,-0.82575953,0,-0.0533790924,0.491442949,-0.913705945,-1.1134119,0.532434762,-0.0634551048,-0.800828636,-0.0942896381,-0.0425597429,-0.404258102,-1.3495611,-0.676199675,1.23787713,-0.795180798,-0.7543782,-0.208661944,-0.0282166321,-0.296499252,0.666264713,0.900428057,-0.771870077,-1.12624967,-0.498878568,-0.199069589,5
0,-0.32890445,-1.10410953,-1.87619352,0.0582266748,1.65390921,0.806721449,-0.114585042,-0.0596355125,-0.623986244,-1.35752809,0.50627166,-1.30233908,0.310250789,1.76304007,-0.125630632,-0.0399202406,-0.716925859,-1.02952302,0.859457612,-0.345071852,0.989323914,0.0741898865,-0.110526666,0,-0.79118371,-0.82794565,1.21262515,0.644826531,-0.769805908,-0.631733954,-0.0489115976,0,-0.392982006,0.667678058,0.940447152,0.449652672,-1.5016439,-0.82575953,0,-0.0533790924,1.521016,0.932060838,-0.959394217,0.692432463,-0.417957604,-0.800828636,-0.0942896381,-0.0425597429,-0.404258102,0.416049123,0.663863599,-0.849200904,0.850427151,-0.548236191,-0.208661944,-0.0282166321,-0.296499252,-1.10641932,-1.88050091,-0.362572163,1.58321595,1.4630779,-0.199069589,8
0,-0.32890445,0.991731048,0.98909992,-0.641049683,-0.829918623,-0.407344818,-0.114585042,-0.0596355125,1.56519043,1.03395164,-0.745958686,0.780409276,0.475010067,-0.517234027,-0.125630632,-0.0399202406,1.5310961,0.733570218,-1.02266479,-0.0213738531,0.989323914,0.0741898865,-0.110526666,0,-0.143289298,0.795401216,0.870515406,0.644826531,1.25138676,0.178286016,-0.0489115976,0,-0.682535589,-0.909306765,-0.809931457,-1.07383358,1.23867571,0.322765768,0,-0.0533790924,-0.538130045,-0.606078148,-1.1134119,-1.22754025,0.822801173,1.31891274,-0.0942896381,-0.0425597429,0.705245078,1.29885423,-0.293324441,-0.279997826,0.850427151,0.894758165,-0.208661944,-0.0282166321,-0.296499252,0.469299793,0.668684006,0.251374692,0.567166388,-0.498878568,-0.199069589,9
0,-0.32890445,-1.10410953,-2.5925169,0.757503033,-0.652502358,-0.407344818,-0.114585042,-0.0596355125,-0.623986244,-1.90940797,-1.74774301,0.988684118,-1.33734202,0.622903049,-0.125630632,-0.0399202406,-0.716925859,-1.73476028,1.03055966,0.140475139,-1.10261989,4.45537663,6.40191174,0,-0.79118371,-0.665610969,1.04157031,-1.30516613,-0.432940423,3.41836572,-0.0489115976,0,0.765232265,1.14077353,1.09957254,0.957481444,1.23867571,1.47129107,0,-0.0533790924,4.26654387,0.778246939,0.734800398,1.01242793,1.35455489,-0.329775035,-0.0942896381,-0.0425597429,-0.404258102,-1.3495611,-1.82482529,0.478939652,0.521305561,-0.7543782,-0.208661944,-0.0282166321,-0.296499252,-1.10641932,-2.34398913,0.865321517,-0.279541612,-0.498878568,-0.199069589,4
0,-0.32890445,-0.894525409,-0.443546832,0.757503033,0.766827881,-0.407344818,-0.114585042,-0.0596355125,-0.311246723,0.482071757,-0.245066568,-0.469239712,0.639769375,-0.517234027,-0.125630632,-0.0399202406,-0.154920369,-0.147976398,-1.19376683,0.949720144,-0.298026145,-0.551693916,-0.110526666,0,-0.79118371,-1.47728431,-1.52425253,0.969825268,-1.10667133,-0.631733954,-0.0489115976,0,-0.682535589,-1.22470379,-1.44643283,0.618928909,0.211055845,-0.538628221,0,-0.0533790924,-0.538130045,-1.0675199,-1.1134119,-1.06754243,0.113796152,1.55443954,-0.0942896381,-0.0425597429,-0.404258102,0.945732176,-0.484762043,-1.79787278,-1.12430239,2.54389453,-0.208661944,-0.0282166321,-0.296499252,-0.712489545,-0.258292317,0.660672605,1.58321595,2.44405627,-0.199069589,3
0,-0.32890445,0.362978905,0.272776544,0.990595162,-0.120253511,-0.407344818,-0.114585042,-0.0596355125,1.25245082,0.849991679,-1.24685085,-0.885789394,0.969287932,-0.517234027,-0.125630632,-0.0399202406,1.81209886,-0.853213727,-1.02266479,0.464173138,0.184730127,-0.551693916,-0.110526666,0,-0.79118371,-1.47728431,-0.155813694,0.969825268,-0.432940423,-0.631733954,-0.0489115976,0,-0.682535589,-1.22470379,-1.2873075,-0.73528111,1.0674057,-0.538628221,0,-0.0533790924,-0.538130045,-1.0675199,-1.1134119,-1.22754025,-1.30421388,2.02549314,-0.0942896381,-0.0425597429,-0.404258102,-0.643316984,-0.867637277,-1.41840398,-0.630620003,1.92546833,-0.208661944,-0.0282166321,-0.296499252,0.0753700212,-0.0265482478,0.865321517,1.24453282,0.727344275,-0.199069589,3
0,-0.32890445,0.78214699,0.750325441,0.990595162,-0.652502358,-0.407344818,-0.114585042,-0.0596355125,-0.623986244,0.482071757,-0.745958686,1.1969589,-0.678304911,-0.517234027,-0.125630632,-0.0399202406,-0.716925859,-1.38214171,-0.16715458,1.43526709,1.3111614,3.20360899,-0.110526666,0,-0.79118371,0.795401216,1.21262515,0.644826531,0.0723577365,1.25831258,-0.0489115976,0,-0.682535589,-0.751608312,0.781321824,-0.227452338,-1.5016439,-0.82575953,0,-0.0533790924,-0.538130045,-0.606078148,1.35087121,-0.74754703,-1.4814651,-0.800828636,-0.0942896381,-0.0425597429,-0.404258102,0.416049123,1.23817647,-1.79787278,-1.45342398,-0.7543782,-0.208661944,-0.0282166321,-0.296499252,1.25715935,-0.258292317,-2.40906167,-1.12624967,-0.498878568,-0.199069589,7
0,-0.32890445,-1.10410953,-1.39864469,0.990595162,0.0571627617,-0.407344818,-0.114585042,-0.0596355125,-0.623986244,-1.35752809,1.00716376,-0.2609649,-1.33734202,-0.517234027,-0.125630632,-0.0399202406,-0.4359231,0.557260871,1.03055966,-0.992467821,-0.941701174,-0.238752022,-0.110526666,0,1.47644675,1.12007058,-0.668978274,-1.46766543,1.08295405,2.06833267,-0.0489115976,0,2.79210711,1.29847205,-0.17343016,0.280376405,1.23867571,-0.251496881,0,-0.0533790924,0.148251966,0.778246939,1.19685352,1.33242333,0.468298674,-0.800828636,-0.0942896381,-0.0425597429,-0.404258102,-1.3495611,-0.293324441,1.23787713,-0.795180798,-0.7543782,-0.208661944,-0.0282166321,-0.296499252,-1.10641932,-0.95352453,0.660672605,-1.12624967,-0.498878568,-0.199069589,4
0,2.92647266,2.03965139,0.98909992,-1.107234,-1.00733483,-0.407344818,-0.114585042,-0.0596355125,3.12888789,0.482071757,-0.245066568,1.1969589,-1.33734202,-0.517234027,-0.125630632,-0.0399202406,2.65510702,-0.853213727,-0.509358644,1.43526709,-1.26353872,-0.551693916,-0.110526666,0,-0.79118371,-1.47728431,-1.01108789,0.969825268,-0.601373136,-0.631733954,-0.0489115976,0,-0.682535589,-1.22470379,-0.491680831,0.957481444,-0.987833977,-0.82575953,0,-0.0533790924,-0.538130045,-1.0675199,0.580782712,1.33242333,-1.4814651,-0.800828636,-0.0942896381,-0.0425597429,0.150493473,0.769171178,1.23817647,0.858408391,-0.136937618,0.276332021,-0.208661944,-0.0282166321,1.83321249,1.45412421,0.900428057,0.865321517,1.58321595,3.42503452,0.818127453,2
0,-0.32890445,-0.475357324,0.272776544,0.990595162,1.65390921,1.41375458,-0.114585042,-0.0596355125,-0.623986244,0.482071757,0.255825579,-0.2609649,1.29880655,2.33310866,-0.125630632,-0.0399202406,-0.716925859,1.08618891,0.346151531,-1.15431678,0.989323914,1.32595754,-0.110526666,0,-0.79118371,0.795401216,-1.18214285,-0.655168533,1.25138676,-0.631733954,-0.0489115976,0,-0.682535589,-1.22470379,-0.650806129,0.788205206,1.0674057,0.897028387,0,-0.0533790924,-0.538130045,-1.0675199,1.35087121,1.17242563,0.291047394,-0.329775035,-0.0942896381,-0.0425597429,-0.404258102,-1.3495611,0.663863599,0.289205283,-1.45342398,-0.7543782,-0.208661944,-0.0282166321,-0.296499252,-0.318559766,0.900428057,-0.976518989,-1.12624967,-0.498878568,-0.199069589,7
0,4.01159859,2.24923539,0.750325441,-2.27269459,-1.00733483,-0.407344818,-0.114585042,-0.0596355125,2.81614852,0.849991679,0.756717741,-0.677514553,-1.33734202,-0.517234027,-0.125630632,-0.0399202406,1.81209886,0.0283329226,-0.16715458,1.11156917,-1.26353872,-0.551693916,-0.110526666,0,-0.79118371,-1.47728431,-0.326868534,0.8073259,-1.27510405,-0.631733954,-0.0489115976,0,-0.682535589,-1.22470379,0.622196496,-0.0581760854,-1.5016439,-0.82575953,0,-0.0533790924,-0.538130045,-0.913705945,1.35087121,-0.107556142,-1.12696266,-0.329775035,-0.0942896381,-0.0425597429,0.150493473,0.769171178,1.23817647,1.04814279,1.17954874,2.33775258,-0.208661944,-0.0282166321,3.96292424,2.04501891,0.900428057,0.865321517,0.905849576,2.19881153,-0.199069589,2
0,0.756221235,0.991731048,0.98909992,0.990595162,0.0571627617,-0.407344818,-0.114585042,-0.0596355125,1.56519043,0.666031718,-0.745958686,0.363859624,0.639769375,-0.517234027,-0.125630632,-0.0399202406,-0.4359231,-1.55845106,-0.338256598,1.27341807,-0.458944917,-0.551693916,-0.110526666,0,-0.79118371,-0.99028033,1.21262515,0.644826531,-0.769805908,-0.631733954,-0.0489115976,0,-0.682535589,-1.06700528,0.303945839,0.618928909,1.23867571,0.897028387,0,-0.0533790924,-0.538130045,-1.0675199,-1.1134119,-1.22754025,0.645549893,1.78996634,-0.0942896381,-0.0425597429,-0.404258102,-0.113633938,-0.293324441,0.668674052,1.17954874,0.276332021,-0.208661944,-0.0282166321,-0.296499252,1.84805405,0.900428057,0.0467257351,-0.279541612,-0.498878568,-0.199069589,3
0,-0.32890445,-0.684941351,-0.204772368,-0.407957584,-0.829918623,-0.407344818,-0.114585042,-0.0596355125,-0.623986244,-0.0698082,0.255825579,0.780409276,0.804528654,-0.517234027,-0.125630632,-0.0399202406,-0.716925859,0.557260871,-1.19376683,-1.15431678,0.989323914,1.01301563,-0.110526666,0,0.180657908,-0.0162722114,-1.52425253,-1.63016486,0.240790457,0.988305986,-0.0489115976,0,0.765232265,0.194582611,-1.44643283,-1.75093865,-0.645294011,1.47129107,0,-0.0533790924,1.521016,0.778246939,-1.1134119,-1.22754025,-0.0634551048,0.141278625,-0.0942896381,-0.0425597429,-0.404258102,1.12229323,0.280988365,-0.849200904,0.850427151,-0.548236191,-0.208661944,-0.0282166321,-0.296499252,-0.515524685,0.205195829,0.456023633,-0.279541612,-0.498878568,-0.199069589,0
0,-0.32890445,-1.10410953,-2.83129144,-1.107234,1.29907668,1.11023796,-0.114585042,-0.0596355125,-0.623986244,-1.90940797,-2.9999733,0.988684118,1.29880655,1.76304007,-0.125630632,-0.0399202406,-0.716925859,-1.55845106,1.03055966,1.43526709,1.3111614,0.38713181,-0.110526666,0,-0.79118371,0.470731825,1.21262515,0.969825268,1.41981947,-0.631733954,-0.0489115976,0,1.63389289,1.29847205,-0.969056785,0.957481444,0.724865794,-0.82575953,0,-0.0533790924,0.148251966,-0.606078148,-1.1134119,1.33242333,0.645549893,-0.800828636,-0.0942896381,-0.0425597429,-0.404258102,-1.3495611,-1.82482529,1.23787713,0.685866356,-0.7543782,-0.208661944,-0.0282166321,-0.296499252,-1.10641932,-2.80747724,-0.771870077,0.905849576,-0.498878568,-0.199069589,1
0,0.756221235,-0.0561892018,-0.204772368,0.757503033,-0.297669798,-0.407344818,-0.114585042,-0.0596355125,1.87792993,1.03395164,0.255825579,-0.885789394,-1.00782347,-0.517234027,-0.125630632,-0.0399202406,2.37410426,-0.500595033,-1.19376683,-1.15431678,-1.26353872,-0.551693916,-0.110526666,0,2.77223563,1.12007058,1.21262515,0.157328367,-0.938238621,-0.631733954,-0.0489115976,0,-0.682535589,-0.5939098,-0.809931457,-0.904557347,0.553595781,0.0356344357,0,-0.0533790924,-0.538130045,-1.0675199,-1.1134119,-1.22754025,-0.595208883,1.78996634,-0.0942896381,-0.0425597429,-0.404258102,-1.1730001,-0.676199675,-1.79787278,0.192183971,1.51318431,-0.208661944,-0.0282166321,-0.296499252,-0.712489545,-0.0265482478,0.865321517,1.41387439,-0.00838943198,-0.199069589,5
0,-0.32890445,0.78214699,0.98909992,0.524410903,-1.00733483,-0.407344818,-0.114585042,-0.0596355125,-0.623986244,1.03395164,-0.996404767,0.572134435,-0.184027076,-0.517234027,-0.125630632,-0.0399202406,-0.716925859,0.380951583,-1.19376683,0.140475139,0.0238113683,-0.551693916,-0.110526666,0,-0.79118371,-1.47728431,-1.52425253,0.319827735,0.0723577365,-0.631733954,-0.0489115976,0,-0.682535589,-1.22470379,-1.44643283,0.957481444,-0.645294011,-0.82575953,0,-0.0533790924,-0.538130045,-1.0675199,0.272747338,0.852430165,-1.4814651,-0.800828636,-0.0942896381,-0.0425597429,-0.404258102,0.416049123,1.23817647,1.04814279,0.192183971,1.10090017,0.762775302,-0.0282166321,-0.296499252,1.25715935,0.436939895,0.251374692,1.58321595,3.42503452,2.34392309,2
0,-0.32890445,-0.0561892018,0.0340020917,0.291318804,-0.652502358,-0.407344818,-0.114585042,-0.0596355125,0.31423232,1.03395164,0.50627166,1.1969589,0.804528654,-0.232199743,-0.125630632,-0.0399202406,0.407085121,1.08618891,0.346151531,1.43526709,0.66748637,-0.238752022,-0.110526666,0,-0.467236519,-0.0162722114,1.21262515,0.8073259,-1.10667133,-0.631733954,-0.0489115976,0,-0.392982006,0.82537657,1.09957254,0.957481444,-0.645294011,-0.82575953,0,-0.0533790924,0.491442949,1.39350259,-0.343323469,0.692432463,1.35455489,-0.800828636,-0.0942896381,-0.0425597429,1.25999665,1.29885423,-0.484762043,0.858408391,0.521305561,-0.7543782,-0.208661944,-0.0282166321,-0.296499252,0.0753700212,0.900428057,0.251374692,-0.618224859,-0.498878568,-0.199069589,8
0,-0.32890445,-0.0561892018,0.0340020917,0.757503033,0.766827881,-0.103828259,-0.114585042,-0.0596355125,0.00149279006,0.666031718,-1.24685085,-1.30233908,0.145491496,1.47800589,-0.125630632,-0.0399202406,1.25009334,0.909879565,0.00394746149,-1.15431678,0.184730127,1.95184135,-0.110526666,0,-0.467236519,-0.665610969,1.04157031,0.157328367,0.914521337,0.178286016,-0.0489115976,0,-0.682535589,-0.751608312,0.940447152,0.957481444,-0.645294011,-0.82575953,0,-0.0533790924,-0.538130045,1.23968863,0.272747338,0.692432463,-0.240706354,-0.800828636,-0.0942896381,-0.0425597429,-0.404258102,1.29885423,-0.867637277,-0.279997826,0.521305561,-0.7543782,-0.208661944,-0.0282166321,-0.296499252,-0.318559766,0.436939895,0.865321517,0.736508012,-0.498878568,-0.199069589,8
0,0.756221235,1.41089916,0.98909992,-1.57341826,-1.00733483,-0.407344818,-0.114585042,-0.0596355125,1.56519043,0.849991679,0.50627166,0.155584782,-1.33734202,-0.517234027,-0.125630632,-0.0399202406,1.5310961,0.557260871,0.517253578,0.787871122,-1.26353872,-0.551693916,-0.110526666,0,-0.79118371,-1.31494963,0.528405726,0.319827735,-1.27510405,-0.631733954,-0.0489115976,0,-0.682535589,-1.22470379,0.781321824,-0.227452338,-1.5016439,-0.82575953,0,-0.0533790924,-0.538130045,-0.452264249,1.35087121,0.0524415746,-0.772460103,-0.800828636,-0.0942896381,-0.0425597429,-0.404258102,0.945732176,1.23817647,1.23787713,1.17954874,1.10090017,-0.208661944,-0.0282166321,1.83321249,2.04501891,0.205195829,-0.157923222,0.397824794,0.236855134,-0.199069589,2
0,-0.32890445,0.362978905,0.511551023,-0.641049683,-1.00733483,-0.407344818,-0.114585042,-0.0596355125,-0.311246723,1.03395164,-1.74774301,-0.0526900552,-0.184027076,-0.517234027,-0.125630632,-0.0399202406,-0.716925859,0.557260871,-0.851562738,-0.668769836,0.828405142,-0.551693916,-0.110526666,0,-0.79118371,-0.665610969,1.04157031,0.969825268,1.41981947,-0.361727297,-0.0489115976,0,-0.682535589,-1.22470379,-1.44643283,-0.904557347,0.211055845,1.18415976,0,-0.0533790924,-0.538130045,-1.0675199,-1.1134119,-1.22754025,-1.12696266,2.49654675,-0.0942896381,-0.0425597429,-0.404258102,-0.643316984,-1.44195008,-1.79787278,-1.45342398,2.13161039,2.70564985,-0.0282166321,-0.296499252,-0.121594876,0.668684006,0.865321517,1.58321595,2.44405627,0.309528947,9
0,-0.32890445,-1.10410953,-2.5925169,-0.874141812,1.29907668,3.841887,1.76820457,-0.0596355125,-0.623986244,-1.54148805,0.255825579,-0.2609649,-0.678304911,3.47324562,4.29164791,-0.0399202406,-0.716925859,0.557260871,0.346151531,-1.15431678,0.184730127,3.82949281,2.06028628,0,0.504605114,1.12007058,0.870515406,0.644826531,1.41981947,0.988305986,-0.0489115976,0,-0.392982006,0.509979606,0.144820511,-0.566004872,0.896135747,-0.82575953,0,-0.0533790924,-0.538130045,-1.0675199,-1.1134119,0.0524415746,-0.0634551048,-0.800828636,-0.0942896381,-0.0425597429,-0.404258102,-1.3495611,-1.82482529,0.289205283,-0.630620003,-0.7543782,-0.208661944,-0.0282166321,-0.296499252,-1.10641932,-2.80747724,-0.157923222,-0.618224859,-0.498878568,-0.199069589,9
0,-0.32890445,-1.10410953,-0.921095729,0.757503033,-0.829918623,-0.407344818,-0.114585042,-0.0596355125,-0.623986244,-1.90940797,0.00537951011,0.780409276,-1.33734202,-0.517234027,-0.125630632,-0.0399202406,-0.716925859,-1.20583236,1.5438658,-0.0213738531,-1.26353872,-0.551693916,-0.110526666,0,-0.79118371,-0.503276289,1.21262515,-1.30516613,-1.27510405,-0.631733954,-0.0489115976,0,-0.682535589,-0.120814353,1.09957254,0.957481444,0.724865794,0.609897077,0,-0.0533790924,-0.538130045,1.23968863,1.35087121,0.212439299,0.113796152,2.49654675,-0.0942896381,-0.0425597429,-0.404258102,-0.819878042,0.855301201,-0.0902634487,-1.12430239,2.54389453,1.73421252,-0.0282166321,-0.296499252,-1.10641932,-1.18526864,0.660672605,1.58321595,2.19881153,-0.199069589,6
0,-0.32890445,-0.0561892018,0.0340020917,-2.73887897,-1.00733483,-0.407344818,-0.114585042,-0.0596355125,-0.623986244,0.666031718,-0.495512635,0.780409276,0.639769375,-0.517234027,-0.125630632,-0.0399202406,-0.154920369,1.08618891,1.5438658,0.140475139,0.506567657,0.0741898865,-0.110526666,0,0.180657908,1.12007058,0.357350856,-1.63016486,0.240790457,0.178286016,-0.0489115976,0,0.765232265,0.667678058,-1.12818217,-1.75093865,0.553595781,0.322765768,0,-0.0533790924,-0.194939047,0.778246939,-1.1134119,-1.22754025,0.822801173,-0.0942482054,-0.0942896381,-0.0425597429,-0.404258102,0.945732176,-0.676199675,-0.279997826,0.685866356,-0.7543782,-0.208661944,-0.0282166321,-0.296499252,-0.515524685,0.436939895,0.0467257351,-0.618224859,-0.498878568,-0.199069589,0
0,-0.32890445,-1.10410953,-0.443546832,-0.174865454,-1.00733483,-0.407344818,-0.114585042,-0.0596355125,-0.623986244,-1.35752809,1.00716376,-0.0526900552,-1.33734202,-0.517234027,-0.125630632,-0.0399202406,-0.716925859,-0.324285716,1.5438658,-1.15431678,-1.26353872,-0.551693916,-0.110526666,0,-0.79118371,0.470731825,0.870515406,-1.63016486,-1.27510405,-0.631733954,-0.0489115976,0,-0.682535589,0.983075023,1.09957254,0.788205206,-0.474024057,-0.82575953,0,-0.0533790924,-0.538130045,0.778246939,1.35087121,0.692432463,1.17730367,0.612332284,-0.0942896381,-0.0425597429,-0.404258102,-0.113633938,1.23817647,0.0994709209,0.685866356,2.13161039,-0.208661944,-0.0282166321,-0.296499252,-1.10641932,-0.721780479,0.251374692,0.736508012,0.972588837,-0.199069589,6
0,-0.32890445,-0.684941351,0.750325441,0.291318804,-1.00733483,-0.407344818,-0.114585042,-0.0596355125,-0.623986244,0.482071757,1.00716376,1.1969589,0.145491496,-0.517234027,-0.125630632,-0.0399202406,0.688087881,1.08618891,0.346151531,-0.183222845,1.3111614,0.700073719,-0.110526666,0,0.828552306,1.12007058,-1.01108789,-1.46766543,1.08295405,1.25831258,-0.0489115976,0,1.05478585,1.29847205,-0.809931457,-1.75093865,1.23867571,1.47129107,0,-0.0533790924,0.491442949,1.39350259,0.734800398,-0.267553866,1.35455489,2.02549314,-0.0942896381,-0.0425597429,-0.404258102,1.12229323,1.23817647,1.23787713,1.17954874,0.0701899752,-0.208661944,-0.0282166321,-0.296499252,-0.712489545,0.205195829,0.660672605,0.228483185,-0.498878568,-0.199069589,0
0,-0.32890445,-0.684941351,0.272776544,0.757503033,-0.829918623,-0.407344818,-0.114585042,-0.0596355125,-0.311246723,0.666031718,0.255825579,0.988684118,-0.678304911,-0.517234027,-0.125630632,-0.0399202406,0.688087881,0.733570218,-0.851562738,1.27341807,-1.26353872,-0.551693916,-0.110526666,0,1.15249956,0.795401216,-0.155813694,0.482327133,-1.27510405,-0.631733954,-0.0489115976,0,-0.682535589,-0.120814353,1.09957254,0.280376405,-1.33037388,-0.82575953,0,-0.0533790924,-0.538130045,-0.913705945,1.19685352,0.37243703,0.822801173,-0.565301836,-0.0942896381,-0.0425597429,-0.404258102,-0.643316984,0.663863599,-1.0389353,0.685866356,0.482474059,-0.208661944,-0.0282166321,-0.296499252,-1.10641932,-0.258292317,0.865321517,1.24453282,-0.253634006,-0.199069589,8
0,-0.32890445,1.62048328,0.98909992,0.990595162,1.83132553,3.53837061,-0.114585042,-0.0596355125,0.626971841,1.03395164,-0.745958686,-0.469239712,-0.513545632,0.622903049,-0.125630632,-0.0399202406,1.81209886,0.909879565,0.00394746149,0.140475139,-0.941701174,-0.551693916,-0.110526666,0,2.77223563,1.12007058,1.21262515,0.644826531,1.25138676,-0.361727297,-0.0489115976,0,-0.392982006,-0.751608312,-1.44643283,-1.07383358,1.23867571,0.322765768,0,-0.0533790924,-0.538130045,-1.0675199,-1.1134119,0.0524415746,1.00005245,-0.800828636,-0.0942896381,-0.0425597429,-0.404258102,0.592610121,-0.293324441,1.23787713,-0.466059208,-0.7543782,-0.208661944,-0.0282166321,0.768356621,1.84805405,0.900428057,-0.362572163,-1.12624967,-0.498878568,-0.199069589,5
0,-0.32890445,-0.475357324,0.0340020917,0.0582266748,-0.652502358,-0.407344818,-0.114585042,-0.0596355125,-0.623986244,0.114151776,-0.495512635,-0.677514553,0.969287932,0.0528345145,-0.125630632,-0.0399202406,-0.716925859,0.204642251,-1.02266479,-1.15431678,0.0238113683,0.700073719,-0.110526666,0,-0.143289298,0.795401216,-1.18214285,-1.63016486,-0.432940423,1.25831258,-0.0489115976,0,1.63389289,0.194582611,-1.44643283,-1.75093865,-0.474024057,1.47129107,0,-0.0533790924,0.491442949,0.932060838,-1.1134119,-1.22754025,0.645549893,0.847859085,-0.0942896381,-0.0425597429,-0.404258102,1.29885423,-0.676199675,0.289205283,0.521305561,-0.7543782,-0.208661944,-0.0282166321,-0.296499252,-0.318559766,0.668684006,-0.157923222,-0.956908047,-0.498878568,-0.199069589,0
0,-0.32890445,-0.0561892018,0.272776544,-1.107234,-1.00733483,-0.407344818,-0.114585042,-0.0596355125,-0.623986244,0.298111767,0.00537951011,0.780409276,-1.00782347,-0.517234027,-0.125630632,-0.0399202406,-0.716925859,0.380951583,-1.19376683,0.787871122,-0.298026145,-0.551693916,-0.110526666,0,-0.79118371,-0.503276289,-1.35319769,0.8073259,-0.769805908,-0.631733954,-0.0489115976,0,-0.682535589,-1.22470379,-0.491680831,0.111100167,-1.5016439,-0.82575953,0,-0.0533790924,-0.538130045,-0.298450351,1.04283583,-0.74754703,-1.4814651,-0.800828636,-0.0942896381,-0.0425597429,-0.404258102,0.592610121,1.23817647,-0.279997826,-1.12430239,0.482474059,2.70564985,-0.0282166321,-0.296499252,-0.318559766,-0.95352453,-0.362572163,1.58321595,2.44405627,0.309528947,2
0,-0.32890445,-0.894525409,-0.204772368,0.524410903,0.0571627617,-0.407344818,-0.114585042,-0.0596355125,-0.623986244,-1.17356813,1.00716376,0.780409276,-0.678304911,-0.517234027,-0.125630632,-0.0399202406,-0.716925859,0.380951583,1.5438658,-0.830618858,-1.26353872,-0.551693916,-0.110526666,0,-0.143289298,1.12007058,1.21262515,0.319827735,-0.432940423,-0.631733954,-0.0489115976,0,1.34433937,1.29847205,1.09957254,0.957481444,1.23867571,0.0356344357,0,-0.0533790924,0.491442949,1.23968863,-0.343323469,-1.22754025,1.17730367,2.26101995,-0.0942896381,-0.0425597429,-0.404258102,0.592610121,1.23817647,0.858408391,1.17954874,1.30704224,-0.208661944,-0.0282166321,-0.296499252,-1.10641932,-0.0265482478,0.251374692,0.397824794,-0.253634006,-0.199069589,6
0,-0.32890445,0.362978905,0.750325441,0.990595162,1.12166035,-0.407344818,-0.114585042,-0.0596355125,0.626971841,1.03395164,-0.245066568,0.363859624,0.639769375,-0.517234027,-0.125630632,-0.0399202406,-0.154920369,-0.500595033,-1.02266479,0.949720144,0.506567657,-0.551693916,-0.110526666,0,-0.79118371,-1.47728431,0.699460566,0.969825268,-0.264507711,-0.631733954,-0.0489115976,0,-0.682535589,-1.22470379,0.303945839,0.788205206,1.23867571,0.0356344357,0,-0.0533790924,-0.538130045,-1.0675199,-1.1134119,-1.06754243,1.17730367,1.08338594,-0.0942896381,-0.0425597429,-0.404258102,-0.466755986,1.23817647,0.478939652,1.01498795,0.894758165,-0.208661944,-0.0282166321,-0.296499252,0.272334903,0.900428057,0.865321517,1.07519114,-0.00838943198,-0.199069589,3
0,-0.32890445,-0.684941351,0.98909992,0.0582266748,-1.00733483,-0.407344818,-0.114585042,-0.0596355125,-0.623986244,-0.989608109,1.00716376,1.1969589,-1.17258275,-0.517234027,-0.125630632,-0.0399202406,-0.716925859,-1.38214171,1.5438658,1.27341807,-1.26353872,-0.551693916,-0.110526666,0,-0.79118371,-0.503276289,1.21262515,0.644826531,-1.27510405,-0.631733954,-0.0489115976,0,-0.682535589,0.0368841328,1.09957254,-0.227452338,-1.5016439,-0.82575953,0,-0.0533790924,-0.538130045,0.00917744078,1.35087121,1.01242793,-1.4814651,-0.800828636,-0.0942896381,-0.0425597429,-0.404258102,0.0629270747,1.23817647,0.289205283,-1.45342398,-0.7543782,-0.208661944,-0.0282166321,-0.296499252,-0.712489545,0.668684006,0.251374692,-1.12624967,-0.498878568,-0.199069589,1
0,0.756221235,0.153394848,0.0340020917,0.757503033,-0.120253511,-0.407344818,-0.114585042,-0.0596355125,1.56519043,0.666031718,0.50627166,1.1969589,-0.184027076,-0.517234027,-0.125630632,-0.0399202406,-0.716925859,-1.38214171,1.20166171,0.464173138,-1.26353872,-0.551693916,-0.110526666,0,-0.79118371,0.308397144,1.21262515,-1.30516613,-1.27510405,-0.631733954,-0.0489115976,0,-0.682535589,-0.909306765,0.303945839,0.957481444,0.553595781,-0.82575953,0,-0.0533790924,-0.538130045,-1.0675199,-1.1134119,-0.587549329,1.00005245,0.847859085,-0.0942896381,-0.0425597429,-0.404258102,-0.99643904,-1.05907488,-0.849200904,0.850427151,0.688616097,-0.208661944,-0.0282166321,-0.296499252,0.0753700212,0.900428057,0.456023633,0.228483185,-0.498878568,-0.199069589,3
0,-0.32890445,0.362978905,0.272776544,-1.80651033,-0.829918623,-0.407344818,-0.114585042,-0.0596355125,-0.311246723,0.849991679,0.255825579,0.988684118,0.475010067,-0.517234027,-0.125630632,-0.0399202406,1.25009334,1.08618891,-1.02266479,0.949720144,1.3111614,0.700073719,-0.110526666,0,0.180657908,1.12007058,0.528405726,0.969825268,1.41981947,1.25831258,-0.0489115976,0,-0.682535589,-0.5939098,0.303945839,-0.904557347,1.23867571,1.47129107,0,-0.0533790924,-0.538130045,-1.0675199,-1.1134119,-0.907544732,1.35455489,0.376805425,-0.0942896381,-0.0425597429,-0.404258102,0.769171178,-0.676199675,-0.0902634487,0.850427151,-0.548236191,-0.208661944,-0.0282166321,-0.296499252,0.0753700212,0.205195829,0.865321517,-0.279541612,-0.498878568,-0.199069589,9
0,-0.32890445,1.83006728,0.98909992,0.757503033,-0.475086063,-0.407344818,-0.114585042,-0.0596355125,-0.623986244,-0.805648148,-1.74774301,0.572134435,-0.0192677919,-0.517234027,-0.125630632,-0.0399202406,-0.716925859,-1.73476028,0.175049499,1.43526709,-0.458944917,-0.551693916,-0.110526666,0,-0.79118371,-1.47728431,0.357350856,0.969825268,0.409223169,-0.631733954,-0.0489115976,0,-0.392982006,-0.751608312,-1.44643283,-1.07383358,1.0674057,1.47129107,0,-0.0533790924,1.521016,1.23968863,-1.1134119,-1.22754025,0.113796152,2.73207355,-0.0942896381,-0.0425597429,2.36949968,1.47541523,-0.867637277,-0.659466565,0.850427151,2.13161039,-0.208661944,-0.0282166321,0.768356621,1.06019449,0.900428057,0.865321517,1.24453282,-0.00838943198,-0.199069589,3
0,-0.32890445,0.78214699,0.98909992,0.990595162,0.234579042,-0.407344818,-0.114585042,-0.0596355125,0.00149279006,1.03395164,-0.245066568,-1.30233908,1.13404715,0.0528345145,-0.125630632,-0.0399202406,0.407085121,1.08618891,-0.851562738,-0.830618858,1.3111614,1.32595754,-0.110526666,0,-0.79118371,0.633066535,0.357350856,0.482327133,1.41981947,2.06833267,-0.0489115976,0,-0.682535589,-1.06700528,0.144820511,0.449652672,1.23867571,0.897028387,0,-0.0533790924,-0.538130045,-1.0675199,-1.1134119,-0.74754703,1.35455489,0.847859085,-0.0942896381,-0.0425597429,-0.404258102,-1.3495611,-1.44195008,0.668674052,0.850427151,-0.548236191,-0.208661944,-0.0282166321,-0.296499252,1.06019449,0.668684006,0.660672605,-0.110200025,-0.498878568,-0.199069589,9
0,-0.32890445,-1.10410953,0.511551023,0.757503033,-0.829918623,-0.407344818,-0.114585042,-0.0596355125,-0.623986244,-0.805648148,1.00716376,0.155584782,-1.33734202,-0.517234027,-0.125630632,-0.0399202406,-0.716925859,0.557260871,1.37276375,-0.830618858,-1.26353872,-0.551693916,-0.110526666,0,-0.79118371,1.12007058,0.528405726,-1.63016486,-1.27510405,-0.631733954,-0.0489115976,0,0.186125115,1.29847205,1.09957254,0.957481444,0.211055845,-0.538628221,0,-0.0533790924,0.148251966,1.39350259,0.734800398,-0.587549329,0.468298674,2.02549314,-0.0942896381,-0.0425597429,-0.404258102,0.416049123,0.855301201,-0.659466565,0.850427151,2.33775258,-0.208661944,-0.0282166321,-0.296499252,-0.909454465,0.205195829,0.865321517,1.58321595,1.95356703,-0.199069589,6
0,-0.32890445,1.20131516,0.272776544,0.0582266748,1.12166035,0.503204882,-0.114585042,-0.0596355125,0.939711332,0.666031718,-1.99818909,-1.30233908,-0.184027076,0.0528345145,-0.125630632,-0.0399202406,1.25009334,0.0283329226,-1.02266479,-0.506920815,-1.10261989,-0.551693916,-0.110526666,0,1.80039394,0.957735896,0.870515406,0.319827735,1.25138676,-0.0917206332,-0.0489115976,0,-0.103428438,-0.120814353,-1.44643283,-1.75093865,0.553595781,0.322765768,0,-0.0533790924,-0.538130045,-1.0675199,-1.1134119,-1.06754243,1.35455489,-0.0942482054,-0.0942896381,-0.0425597429,0.150493473,0.0629270747,-1.25051248,0.0994709209,0.521305561,-0.7543782,-0.208661944,-0.0282166321,0.768356621,1.25715935,0.900428057,0.0467257351,-0.787566423,-0.498878568,-0.199069589,5
0,4.01159859,1.41089916,0.272776544,0.291318804,0.0571627617,-0.407344818,-0.114585042,-0.0596355125,1.25245082,0.666031718,-0.996404767,0.572134435,1.29880655,-0.517234027,-0.125630632,-0.0399202406,-0.716925859,-1.73476028,-1.19376683,0.62602216,1.3111614,0.0741898865,-0.110526666,0,-0.79118371,-1.47728431,-1.52425253,0.969825268,1.25138676,-0.631733954,-0.0489115976,0,-0.682535589,-1.22470379,-1.44643283,0.280376405,1.23867571,0.0356344357,0,-0.0533790924,-0.538130045,-1.0675199,-1.1134119,-0.587549329,1.35455489,1.31891274,-0.0942896381,-0.0425597429,-0.404258102,-1.1730001,-1.05907488,0.478939652,1.17954874,0.894758165,-0.208661944,-0.0282166321,1.83321249,1.45412421,0.900428057,0.0467257351,-0.110200025,-0.498878568,-0.199069589,3
0,-0.32890445,-0.475357324,0.750325441,-1.34032607,-1.00733483,-0.407344818,-0.114585042,-0.0596355125,-0.623986244,-0.253768176,0.255825579,-1.9271636,-0.348786354,2.04807425,-0.125630632,-0.0399202406,0.126082376,1.08618891,-0.680460691,-0.183222845,1.15024269,1.01301563,-0.110526666,0,1.47644675,0.957735896,-1.35319769,0.644826531,0.240790457,0.718299329,-0.0489115976,0,2.21300006,0.82537657,-0.0143048232,0.957481444,1.0674057,1.18415976,0,-0.0533790924,1.86420691,1.39350259,1.35087121,0.532434762,-0.772460103,-0.800828636,-0.0942896381,-0.0425597429,-0.404258102,-0.819878042,1.23817647,-0.849200904,-1.45342398,-0.7543782,-0.208661944,-0.0282166321,-0.296499252,-0.318559766,0.900428057,-1.79511487,-1.12624967,-0.498878568,-0.199069589,4
0,-0.32890445,-1.10410953,0.272776544,0.0582266748,-1.00733483,-0.407344818,-0.114585042,-0.0596355125,-0.623986244,-0.805648148,1.00716376,-0.677514553,-1.33734202,-0.517234027,-0.125630632,-0.0399202406,-0.716925859,0.909879565,1.37276375,-0.992467821,-1.10261989,0.700073719,-0.110526666,0,1.15249956,1.12007058,0.186296016,-0.167670414,1.25138676,3.14835906,-0.0489115976,0,1.92344654,1.29847205,1.09957254,0.957481444,1.23867571,0.322765768,0,-0.0533790924,0.148251966,0.162991345,0.734800398,1.33242333,0.113796152,-0.800828636,-0.0942896381,-0.0425597429,-0.404258102,-1.3495611,0.663863599,1.23787713,-1.45342398,-0.7543782,-0.208661944,-0.0282166321,-0.296499252,-1.10641932,0.436939895,0.660672605,-0.956908047,-0.498878568,-0.199069589,4
0,-0.32890445,0.572562933,0.750325441,0.990595162,0.766827881,-0.407344818,-0.114585042,-0.0596355125,-0.623986244,-0.621688128,-0.495512635,-0.0526900552,1.13404715,-0.517234027,-0.125630632,-0.0399202406,-0.716925859,-1.73476028,-1.19376683,-0.0213738531,0.828405142,-0.551693916,-0.110526666,0,-0.79118371,-1.47728431,-0.840033114,0.644826531,0.746088624,-0.361727297,-0.0489115976,0,0.186125115,1.29847205,1.09957254,0.957481444,0.553595781,0.322765768,0,-0.0533790924,-0.194939047,0.470619142,1.35087121,-0.107556142,-1.4814651,-0.800828636,-0.0942896381,-0.0425597429,-0.404258102,0.0629270747,-0.101886839,-1.79787278,-1.45342398,-0.7543782,-0.208661944,-0.0282166321,-0.296499252,1.45412421,-2.57573318,-2.40906167,-1.12624967,-0.498878568,-0.199069589,7
0,-0.32890445,0.362978905,-0.204772368,0.0582266748,1.476493,0.1996883,-0.114585042,-0.0596355125,1.87792993,1.03395164,-0.745958686,-1.30233908,-0.843064249,-0.517234027,-0.125630632,-0.0399202406,2.0931015,0.909879565,-0.338256598,-1.15431678,-1.26353872,-0.551693916,-0.110526666,0,0.180657908,0.470731825,1.21262515,0.644826531,-0.601373136,-0.631733954,-0.0489115976,0,-0.682535589,-1.22470379,-1.12818217,0.449652672,1.23867571,-0.251496881,0,-0.0533790924,-0.538130045,-1.0675199,-1.1134119,-1.22754025,1.17730367,1.31891274,-0.0942896381,-0.0425597429,-0.404258102,-0.99643904,-1.05907488,-0.279997826,1.01498795,1.10090017,-0.208661944,-0.0282166321,-0.296499252,0.863229573,0.900428057,0.251374692,0.228483185,-0.498878568,-0.199069589,5
0,-0.32890445,0.153394848,0.272776544,-0.407957584,-0.297669798,-0.407344818,-0.114585042,-0.0596355125,0.626971841,1.03395164,0.756717741,0.572134435,0.804528654,-0.517234027,-0.125630632,-0.0399202406,0.407085121,1.08618891,1.20166171,1.43526709,1.3111614,-0.238752022,-0.110526666,0,-0.143289298,0.146062478,1.21262515,0.969825268,1.41981947,0.718299329,-0.0489115976,0,-0.682535589,-1.22470379,-1.44643283,-1.24310982,1.23867571,0.609897077,0,-0.0533790924,-0.538130045,-1.0675199,-1.1134119,-1.22754025,1.35455489,1.08338594,-0.0942896381,-0.0425597429,-0.404258102,-1.3495611,-1.44195008,-0.279997826,1.17954874,0.894758165,-0.208661944,-0.0282166321,-0.296499252,0.272334903,0.900428057,0.456023633,0.397824794,-0.253634006,-0.199069589,9
0,-0.32890445,-1.10410953,-1.39864469,0.757503033,0.944244146,0.1996883,-0.114585042,-0.0596355125,-0.623986244,-0.805648148,0.255825579,-1.30233908,0.804528654,0.907937288,-0.125630632,-0.0399202406,-0.716925859,-0.500595033,0.688355625,-1.15431678,0.828405142,0.38713181,-0.110526666,0,-0.79118371,-1.15261495,1.04157031,0.482327133,-0.0960749909,-0.631733954,-0.0489115976,0,0.186125115,0.82537657,0.463071167,0.957481444,-1.15910399,-0.82575953,0,-0.0533790924,2.20739794,1.23968863,-0.959394217,0.212439299,-0.0634551048,-0.800828636,-0.0942896381,-0.0425597429,-0.404258102,-0.113633938,0.855301201,-0.279997826,1.17954874,-0.548236191,-0.208661944,-0.0282166321,-0.296499252,-1.10641932,-1.64875674,0.0467257351,1.58321595,-0.00838943198,-0.199069589,8
0,5.09672403,2.24923539,0.272776544,-2.50578666,-1.00733483,-0.407344818,-0.114585042,-0.0596355125,2.19066954,0.666031718,0.50627166,-1.30233908,-1.33734202,-0.517234027,-0.125630632,-0.0399202406,1.81209886,-0.500595033,0.859457612,-0.506920815,-1.26353872,-0.551693916,-0.110526666,0,-0.79118371,-1.47728431,0.699460566,-0.980167329,-1.27510405,-0.631733954,-0.0489115976,0,-0.682535589,-0.909306765,1.09957254,-1.58166242,-1.5016439,-0.82575953,0,-0.0533790924,-0.538130045,0.00917744078,0.888818085,-1.22754025,-1.4814651,-0.800828636,-0.0942896381,-0.0425597429,0.150493473,1.29885423,1.23817647,1.23787713,1.17954874,1.51318431,-0.208661944,-0.0282166321,5.02778006,2.04501891,0.436939895,-0.362572163,0.228483185,0.972588837,-0.199069589,2
0,-0.32890445,1.41089916,-0.68232125,0.0582266748,-0.829918623,-0.407344818,-0.114585042,-0.0596355125,-0.623986244,0.666031718,1.00716376,1.1969589,-0.0192677919,-0.517234027,-0.125630632,-0.0399202406,0.126082376,1.08618891,0.346151531,-0.668769836,1.15024269,0.0741898865,-0.110526666,0,0.504605114,1.12007058,-1.35319769,-1.63016486,1.41981947,0.718299329,-0.0489115976,0,0.765232265,0.667678058,-1.44643283,-1.75093865,1.23867571,0.609897077,0,-0.0533790924,0.491442949,1.0858748,-0.959394217,-0.587549329,1.35455489,0.141278625,-0.0942896381,-0.0425597429,-0.404258102,1.29885423,0.472425967,0.858408391,0.850427151,-0.7543782,-0.208661944,-0.0282166321,-0.296499252,0.272334903,-0.0265482478,0.0467257351,-0.787566423,-0.498878568,-0.199069589,0
0,-0.32890445,-1.10410953,-0.443546832,0.990595162,0.944244146,-0.103828259,-0.114585042,-0.0596355125,-0.623986244,-1.90940797,0.756717741,1.1969589,1.13404715,0.0528345145,-0.125630632,-0.0399202406,-0.716925859,-1.55845106,1.03055966,1.43526709,0.989323914,-0.551693916,-0.110526666,0,-0.79118371,-1.31494963,1.04157031,0.969825268,0.746088624,-0.631733954,-0.0489115976,0,-0.682535589,-1.22470379,0.781321824,0.957481444,-0.131484106,-0.82575953,0,-0.0533790924,-0.538130045,-1.0675199,0.888818085,1.33242333,-0.595208883,-0.800828636,-0.0942896381,-0.0425597429,-0.404258102,-1.1730001,0.855301201,1.23787713,-1.28886318,-0.7543782,-0.208661944,-0.0282166321,-0.296499252,-1.10641932,-0.95352453,0.660672605,-0.956908047,-0.498878568,-0.199069589,1
0,-0.32890445,1.20131516,0.98909992,0.990595162,0.234579042,-0.407344818,-0.114585042,-0.0596355125,0.00149279006,1.03395164,-0.495512635,0.155584782,1.13404715,-0.517234027,-0.125630632,-0.0399202406,-0.716925859,0.909879565,-0.509358644,-0.506920815,1.3111614,0.38713181,-0.110526666,0,-0.79118371,-0.99028033,-1.01108789,-0.817667961,1.41981947,-0.361727297,-0.0489115976,0,-0.682535589,-1.22470379,-1.44643283,-0.227452338,0.724865794,-0.82575953,0,-0.0533790924,-0.538130045,-1.0675199,-0.959394217,1.33242333,-0.240706354,-0.800828636,-0.0942896381,-0.0425597429,-0.404258102,-0.99643904,0.472425967,1.04814279,-0.466059208,0.0701899752,0.762775302,-0.0282166321,-0.296499252,0.863229573,0.900428057,0.865321517,1.58321595,3.42503452,4.88691568,2
0,-0.32890445,-0.0561892018,0.750325441,-1.107234,-1.00733483,-0.407344818,-0.114585042,-0.0596355125,-0.623986244,0.666031718,1.00716376,1.1969589,-0.513545632,-0.517234027,-0.125630632,-0.0399202406,-0.716925859,0.557260871,1.20166171,1.11156917,1.15024269,-0.551693916,-0.110526666,0,-0.79118371,-0.99028033,0.357350856,0.644826531,1.41981947,0.178286016,-0.0489115976,0,-0.682535589,-1.22470379,-1.44643283,-0.73528111,1.23867571,-0.251496881,0,-0.0533790924,-0.538130045,-1.0675199,-1.1134119,-0.587549329,1.35455489,0.847859085,-0.0942896381,-0.0425597429,-0.404258102,-1.3495611,-1.63338768,0.289205283,1.17954874,0.482474059,-0.208661944,-0.0282166321,-0.296499252,-0.318559766,0.668684006,0.865321517,0.567166388,-0.498878568,-0.199069589,9
0,-0.32890445,-1.10410953,-1.15987015,0.0582266748,-1.00733483,-0.407344818,-0.114585042,-0.0596355125,-0.623986244,-1.35752809,0.50627166,-0.885789394,-1.33734202,-0.517234027,-0.125630632,-0.0399202406,-0.716925859,0.204642251,0.175049499,-1.15431678,-1.26353872,-0.238752022,-0.110526666,0,0.504605114,1.12007058,-1.01108789,-1.46766543,0.409223169,2.06833267,-0.0489115976,0,1.63389289,1.29847205,0.463071167,0.618928909,0.724865794,0.0356344357,0,-0.0533790924,0.148251966,0.778246939,0.426765025,1.33242333,-0.595208883,-0.800828636,-0.0942896381,-0.0425597429,-0.404258102,-1.3495611,-0.676199675,1.23787713,-1.45342398,-0.7543782,-0.208661944,-0.0282166321,-0.296499252,-1.10641932,-1.41701269,0.251374692,-1.12624967,-0.498878568,-0.199069589,4
0,-0.32890445,0.991731048,0.511551023,-0.407957584,-0.829918623,-0.407344818,-0.114585042,-0.0596355125,0.626971841,0.666031718,-1.49729693,0.572134435,-0.184027076,-0.517234027,-0.125630632,-0.0399202406,0.969090581,0.380951583,-1.19376683,-0.0213738531,-0.137107387,-0.551693916,-0.110526666,0,-0.467236519,1.12007058,0.186296016,0.8073259,-1.10667133,-0.631733954,-0.0489115976,0,-0.682535589,-0.436211318,1.09957254,0.788205206,-0.987833977,-0.82575953,0,-0.0533790924,-0.538130045,0.932060838,-0.189305753,-0.267553866,1.17730367,0.376805425,-0.0942896381,-0.0425597429,1.25999665,1.29885423,-1.82482529,-1.0389353,0.521305561,0.688616097,-0.208661944,-0.0282166321,-0.296499252,1.25715935,0.900428057,0.660672605,0.228483185,-0.498878568,-0.199069589,8
0,2.92647266,2.03965139,0.98909992,0.291318804,-0.829918623,-0.407344818,-0.114585042,-0.0596355125,2.50340891,0.482071757,-0.745958686,1.1969589,-0.678304911,-0.517234027,-0.125630632,-0.0399202406,-0.4359231,-1.55845106,-1.19376683,1.43526709,-0.298026145,-0.551693916,-0.110526666,0,-0.79118371,-1.47728431,0.186296016,0.8073259,-1.10667133,-0.631733954,-0.0489115976,0,-0.682535589,0.352281094,1.09957254,-1.24310982,-1.5016439,-0.82575953,0,-0.0533790924,0.491442949,1.39350259,-0.0352880657,-1.22754025,-1.4814651,-0.800828636,-0.0942896381,-0.0425597429,2.36949968,1.47541523,0.663863599,0.478939652,-0.301498413,-0.342094123,-0.208661944,-0.0282166321,1.83321249,1.45412421,0.205195829,0.251374692,1.58321595,3.17978978,-0.199069589,2
0,0.756221235,1.41089916,0.0340020917,0.291318804,0.411995322,-0.103828259,-0.114585042,-0.0596355125,-0.623986244,-0.437728167,-0.745958686,0.988684118,1.29880655,0.0528345145,-0.125630632,-0.0399202406,-0.716925859,-1.73476028,-0.680460691,1.43526709,0.345648885,-0.551693916,-0.110526666,0,-0.79118371,-1.47728431,-0.326868534,0.969825268,-0.264507711,-0.631733954,-0.0489115976,0,-0.682535589,-1.22470379,-0.650806129,0.957481444,0.211055845,-0.82575953,0,-0.0533790924,-0.538130045,-1.0675199,-1.1134119,-0.107556142,1.35455489,0.847859085,-0.0942896381,-0.0425597429,-0.404258102,-0.819878042,-0.293324441,1.04814279,0.685866356,-0.342094123,-0.208661944,-0.0282166321,1.83321249,1.65108919,0.900428057,-0.362572163,-0.956908047,-0.498878568,-0.199069589,3
0,-0.32890445,0.991731048,0.0340020917,-2.73887897,-1.00733483,-0.407344818,-0.114585042,-0.0596355125,-0.623986244,-0.437728167,1.00716376,-1.9271636,-1.33734202,-0.517234027,-0.125630632,-0.0399202406,-0.716925859,-0.147976398,1.5438658,-0.992467821,-1.26353872,-0.551693916,-0.110526666,0,-0.79118371,0.470731825,1.21262515,-0.817667961,-1.27510405,-0.631733954,-0.0489115976,0,-0.682535589,0.82537657,1.09957254,-0.0581760854,-1.5016439,-0.82575953,0,-0.0533790924,-0.538130045,-0.913705945,0.426765025,1.17242563,-1.4814651,-0.800828636,-0.0942896381,-0.0425597429,-0.404258102,-0.113633938,0.472425967,1.23787713,0.521305561,1.71932638,3.67708707,-0.0282166321,-0.296499252,0.272334903,0.900428057,0.865321517,1.58321595,3.42503452,5.39551401,1
0,-0.32890445,-1.10410953,-0.68232125,0.291318804,-0.475086063,-0.407344818,-0.114585042,-0.0596355125,-0.623986244,-0.437728167,0.756717741,0.363859624,1.13404715,0.0528345145,-0.125630632,-0.0399202406,-0.716925859,0.380951583,0.175049499,-1.15431678,1.15024269,0.700073719,-0.110526666,0,0.180657908,0.633066535,-1.52425253,-1.63016486,0.409223169,1.25831258,-0.0489115976,0,1.63389289,0.194582611,-1.44643283,-1.75093865,0.724865794,1.18415976,0,-0.0533790924,0.148251966,1.39350259,-0.497341156,-0.107556142,1.35455489,0.376805425,-0.0942896381,-0.0425597429,-0.404258102,1.12229323,0.855301201,1.23787713,1.01498795,-0.548236191,-0.208661944,-0.0282166321,-0.296499252,-0.909454465,-0.0265482478,0.456023633,-0.448883235,-0.498878568,-0.199069589,0
0,0.756221235,0.572562933,0.0340020917,0.990595162,1.83132553,0.503204882,-0.114585042,-0.0596355125,0.939711332,0.666031718,-0.996404767,-0.0526900552,1.13404715,-0.517234027,-0.125630632,-0.0399202406,-0.716925859,-1.38214171,-0.338256598,1.11156917,0.66748637,0.0741898865,-0.110526666,0,0.180657908,0.957735896,1.21262515,0.8073259,0.746088624,1.52831924,-0.0489115976,0,0.186125115,-0.278512836,0.781321824,-0.566004872,-1.5016439,-0.82575953,0,-0.0533790924,-0.538130045,-0.759892046,1.19685352,-1.06754243,-1.4814651,-0.800828636,-0.0942896381,-0.0425597429,-0.404258102,0.416049123,-0.293324441,-1.79787278,-1.45342398,-0.7543782,-0.208661944,-0.0282166321,-0.296499252,1.65108919,-1.88050091,-2.40906167,-1.12624967,-0.498878568,-0.199069589,7
0,-0.32890445,0.362978905,0.750325441,0.757503033,-0.120253511,-0.407344818,-0.114585042,-0.0596355125,1.25245082,1.03395164,0.00537951011,1.1969589,0.639769375,-0.517234027,-0.125630632,-0.0399202406,-0.4359231,-0.500595033,-1.19376683,1.43526709,0.345648885,-0.551693916,-0.110526666,0,-0.79118371,-1.47728431,0.186296016,0.8073259,-1.27510405,-0.631733954,-0.0489115976,0,-0.682535589,-1.06700528,1.09957254,-0.566004872,-1.5016439,-0.82575953,0,-0.0533790924,-0.538130045,0.470619142,0.888818085,-1.06754243,-0.595208883,-0.565301836,-0.0942896381,-0.0425597429,-0.404258102,0.769171178,0.472425967,0.668674052,1.01498795,-0.13595207,-0.208661944,-0.0282166321,-0.296499252,0.863229573,0.900428057,0.251374692,-0.618224859,-0.498878568,-0.199069589,2
0,-0.32890445,-1.10410953,-1.39864469,0.0582266748,-1.00733483,-0.407344818,-0.114585042,-0.0596355125,-0.623986244,-1.90940797,0.255825579,0.572134435,-1.33734202,-0.517234027,-0.125630632,-0.0399202406,-0.716925859,-0.500595033,1.5438658,-0.830618858,-1.26353872,-0.551693916,-0.110526666,0,-0.79118371,0.146062478,0.528405726,-1.63016486,-0.938238621,-0.631733954,-0.0489115976,0,-0.682535589,0.82537657,0.781321824,0.957481444,0.896135747,-0.82575953,0,-0.0533790924,-0.538130045,0.624433041,1.35087121,1.01242793,0.822801173,0.612332284,-0.0942896381,-0.0425597429,-0.404258102,-0.466755986,0.663863599,-0.0902634487,1.17954874,0.276332021,-0.208661944,-0.0282166321,-0.296499252,-1.10641932,-1.41701269,0.660672605,0.905849576,-0.253634006,-0.199069589,6
0,5.09672403,2.03965139,0.0340020917,0.0582266748,1.12166035,0.806721449,-0.114585042,-0.0596355125,2.50340891,0.666031718,0.00537951011,0.363859624,0.145491496,1.47800589,-0.125630632,-0.0399202406,2.65510702,0.204642251,-1.19376683,-1.15431678,-1.26353872,-0.551693916,-0.110526666,0,0.828552306,0.957735896,0.186296016,-1.63016486,-1.27510405,-0.631733954,-0.0489115976,0,-0.682535589,-0.751608312,1.09957254,-1.24310982,-1.5016439,-0.82575953,0,-0.0533790924,-0.538130045,-1.0675199,1.19685352,-0.587549329,-1.4814651,-0.800828636,-0.0942896381,-0.0425597429,0.150493473,-0.113633938,1.23817647,-1.0389353,-1.45342398,-0.7543782,-0.208661944,-0.0282166321,3.96292424,1.84805405,-0.0265482478,-2.40906167,-1.12624967,-0.498878568,-0.199069589,5
0,-0.32890445,0.153394848,0.272776544,-0.407957584,-0.475086063,-0.407344818,-0.114585042,-0.0596355125,0.939711332,0.849991679,-0.245066568,1.1969589,0.475010067,-0.517234027,-0.125630632,-0.0399202406,-0.154920369,-0.67690438,-1.19376683,1.43526709,0.66748637,-0.551693916,-0.110526666,0,-0.79118371,-1.47728431,-1.52425253,0.969825268,0.746088624,-0.631733954,-0.0489115976,0,-0.682535589,-1.22470379,-0.332555473,0.957481444,-0.474024057,-0.82575953,0,-0.0533790924,-0.538130045,-0.298450351,1.19685352,0.37243703,-1.4814651,-0.800828636,-0.0942896381,-0.0425597429,-0.404258102,0.592610121,1.23817647,-0.279997826,-0.795180798,-0.7543782,-0.208661944,-0.0282166321,-0.296499252,0.469299793,0.436939895,0.251374692,0.905849576,0.482099682,-0.199069589,2
0,-0.32890445,-0.475357324,0.0340020917,-0.641049683,-1.00733483,-0.407344818,-0.114585042,-0.0596355125,-0.623986244,0.298111767,0.00537951011,0.155584782,0.804528654,-0.517234027,-0.125630632,-0.0399202406,-0.154920369,0.909879565,-0.851562738,-1.15431678,0.66748637,1.01301563,-0.110526666,0,0.504605114,-0.178606898,-1.52425253,-1.63016486,-0.264507711,1.52831924,-0.0489115976,0,1.63389289,-0.120814353,-1.44643283,-1.75093865,-0.816564023,1.47129107,0,-0.0533790924,1.86420691,0.00917744078,-1.1134119,-1.22754025,0.113796152,0.847859085,-0.0942896381,-0.0425597429,1.25999665,0.945732176,-1.05907488,-0.469732195,1.17954874,-0.342094123,-0.208661944,-0.0282166321,-0.296499252,0.0753700212,0.900428057,0.660672605,-0.279541612,-0.498878568,-0.199069589,0
0,-0.32890445,1.83006728,0.0340020917,0.0582266748,1.29907668,0.503204882,-0.114585042,-0.0596355125,-0.623986244,1.03395164,-0.996404767,-0.469239712,-0.348786354,-0.232199743,-0.125630632,-0.0399202406,-0.716925859,0.733570218,0.00394746149,-0.345071852,-1.26353872,-0.551693916,-0.110526666,0,-0.79118371,0.957735896,1.04157031,0.969825268,-0.938238621,-0.631733954,-0.0489115976,0,-0.682535589,0.82537657,-0.969056785,-0.73528111,-0.131484106,-0.82575953,0,-0.0533790924,-0.538130045,-1.0675199,-1.1134119,-0.74754703,0.822801173,-0.800828636,-0.0942896381,-0.0425597429,-0.404258102,-0.466755986,-1.05907488,-0.279997826,0.521305561,-0.548236191,-0.208661944,-0.0282166321,0.768356621,1.84805405,0.668684006,-0.157923222,-0.618224859,-0.498878568,-0.199069589,5
0,-0.32890445,-0.0561892018,0.272776544,-2.27269459,-1.00733483,-0.407344818,-0.114585042,-0.0596355125,-0.623986244,-1.17356813,1.00716376,-0.677514553,-1.33734202,-0.517234027,-0.125630632,-0.0399202406,-0.716925859,-1.02952302,1.5438658,-0.506920815,-1.26353872,-0.551693916,-0.110526666,0,-0.79118371,-0.82794565,1.21262515,-0.655168533,-1.27510405,-0.631733954,-0.0489115976,0,-0.682535589,0.194582611,1.09957254,-0.0581760854,-1.5016439,-0.82575953,0,-0.0533790924,-0.538130045,-0.759892046,0.580782712,1.17242563,-1.30421388,-0.800828636,-0.0942896381,-0.0425597429,-0.404258102,0.416049123,0.663863599,1.23787713,1.01498795,2.54389453,8.53427315,-0.0282166321,-0.296499252,-0.515524685,-0.0265482478,0.865321517,1.58321595,2.19881153,0.818127453,1
0,-0.32890445,-0.265773267,0.0340020917,0.291318804,-0.829918623,-0.407344818,-0.114585042,-0.0596355125,-0.623986244,-1.17356813,1.00716376,1.1969589,-0.513545632,-0.517234027,-0.125630632,-0.0399202406,-0.716925859,-0.147976398,1.5438658,0.464173138,-1.26353872,-0.551693916,-0.110526666,0,1.80039394,1.12007058,1.21262515,0.157328367,-0.601373136,-0.631733954,-0.0489115976,0,-0.682535589,-0.5939098,-0.17343016,0.957481444,1.23867571,1.18415976,0,-0.0533790924,-0.538130045,-1.0675199,-1.1134119,-0.907544732,1.00005245,2.49654675,-0.0942896381,-0.0425597429,-0.404258102,-1.3495611,-1.05907488,1.04814279,1.17954874,1.51318431,-0.208661944,-0.0282166321,-0.296499252,-0.121594876,0.900428057,0.456023633,0.228483185,-0.498878568,-0.199069589,3
0,-0.32890445,0.153394848,0.511551023,-1.107234,0.0571627617,-0.407344818,-0.114585042,-0.0596355125,-0.311246723,0.666031718,-1.49729693,0.572134435,1.29880655,-0.232199743,-0.125630632,-0.0399202406,0.688087881,0.380951583,-1.19376683,0.302324146,1.3111614,0.38713181,-0.110526666,0,-0.467236519,0.957735896,0.870515406,0.482327133,0.577655911,1.52831924,-0.0489115976,0,-0.682535589,-1.22470379,-1.44643283,-1.75093865,-0.131484106,1.47129107,0,-0.0533790924,-0.538130045,-1.0675199,-1.1134119,-1.22754025,-0.240706354,1.08338594,-0.0942896381,-0.0425597429,0.150493473,1.12229323,-1.44195008,-1.60813844,0.521305561,-0.548236191,-0.208661944,-0.0282166321,-0.296499252,-0.318559766,0.205195829,0.660672605,-0.279541612,-0.498878568,-0.199069589,9
0,0.756221235,0.362978905,0.511551023,-0.407957584,-1.00733483,-0.407344818,-0.114585042,-0.0596355125,2.50340891,0.298111767,-1.74774301,-0.2609649,-0.184027076,-0.517234027,-0.125630632,-0.0399202406,2.0931015,-0.67690438,-1.19376683,-0.183222845,1.15024269,-0.551693916,-0.110526666,0,0.828552306,0.308397144,0.357350856,0.644826531,1.25138676,-0.361727297,-0.0489115976,0,-0.682535589,-0.909306765,-0.332555473,-1.58166242,0.211055845,0.609897077,0,-0.0533790924,-0.538130045,-1.0675199,-1.1134119,-1.22754025,0.113796152,0.376805425,-0.0942896381,-0.0425597429,-0.404258102,-0.466755986,-1.25051248,-1.79787278,0.685866356,0.276332021,-0.208661944,-0.0282166321,-0.296499252,-0.318559766,0.436939895,0.456023633,0.905849576,-0.00838943198,-0.199069589,9
0,-0.32890445,1.20131516,-0.921095729,0.0582266748,-0.120253511,-0.407344818,-0.114585042,-0.0596355125,-0.311246723,0.849991679,-0.245066568,-0.885789394,0.969287932,0.0528345145,-0.125630632,-0.0399202406,0.407085121,0.204642251,-1.19376683,-1.15431678,0.184730127,0.700073719,-0.110526666,0,0.504605114,-0.178606898,-1.52425253,-1.63016486,0.0723577365,0.988305986,-0.0489115976,0,1.05478585,-0.120814353,-1.44643283,-1.75093865,0.382325828,0.0356344357,0,-0.0533790924,1.17782497,0.162991345,-1.1134119,-0.427551597,0.822801173,-0.800828636,-0.0942896381,-0.0425597429,1.25999665,0.945732176,-0.867637277,1.04814279,-0.959741592,-0.7543782,-0.208661944,-0.0282166321,-0.296499252,0.666264713,0.436939895,-1.5904659,-1.12624967,-0.498878568,-0.199069589,0
0,-0.32890445,-0.475357324,0.750325441,-1.80651033,-1.00733483,-0.407344818,-0.114585042,-0.0596355125,-0.623986244,0.298111767,1.00716376,-1.71888876,-1.33734202,-0.517234027,-0.125630632,-0.0399202406,-0.4359231,1.08618891,0.00394746149,-0.992467821,-1.26353872,-0.551693916,-0.110526666,0,0.180657908,1.12007058,-1.35319769,-0.655168533,-1.10667133,-0.631733954,-0.0489115976,0,0.186125115,1.14077353,-0.17343016,0.280376405,0.724865794,0.0356344357,0,-0.0533790924,0.148251966,1.39350259,-0.80537653,-1.22754025,-0.240706354,2.02549314,-0.0942896381,-0.0425597429,-0.404258102,0.945732176,-0.101886839,-1.0389353,0.0276231728,2.33775258,-0.208661944,-0.0282166321,-0.296499252,-0.515524685,0.205195829,0.865321517,1.41387439,0.727344275,-0.199069589,6
0,-0.32890445,-0.475357324,0.272776544,0.990595162,0.944244146,-0.407344818,-0.114585042,-0.0596355125,-0.623986244,0.666031718,0.00537951011,0.780409276,1.29880655,-0.232199743,-0.125630632,-0.0399202406,-0.716925859,-0.67690438,-1.19376683,-0.0213738531,1.15024269,-0.551693916,-0.110526666,0,-0.79118371,-1.47728431,-1.52425253,0.319827735,0.577655911,-0.631733954,-0.0489115976,0,-0.682535589,0.0368841328,0.622196496,0.957481444,0.896135747,0.322765768,0,-0.0533790924,1.17782497,1.39350259,1.35087121,1.01242793,0.645549893,0.141278625,-0.0942896381,-0.0425597429,-0.404258102,-0.819878042,1.23817647,-1.22866964,-1.45342398,-0.7543782,-0.208661944,-0.0282166321,-0.296499252,0.469299793,0.205195829,-2.40906167,-1.12624967,-0.498878568,-0.199069589,7
0,-0.32890445,-0.0561892018,0.98909992,-2.50578666,-1.00733483,-0.407344818,-0.114585042,-0.0596355125,-0.623986244,0.298111767,0.00537951011,-2.13543844,-1.33734202,-0.517234027,-0.125630632,-0.0399202406,-0.154920369,0.909879565,0.175049499,-1.15431678,-0.298026145,1.01301563,-0.110526666,0,2.12434125,1.12007058,-0.497923404,0.319827735,1.41981947,1.7983259,-0.0489115976,0,1.34433937,1.29847205,1.09957254,0.957481444,1.0674057,-0.538628221,0,-0.0533790924,-0.538130045,-0.606078148,0.426765025,1.33242333,-0.417957604,-0.800828636,-0.0942896381,-0.0425597429,-0.404258102,-1.1730001,0.855301201,0.0994709209,-1.45342398,-0.7543782,-0.208661944,-0.0282166321,-0.296499252,-0.121594876,0.900428057,-1.99976373,-1.12624967,-0.498878568,-0.199069589,4
0,-0.32890445,-0.684941351,0.0340020917,0.524410903,0.411995322,-0.407344818,-0.114585042,-0.0596355125,-0.623986244,0.482071757,0.255825579,0.988684118,0.639769375,-0.517234027,-0.125630632,-0.0399202406,0.688087881,0.909879565,-0.851562738,0.464173138,-0.298026145,-0.551693916,-0.110526666,0,-0.143289298,0.795401216,0.699460566,0.644826531,-1.10667133,-0.631733954,-0.0489115976,0,-0.682535589,-1.22470379,0.303945839,0.788205206,0.724865794,-0.538628221,0,-0.0533790924,-0.538130045,-0.913705945,1.19685352,-0.74754703,1.00005245,0.847859085,-0.0942896381,-0.0425597429,-0.404258102,-0.290194958,0.663863599,-1.60813844,1.17954874,0.0701899752,-0.208661944,-0.0282166321,-0.296499252,-0.909454465,-0.0265482478,0.865321517,0.736508012,-0.498878568,-0.199069589,8
0,-0.32890445,-1.10410953,0.511551023,0.0582266748,-0.652502358,-0.407344818,-0.114585042,-0.0596355125,-0.623986244,-1.90940797,-1.49729693,-0.469239712,0.969287932,-0.232199743,-0.125630632,-0.0399202406,-0.716925859,-0.147976398,0.688355625,-1.15431678,0.828405142,1.01301563,-0.110526666,0,-0.143289298,1.12007058,-0.155813694,-1.63016486,0.0723577365,1.52831924,-0.0489115976,0,0.765232265,0.82537657,-1.44643283,-1.75093865,-0.131484106,1.18415976,0,-0.0533790924,1.521016,0.932060838,-1.1134119,-1.22754025,0.468298674,0.141278625,-0.0942896381,-0.0425597429,-0.404258102,0.769171178,0.0895507634,-0.659466565,0.850427151,-0.7543782,-0.208661944,-0.0282166321,-0.296499252,-0.909454465,-0.258292317,0.456023633,0.0591415763,-0.498878568,-0.199069589,0
0,-0.32890445,1.62048328,0.98909992,0.990595162,1.65390921,0.1996883,-0.114585042,-0.0596355125,-0.623986244,0.666031718,0.255825579,0.155584782,1.29880655,0.0528345145,-0.125630632,-0.0399202406,-0.716925859,0.204642251,1.03055966,1.27341807,-0.298026145,-0.551693916,-0.110526666,0,-0.79118371,-0.665610969,1.21262515,-0.00517102238,-1.27510405,-0.631733954,-0.0489115976,0,-0.682535589,0.352281094,0.781321824,0.788205206,-1.5016439,-0.82575953,0,-0.0533790924,-0.194939047,1.0858748,-0.651358843,1.17242563,-0.240706354,-0.800828636,-0.0942896381,-0.0425597429,2.92425132,0.592610121,-1.82482529,1.04814279,-0.466059208,-0.7543782,-0.208661944,-0.0282166321,0.768356621,1.45412421,0.900428057,0.660672605,-0.618224859,-0.498878568,-0.199069589,8
0,-0.32890445,0.991731048,0.750325441,-1.107234,-1.00733483,-0.407344818,-0.114585042,-0.0596355125,0.626971841,1.03395164,0.255825579,0.155584782,0.475010067,-0.517234027,-0.125630632,-0.0399202406,2.0931015,1.08618891,0.859457612,1.27341807,1.3111614,0.700073719,-0.110526666,0,0.180657908,0.470731825,0.528405726,0.644826531,1.41981947,0.448292673,-0.0489115976,0,-0.682535589,-1.22470379,-1.44643283,-0.0581760854,1.23867571,0.322765768,0,-0.0533790924,-0.538130045,-1.0675199,-1.1134119,0.212439299,1.35455489,0.141278625,-0.0942896381,-0.0425597429,-0.404258102,-0.643316984,-1.05907488,1.04814279,1.01498795,-0.7543782,-0.208661944,-0.0282166321,0.768356621,1.25715935,0.668684006,0.0467257351,-0.618224859,-0.498878568,-0.199069589,9
0,-0.32890445,1.41089916,0.98909992,0.524410903,-0.297669798,-0.407344818,-0.114585042,-0.0596355125,-0.623986244,-0.437728167,0.50627166,1.1969589,0.310250789,-0.517234027,-0.125630632,-0.0399202406,-0.716925859,-1.73476028,-1.19376683,1.11156917,0.828405142,-0.551693916,-0.110526666,0,-0.79118371,-1.47728431,-1.52425253,0.482327133,0.409223169,-0.631733954,-0.0489115976,0,-0.103428438,1.14077353,1.09957254,0.957481444,0.724865794,0.0356344357,0,-0.0533790924,-0.194939047,0.162991345,0.734800398,1.17242563,0.645549893,0.141278625,-0.0942896381,-0.0425597429,-0.404258102,-0.99643904,1.04673874,-0.279997826,-1.45342398,-0.7543782,-0.208661944,-0.0282166321,-0.296499252,1.25715935,0.205195829,-2.40906167,-1.12624967,-0.498878568,-0.199069589,7
0,-0.32890445,-0.475357324,0.0340020917,-0.874141812,-0.829918623,-0.407344818,-0.114585042,-0.0596355125,-0.623986244,0.666031718,1.00716376,1.1969589,1.13404715,-0.232199743,-0.125630632,-0.0399202406,0.126082376,0.909879565,-0.851562738,-0.992467821,0.66748637,0.700073719,-0.110526666,0,1.15249956,-0.0162722114,-1.52425253,-1.63016486,-0.0960749909,1.52831924,-0.0489115976,0,1.34433937,0.0368841328,-1.44643283,-1.75093865,-0.645294011,1.47129107,0,-0.0533790924,0.834633946,0.778246939,-1.1134119,-1.22754025,0.113796152,0.612332284,-0.0942896381,-0.0425597429,-0.404258102,1.29885423,0.280988365,-0.0902634487,1.17954874,-0.342094123,-0.208661944,-0.0282166321,-0.296499252,-0.515524685,-0.258292317,0.660672605,0.0591415763,-0.498878568,-0.199069589,0
0,-0.32890445,-0.684941351,-0.68232125,0.524410903,1.83132553,4.14540386,-0.114585042,-0.0596355125,0.31423232,1.03395164,0.255825579,-0.469239712,0.310250789,4.04331398,-0.125630632,-0.0399202406,-0.4359231,-1.38214171,-1.19376683,-1.15431678,0.506567657,2.26478338,-0.110526666,0,-0.79118371,-0.99028033,0.357350856,0.319827735,1.41981947,2.33833909,-0.0489115976,0,-0.682535589,0.667678058,0.781321824,0.957481444,0.553595781,-0.251496881,0,-0.0533790924,-0.538130045,-1.0675199,-0.651358843,1.33242333,-0.949711382,-0.800828636,-0.0942896381,-0.0425597429,-0.404258102,-1.3495611,-0.484762043,0.0994709209,-1.45342398,-0.7543782,-0.208661944,-0.0282166321,-0.296499252,-1.10641932,0.436939895,-1.38581693,-1.12624967,-0.498878568,-0.199069589,7
0,-0.32890445,-0.265773267,-0.443546832,0.757503033,1.83132553,0.806721449,-0.114585042,-0.0596355125,-0.623986244,0.482071757,0.50627166,-0.2609649,1.29880655,0.33786878,-0.125630632,-0.0399202406,-0.716925859,-1.38214171,-1.02266479,-0.345071852,1.15024269,-0.551693916,-0.110526666,0,-0.79118371,-0.99028033,-0.840033114,0.482327133,1.08295405,-0.0917206332,-0.0489115976,0,0.765232265,1.29847205,1.09957254,0.957481444,1.23867571,1.47129107,0,-0.0533790924,0.834633946,0.316805243,0.734800398,1.01242793,-1.30421388,-0.800828636,-0.0942896381,-0.0425597429,-0.404258102,-0.466755986,1.04673874,0.0994709209,-1.45342398,-0.7543782,-0.208661944,-0.0282166321,-0.296499252,0.0753700212,0.900428057,-1.5904659,-1.12624967,-0.498878568,-0.199069589,7
0,-0.32890445,-0.265773267,0.98909992,-0.874141812,0.944244146,1.71727109,-0.114585042,-0.0596355125,-0.623986244,-0.0698082,1.00716376,0.988684118,1.29880655,1.19297159,-0.125630632,-0.0399202406,0.126082376,1.08618891,-0.509358644,-0.183222845,1.15024269,-0.551693916,-0.110526666,0,0.180657908,-0.178606898,-1.52425253,0.482327133,0.0723577365,-0.631733954,-0.0489115976,0,-0.682535589,-0.278512836,1.09957254,0.957481444,0.724865794,0.897028387,0,-0.0533790924,-0.538130045,-0.606078148,1.04283583,0.852430165,0.113796152,-0.0942482054,-0.0942896381,-0.0425597429,-0.404258102,-1.3495611,0.855301201,-0.659466565,-1.45342398,-0.7543782,-0.208661944,-0.0282166321,-0.296499252,-0.318559766,0.668684006,-1.99976373,-1.12624967,-0.498878568,-0.199069589,7
0,-0.32890445,-1.10410953,-2.35374236,-0.641049683,1.29907668,1.41375458,-0.114585042,-0.0596355125,-0.623986244,0.114151776,0.756717741,-0.469239712,0.145491496,2.33310866,-0.125630632,-0.0399202406,0.126082376,1.08618891,0.517253578,-0.506920815,0.828405142,1.01301563,-0.110526666,0,-0.467236519,0.957735896,1.21262515,0.8073259,1.25138676,1.25831258,-0.0489115976,0,-0.682535589,-1.22470379,-1.44643283,-1.58166242,0.896135747,-0.538628221,0,-0.0533790924,-0.538130045,-1.0675199,-1.1134119,0.532434762,-0.417957604,-0.800828636,-0.0942896381,-0.0425597429,-0.404258102,-1.3495611,-1.63338768,0.668674052,-1.45342398,-0.7543782,-0.208661944,-0.0282166321,-0.296499252,-1.10641932,-1.64875674,-1.5904659,-1.12624967,-0.498878568,-0.199069589,9
0,-0.32890445,-0.265773267,0.750325441,0.990595162,1.83132553,1.11023796,-0.114585042,-0.0596355125,-0.623986244,-0.805648148,-0.745958686,0.155584782,1.29880655,2.61814284,-0.125630632,-0.0399202406,-0.716925859,-1.73476028,-1.19376683,-0.668769836,1.3111614,1.01301563,-0.110526666,0,-0.79118371,-1.47728431,-1.01108789,0.644826531,1.41981947,2.06833267,-0.0489115976,0,-0.682535589,-0.120814353,1.09957254,0.957481444,0.382325828,0.0356344357,0,-0.0533790924,-0.538130045,0.162991345,1.19685352,0.852430165,-1.4814651,-0.800828636,-0.0942896381,-0.0425597429,-0.404258102,-0.466755986,1.23817647,-0.469732195,-1.45342398,-0.7543782,-0.208661944,-0.0282166321,-0.296499252,0.272334903,0.436939895,-1.99976373,-1.12624967,-0.498878568,-0.199069589,7
0,-0.32890445,-1.10410953,-0.68232125,0.524410903,-0.652502358,-0.407344818,-0.114585042,-0.0596355125,-0.623986244,-1.54148805,1.00716376,0.363859624,-1.33734202,-0.517234027,-0.125630632,-0.0399202406,-0.716925859,0.0283329226,1.5438658,-0.0213738531,-1.26353872,-0.551693916,-0.110526666,0,-0.79118371,1.12007058,1.21262515,0.969825268,0.0723577365,-0.631733954,-0.0489115976,0,0.475678682,1.29847205,0.781321824,-0.396728605,1.0674057,0.0356344357,0,-0.0533790924,-0.194939047,1.23968863,-0.189305753,-1.22754025,0.468298674,1.78996634,-0.0942896381,-0.0425597429,-0.404258102,0.416049123,1.04673874,-0.469732195,0.521305561,2.54389453,-0.208661944,-0.0282166321,-0.296499252,-0.909454465,-0.721780479,0.660672605,1.41387439,1.95356703,-0.199069589,6
0,-0.32890445,-0.265773267,0.272776544,0.0582266748,-0.829918623,-0.407344818,-0.114585042,-0.0596355125,0.00149279006,0.849991679,0.50627166,1.1969589,0.804528654,-0.517234027,-0.125630632,-0.0399202406,0.969090581,1.08618891,-0.509358644,-0.183222845,1.3111614,1.01301563,-0.110526666,0,1.80039394,0.957735896,-1.35319769,-1.63016486,0.746088624,1.52831924,-0.0489115976,0,1.63389289,0.667678058,-1.44643283,-1.75093865,0.553595781,1.47129107,0,-0.0533790924,1.17782497,0.932060838,-1.1134119,-1.06754243,0.822801173,1.08338594,-0.0942896381,-0.0425597429,0.150493473,1.29885423,0.0895507634,0.478939652,1.17954874,-0.13595207,-0.208661944,-0.0282166321,-0.296499252,0.0753700212,0.900428057,0.251374692,-0.448883235,-0.498878568,-0.199069589,0
0,-0.32890445,-1.10410953,-1.6374191,0.757503033,1.29907668,-0.103828259,-0.114585042,-0.0596355125,-0.623986244,-1.54148805,0.50627166,1.1969589,0.969287932,-0.517234027,-0.125630632,-0.0399202406,-0.4359231,0.557260871,1.5438658,1.43526709,0.66748637,-0.551693916,-0.110526666,0,2.12434125,1.12007058,0.870515406,0.969825268,-0.264507711,-0.631733954,-0.0489115976,0,0.186125115,-0.436211318,-0.491680831,0.957481444,-0.816564023,-0.82575953,0,-0.0533790924,-0.538130045,-1.0675199,0.118729629,1.33242333,-1.12696266,-0.800828636,-0.0942896381,-0.0425597429,-0.404258102,-1.3495611,-0.101886839,1.23787713,-0.959741592,-0.7543782,-0.208661944,-0.0282166321,-0.296499252,-1.10641932,-1.88050091,0.660672605,1.07519114,-0.253634006,-0.199069589,1
0,4.01159859,2.03965139,-0.204772368,-2.50578666,-1.00733483,-0.407344818,-0.114585042,-0.0596355125,1.87792993,1.03395164,1.00716376,-1.30233908,-1.33734202,-0.517234027,-0.125630632,-0.0399202406,-0.154920369,-0.67690438,1.03055966,0.140475139,-1.26353872,-0.551693916,-0.110526666,0,-0.79118371,-1.47728431,-0.155813694,-0.817667961,-1.27510405,-0.631733954,-0.0489115976,0,-0.682535589,-1.22470379,0.303945839,-1.07383358,-1.5016439,-0.82575953,0,-0.0533790924,-0.538130045,-0.298450351,1.35087121,-1.22754025,-1.4814651,-0.800828636,-0.0942896381,-0.0425597429,0.705245078,0.945732176,1.23817647,0.668674052,0.521305561,0.482474059,-0.208661944,-0.0282166321,5.02778006,2.04501891,0.668684006,0.865321517,0.905849576,0.236855134,-0.199069589,2
0,0.756221235,0.572562933,0.98909992,0.990595162,1.83132553,2.62782073,-0.114585042,-0.0596355125,1.87792993,1.03395164,0.50627166,-0.469239712,-0.513545632,-0.232199743,-0.125630632,-0.0399202406,1.81209886,1.08618891,-0.851562738,-1.15431678,-1.26353872,-0.551693916,-0.110526666,0,-0.143289298,1.12007058,1.04157031,-1.30516613,-1.27510405,-0.631733954,-0.0489115976,0,-0.682535589,-0.751608312,0.940447152,-1.07383358,-1.5016439,-0.82575953,0,-0.0533790924,-0.194939047,-0.606078148,0.734800398,-0.587549329,-1.4814651,-0.800828636,-0.0942896381,-0.0425597429,2.36949968,1.12229323,1.04673874,-1.0389353,-1.45342398,-0.7543782,-0.208661944,-0.0282166321,0.768356621,1.45412421,-0.0265482478,-2.40906167,-1.12624967,-0.498878568,-0.199069589,5
0,-0.32890445,-0.894525409,-0.443546832,-1.107234,-1.00733483,-0.407344818,-0.114585042,-0.0596355125,-0.623986244,-0.805648148,0.255825579,-2.13543844,-1.33734202,-0.517234027,-0.125630632,-0.0399202406,-0.716925859,0.557260871,-0.338256598,-1.15431678,-1.26353872,-0.551693916,-0.110526666,0,-0.143289298,1.12007058,-1.35319769,-0.817667961,-0.938238621,-0.631733954,-0.0489115976,0,0.186125115,1.29847205,0.940447152,0.111100167,0.0397858657,0.609897077,0,-0.0533790924,0.148251966,1.39350259,-0.189305753,-1.22754025,-1.12696266,2.49654675,-0.0942896381,-0.0425597429,-0.404258102,0.416049123,0.0895507634,-1.60813844,-0.630620003,2.33775258,-0.208661944,-0.0282166321,-0.296499252,-0.909454465,-0.0265482478,0.660672605,1.24453282,0.972588837,-0.199069589,6
0,-0.32890445,-1.10410953,-2.83129144,-2.03960252,1.65390921,1.41375458,-0.114585042,-0.0596355125,-0.623986244,-1.90940797,-2.9999733,0.155584782,1.29880655,1.47800589,-0.125630632,-0.0399202406,-0.716925859,-1.73476028,0.346151531,1.43526709,1.3111614,0.700073719,-0.110526666,0,-0.79118371,0.146062478,1.21262515,0.969825268,1.41981947,0.448292673,-0.0489115976,0,0.475678682,1.29847205,-0.332555473,-0.396728605,1.23867571,0.322765768,0,-0.0533790924,-0.194939047,-0.452264249,-1.1134119,0.37243703,1.35455489,-0.329775035,-0.0942896381,-0.0425597429,-0.404258102,-1.3495611,-1.82482529,-0.469732195,1.17954874,-0.548236191,-0.208661944,-0.0282166321,-0.296499252,-1.10641932,-2.80747724,-1.79511487,1.58321595,-0.253634006,-0.199069589,1
0,6.18184996,1.62048328,-1.6374191,-0.874141812,0.411995322,-0.103828259,-0.114585042,-0.0596355125,1.87792993,1.03395164,1.00716376,1.1969589,1.29880655,1.19297159,-0.125630632,-0.0399202406,0.969090581,1.08618891,0.346151531,-0.183222845,-0.619863689,-0.551693916,-0.110526666,0,1.15249956,1.12007058,1.21262515,0.8073259,-0.432940423,-0.631733954,-0.0489115976,0,-0.682535589,-0.5939098,-0.650806129,0.788205206,0.553595781,-0.82575953,0,-0.0533790924,-0.538130045,-1.0675199,-0.651358843,1.33242333,0.113796152,-0.800828636,-0.0942896381,-0.0425597429,0.150493473,0.0629270747,0.663863599,1.04814279,-0.959741592,-0.7543782,-0.208661944,-0.0282166321,3.96292424,2.04501891,0.668684006,-1.79511487,-1.12624967,-0.498878568,-0.199069589,5
0,-0.32890445,-1.10410953,-2.83129144,-1.57341826,1.65390921,1.41375458,-0.114585042,-0.0596355125,-0.623986244,-1.90940797,-1.99818909,0.988684118,1.29880655,0.622903049,-0.125630632,-0.0399202406,0.126082376,0.204642251,1.5438658,0.464173138,1.3111614,0.700073719,-0.110526666,0,0.504605114,0.308397144,-1.01108789,-1.63016486,1.41981947,0.448292673,-0.0489115976,0,-0.682535589,-1.22470379,-1.44643283,-1.58166242,1.23867571,0.322765768,0,-0.0533790924,-0.538130045,-1.0675199,-1.1134119,-0.74754703,1.35455489,-0.0942482054,-0.0942896381,-0.0425597429,-0.404258102,-1.3495611,-1.82482529,-0.849200904,1.17954874,0.0701899752,-0.208661944,-0.0282166321,-0.296499252,-1.10641932,-2.80747724,-1.18116796,1.41387439,0.482099682,-0.199069589,1
0,-0.32890445,0.153394848,0.98909992,0.291318804,1.12166035,3.841887,0.826809704,-0.0596355125,-0.623986244,0.666031718,-1.99818909,-1.30233908,1.13404715,0.622903049,-0.125630632,-0.0399202406,-0.4359231,-0.500595033,-1.19376683,0.464173138,-0.137107387,-0.551693916,-0.110526666,0,-0.79118371,-1.47728431,-1.18214285,0.482327133,-1.10667133,-0.631733954,-0.0489115976,0,-0.103428438,0.194582611,0.781321824,0.957481444,0.553595781,-0.82575953,0,-0.0533790924,0.834633946,-0.144636467,1.19685352,-0.907544732,-0.772460103,-0.565301836,-0.0942896381,-0.0425597429,-0.404258102,-0.290194958,-0.484762043,-1.79787278,-1.45342398,-0.7543782,-0.208661944,-0.0282166321,-0.296499252,0.863229573,-1.88050091,-2.40906167,-1.12624967,-0.498878568,-0.199069589,7
0,-0.32890445,-0.894525409,0.511551023,-1.34032607,-1.00733483,-0.407344818,-0.114585042,-0.0596355125,-0.623986244,-0.621688128,0.756717741,-1.9271636,-1.33734202,-0.517234027,-0.125630632,-0.0399202406,-0.716925859,0.557260871,0.00394746149,-1.15431678,-1.26353872,-0.551693916,-0.110526666,0,-0.79118371,0.633066535,-0.668978274,-1.63016486,-1.27510405,-0.631733954,-0.0489115976,0,-0.682535589,0.983075023,-0.332555473,-0.904557347,-0.816564023,-0.538628221,0,-0.0533790924,-0.538130045,0.470619142,1.35087121,0.852430165,1.00005245,2.49654675,-0.0942896381,-0.0425597429,-0.404258102,0.239488095,0.855301201,-1.60813844,-0.795180798,2.54389453,2.70564985,-0.0282166321,-0.296499252,-0.909454465,-0.0265482478,0.251374692,1.58321595,1.70832253,0.309528947,6
0,-0.32890445,0.153394848,0.98909992,0.757503033,-0.120253511,-0.407344818,-0.114585042,-0.0596355125,-0.311246723,1.03395164,0.50627166,-0.469239712,1.13404715,-0.232199743,-0.125630632,-0.0399202406,1.81209886,0.557260871,-1.02266479,-1.15431678,0.66748637,1.32595754,-0.110526666,0,0.828552306,-0.0162722114,-1.52425253,-1.63016486,0.240790457,2.06833267,-0.0489115976,0,1.05478585,0.194582611,-1.44643283,-1.75093865,0.0397858657,2.33268499,0,-0.0533790924,1.86420691,1.39350259,-0.959394217,-1.22754025,0.468298674,1.78996634,-0.0942896381,-0.0425597429,1.25999665,1.47541523,0.280988365,0.668674052,1.17954874,0.894758165,-0.208661944,-0.0282166321,-0.296499252,0.469299793,0.900428057,0.865321517,0.905849576,-0.253634006,-0.199069589,0
0,-0.32890445,-0.0561892018,0.0340020917,-2.50578666,-1.00733483,-0.407344818,-0.114585042,-0.0596355125,-0.623986244,0.849991679,0.50627166,-0.677514553,-1.33734202,-0.517234027,-0.125630632,-0.0399202406,-0.716925859,0.557260871,-1.02266479,0.787871122,-1.26353872,-0.551693916,-0.110526666,0,-0.143289298,0.146062478,-1.52425253,0.644826531,-1.27510405,-0.631733954,-0.0489115976,0,-0.682535589,-0.909306765,-1.44643283,0.957481444,-1.33037388,-0.82575953,0,-0.0533790924,-0.538130045,-1.0675199,-0.189305753,1.17242563,-1.4814651,-0.800828636,-0.0942896381,-0.0425597429,-0.404258102,0.239488095,1.23817647,1.04814279,0.0276231728,0.894758165,1.73421252,-0.0282166321,-0.296499252,-0.515524685,-0.258292317,-0.771870077,1.07519114,2.44405627,1.83532453,2
0,-0.32890445,0.991731048,0.98909992,0.524410903,-0.652502358,-0.407344818,-0.114585042,-0.0596355125,0.31423232,1.03395164,-0.745958686,-0.469239712,0.969287932,-0.517234027,-0.125630632,-0.0399202406,0.688087881,1.08618891,-0.680460691,-0.830618858,1.15024269,1.32595754,-0.110526666,0,0.828552306,1.12007058,-1.01108789,-1.63016486,0.746088624,2.06833267,-0.0489115976,0,1.34433937,0.983075023,-1.44643283,-1.75093865,0.553595781,2.33268499,0,-0.0533790924,1.86420691,1.39350259,-0.959394217,-0.74754703,1.35455489,0.376805425,-0.0942896381,-0.0425597429,1.81474817,1.47541523,-0.484762043,0.478939652,0.356744766,-0.548236191,-0.208661944,-0.0282166321,-0.296499252,0.863229573,0.900428057,0.456023633,-0.618224859,-0.498878568,-0.199069589,0
0,-0.32890445,-1.10410953,-1.87619352,0.757503033,0.234579042,-0.407344818,-0.114585042,-0.0596355125,-0.623986244,-1.35752809,0.756717741,0.363859624,-1.33734202,-0.517234027,-0.125630632,-0.0399202406,-0.4359231,0.733570218,0.859457612,-1.15431678,-0.941701174,2.8906672,-0.110526666,0,2.44828844,0.795401216,-1.52425253,-1.63016486,0.914521337,2.60834575,-0.0489115976,0,2.5025537,1.14077353,0.463071167,0.788205206,1.23867571,0.609897077,0,-0.0533790924,0.834633946,0.470619142,0.118729629,1.33242333,0.468298674,-0.800828636,-0.0942896381,-0.0425597429,-0.404258102,-1.3495611,-1.44195008,1.23787713,-0.795180798,-0.7543782,-0.208661944,-0.0282166321,-0.296499252,-1.10641932,-1.41701269,0.456023633,-1.12624967,-0.498878568,-0.199069589,4
0,0.756221235,1.62048328,0.98909992,-0.641049683,-1.00733483,-0.407344818,-0.114585042,-0.0596355125,1.87792993,0.849991679,-0.996404767,0.988684118,-0.513545632,-0.517234027,-0.125630632,-0.0399202406,2.37410426,-0.147976398,-1.19376683,0.787871122,0.0238113683,-0.551693916,-0.110526666,0,-0.79118371,-1.47728431,-1.52425253,0.157328367,0.0723577365,-0.631733954,-0.0489115976,0,-0.682535589,-1.22470379,-1.12818217,0.957481444,-0.987833977,-0.82575953,0,-0.0533790924,-0.538130045,-1.0675199,-0.189305753,1.17242563,-1.30421388,-0.800828636,-0.0942896381,-0.0425597429,-0.404258102,-0.113633938,1.23817647,1.23787713,1.17954874,1.30704224,0.762775302,-0.0282166321,0.768356621,2.04501891,0.436939895,-0.362572163,0.228483185,2.19881153,0.309528947,2
0,-0.32890445,-0.684941351,0.98909992,0.291318804,-1.00733483,-0.407344818,-0.114585042,-0.0596355125,-0.623986244,-1.17356813,1.00716376,0.988684118,-1.33734202,-0.517234027,-0.125630632,-0.0399202406,-0.716925859,-1.02952302,1.5438658,0.787871122,-1.26353872,-0.551693916,-0.110526666,0,-0.79118371,-0.340941578,1.21262515,-0.00517102238,-1.27510405,-0.631733954,-0.0489115976,0,-0.682535589,-0.436211318,1.09957254,-0.227452338,-1.5016439,-0.82575953,0,-0.0533790924,-0.538130045,0.00917744078,1.35087121,-0.107556142,-1.4814651,-0.800828636,-0.0942896381,-0.0425597429,-0.404258102,-0.819878042,1.23817647,-0.0902634487,-1.45342398,-0.7543782,-0.208661944,-0.0282166321,-0.296499252,-0.909454465,-0.0265482478,0.660672605,-1.12624967,-0.498878568,-0.199069589,1
0,-0.32890445,-0.0561892018,0.0340020917,-2.50578666,0.0571627617,-0.407344818,-0.114585042,-0.0596355125,-0.623986244,0.114151776,0.00537951011,-2.13543844,1.29880655,0.0528345145,-0.125630632,-0.0399202406,-0.716925859,1.08618891,-0.338256598,-1.15431678,0.66748637,0.700073719,-0.110526666,0,0.180657908,0.957735896,-1.52425253,-1.63016486,0.0723577365,0.448292673,-0.0489115976,0,1.34433937,0.667678058,-1.44643283,-1.75093865,-0.816564023,1.18415976,0,-0.0533790924,0.148251966,1.23968863,-0.959394217,-1.06754243,0.645549893,0.376805425,-0.0942896381,-0.0425597429,-0.404258102,1.47541523,0.280988365,0.478939652,1.01498795,-0.13595207,-0.208661944,-0.0282166321,-0.296499252,-0.318559766,-0.0265482478,0.0467257351,-0.618224859,-0.498878568,-0.199069589,0
0,0.756221235,1.62048328,0.511551023,-2.27269459,-1.00733483,-0.407344818,-0.114585042,-0.0596355125,1.56519043,0.666031718,-0.745958686,-1.09406424,-1.33734202,-0.517234027,-0.125630632,-0.0399202406,0.969090581,0.557260871,-0.680460691,0.787871122,-0.298026145,0.700073719,-0.110526666,0,-0.467236519,0.795401216,0.528405726,0.644826531,1.41981947,0.448292673,-0.0489115976,0,-0.682535589,-0.909306765,1.09957254,0.957481444,-0.302754074,-0.82575953,0,-0.0533790924,-0.538130045,0.624433041,1.04283583,0.0524415746,0.822801173,-0.800828636,-0.0942896381,-0.0425597429,1.81474817,1.47541523,-1.05907488,-1.41840398,0.850427151,-0.342094123,-0.208661944,-0.0282166321,0.768356621,1.25715935,0.436939895,0.251374692,-0.110200025,-0.498878568,-0.199069589,8
0,-0.32890445,0.153394848,0.511551023,0.291318804,-0.475086063,-0.407344818,-0.114585042,-0.0596355125,-0.623986244,0.666031718,-0.495512635,-0.677514553,0.804528654,-0.517234027,-0.125630632,-0.0399202406,0.407085121,0.557260871,-1.19376683,-1.15431678,0.66748637,0.38713181,-0.110526666,0,0.828552306,0.308397144,-1.52425253,-1.63016486,-0.0960749909,0.988305986,-0.0489115976,0,0.475678682,0.509979606,-1.44643283,-1.75093865,-0.816564023,1.47129107,0,-0.0533790924,0.148251966,0.778246939,-1.1134119,-1.22754025,-0.417957604,0.612332284,-0.0942896381,-0.0425597429,-0.404258102,0.769171178,-0.293324441,-1.41840398,0.850427151,-0.342094123,-0.208661944,-0.0282166321,-0.296499252,-0.318559766,0.668684006,0.865321517,0.397824794,-0.498878568,-0.199069589,0
0,-0.32890445,-0.684941351,0.0340020917,0.990595162,0.766827881,-0.407344818,-0.114585042,-0.0596355125,-0.623986244,0.298111767,-1.24685085,-1.9271636,0.804528654,0.622903049,-0.125630632,-0.0399202406,0.126082376,1.08618891,-1.19376683,0.140475139,0.66748637,-0.551693916,-0.110526666,0,0.504605114,1.12007058,0.357350856,0.644826531,-1.10667133,-0.631733954,-0.0489115976,0,-0.682535589,-0.120814353,1.09957254,-0.73528111,-1.5016439,-0.82575953,0,-0.0533790924,-0.538130045,-0.144636467,0.734800398,1.17242563,-1.12696266,-0.800828636,-0.0942896381,-0.0425597429,-0.404258102,0.0629270747,-0.484762043,0.668674052,-0.795180798,-0.7543782,-0.208661944,-0.0282166321,-0.296499252,-0.515524685,0.205195829,0.865321517,-0.618224859,-0.498878568,-0.199069589,8
0,-0.32890445,-1.10410953,-0.204772368,0.291318804,-1.00733483,-0.407344818,-0.114585042,-0.0596355125,-0.623986244,-1.72544801,1.00716376,0.363859624,-1.33734202,-0.517234027,-0.125630632,-0.0399202406,-0.716925859,-1.02952302,1.5438658,-0.183222845,-1.26353872,-0.551693916,-0.110526666,0,-0.79118371,-0.340941578,1.21262515,0.969825268,-0.0960749909,-0.631733954,-0.0489115976,0,-0.682535589,0.0368841328,1.09957254,0.957481444,0.896135747,2.33268499,0,-0.0533790924,-0.538130045,0.316805243,1.35087121,-0.74754703,-0.595208883,2.96760058,19.6593895,-0.0425597429,-0.404258102,-0.290194958,1.04673874,-0.849200904,0.850427151,2.54389453,1.73421252,-0.0282166321,-0.296499252,-0.909454465,-0.258292317,0.865321517,1.41387439,0.482099682,-0.199069589,6
0,-0.32890445,0.153394848,-0.68232125,-0.174865454,0.589411557,-0.407344818,-0.114585042,-0.0596355125,3.4416275,1.03395164,0.756717741,0.988684118,1.13404715,-0.517234027,-0.125630632,-0.0399202406,0.407085121,-0.853213727,-0.851562738,1.27341807,-0.298026145,-0.551693916,-0.110526666,0,-0.79118371,-1.47728431,-1.01108789,0.8073259,-0.264507711,-0.631733954,-0.0489115976,0,-0.682535589,-1.22470379,-1.44643283,-0.73528111,1.0674057,0.897028387,0,-0.0533790924,-0.538130045,-1.0675199,-1.1134119,-1.22754025,-0.595208883,2.02549314,-0.0942896381,-0.0425597429,-0.404258102,-1.3495611,-0.867637277,0.668674052,1.17954874,1.10090017,-0.208661944,-0.0282166321,-0.296499252,-0.515524685,0.205195829,0.0467257351,0.0591415763,-0.253634006,-0.199069589,3
0,-0.32890445,-0.265773267,0.750325441,0.990595162,1.83132553,4.44892025,0.826809704,-0.0596355125,-0.623986244,-0.0698082,0.255825579,-0.469239712,1.13404715,1.76304007,-0.125630632,-0.0399202406,-0.716925859,0.733570218,-0.338256598,-0.668769836,1.3111614,0.0741898865,-0.110526666,0,-0.79118371,-1.31494963,-1.52425253,0.319827735,0.577655911,-0.631733954,-0.0489115976,0,-0.682535589,-0.909306765,-0.650806129,0.957481444,0.0397858657,-0.538628221,0,-0.0533790924,-0.538130045,1.23968863,1.35087121,1.33242333,1.00005245,-0.0942482054,-0.0942896381,-0.0425597429,-0.404258102,-1.1730001,1.04673874,-0.0902634487,-1.45342398,-0.7543782,-0.208661944,-0.0282166321,-0.296499252,0.272334903,0.436939895,-1.99976373,-1.12624967,-0.498878568,-0.199069589,7
0,2.92647266,2.03965139,0.272776544,0.0582266748,0.411995322,-0.103828259,-0.114585042,-0.0596355125,0.626971841,1.03395164,0.50627166,0.363859624,0.639769375,0.0528345145,-0.125630632,-0.0399202406,-0.716925859,1.08618891,-0.509358644,-1.15431678,-1.26353872,-0.551693916,-0.110526666,0,-0.79118371,0.470731825,0.0152411638,-1.63016486,-1.27510405,-0.631733954,-0.0489115976,0,-0.682535589,-0.120814353,1.09957254,-1.24310982,-1.5016439,-0.82575953,0,-0.0533790924,-0.538130045,-1.0675199,1.04283583,0.0524415746,-1.4814651,-0.800828636,-0.0942896381,-0.0425597429,-0.404258102,-0.466755986,1.04673874,0.0994709209,-1.45342398,-0.7543782,-0.208661944,-0.0282166321,1.83321249,1.84805405,0.900428057,-1.99976373,-1.12624967,-0.498878568,-0.199069589,5
0,-0.32890445,-0.0561892018,0.750325441,0.0582266748,-0.297669798,-0.407344818,-0.114585042,-0.0596355125,0.00149279006,0.849991679,-0.996404767,0.155584782,1.29880655,0.622903049,-0.125630632,-0.0399202406,1.5310961,-0.147976398,-1.19376683,-0.183222845,1.3111614,0.700073719,-0.110526666,0,1.80039394,-0.178606898,-1.52425253,-1.30516613,0.409223169,1.52831924,-0.0489115976,0,1.63389289,-0.120814353,-1.44643283,-1.75093865,0.724865794,0.609897077,0,-0.0533790924,0.148251966,1.0858748,-1.1134119,-1.22754025,1.35455489,-0.329775035,-0.0942896381,-0.0425597429,-0.404258102,1.12229323,-0.293324441,0.289205283,0.192183971,-0.7543782,-0.208661944,-0.0282166321,-0.296499252,-0.318559766,0.205195829,0.456023633,-1.12624967,-0.498878568,-0.199069589,0
0,-0.32890445,-0.475357324,0.750325441,-2.50578666,-1.00733483,-0.407344818,-0.114585042,-0.0596355125,-0.623986244,0.298111767,-0.996404767,-2.13543844,-1.33734202,-0.517234027,-0.125630632,-0.0399202406,0.126082376,0.557260871,-1.19376683,-1.15431678,-1.26353872,-0.551693916,-0.110526666,0,0.504605114,0.470731825,-1.52425253,-1.63016486,-1.27510405,-0.631733954,-0.0489115976,0,0.765232265,0.352281094,0.303945839,0.957481444,0.896135747,-0.538628221,0,-0.0533790924,0.148251966,1.39350259,0.426765025,-0.587549329,-0.240706354,1.55443954,-0.0942896381,-0.0425597429,-0.404258102,1.29885423,-0.293324441,-1.41840398,0.521305561,0.894758165,-0.208661944,-0.0282166321,-0.296499252,-0.515524685,-0.0265482478,0.865321517,0.228483185,-0.498878568,-0.199069589,6
0,-0.32890445,0.362978905,0.0340020917,0.291318804,-0.297669798,-0.407344818,-0.114585042,-0.0596355125,-0.623986244,1.03395164,-1.49729693,-0.885789394,-1.00782347,-0.517234027,-0.125630632,-0.0399202406,0.407085121,0.557260871,0.00394746149,0.140475139,-0.941701174,-0.551693916,-0.110526666,0,1.47644675,1.12007058,0.186296016,-0.00517102238,1.08295405,-0.361727297,-0.0489115976,0,-0.103428438,-0.909306765,-1.44643283,-1.75093865,0.211055845,0.897028387,0,-0.0533790924,-0.538130045,-1.0675199,-1.1134119,-1.22754025,-0.0634551048,1.08338594,-0.0942896381,-0.0425597429,-0.404258102,0.592610121,-1.63338768,-1.79787278,0.192183971,0.894758165,-0.208661944,-0.0282166321,-0.296499252,0.469299793,0.668684006,0.660672605,1.41387439,-0.00838943198,-0.199069589,5
0,-0.32890445,0.991731048,0.750325441,-2.50578666,-1.00733483,-0.407344818,-0.114585042,-0.0596355125,-0.623986244,0.114151776,1.00716376,-1.9271636,-1.33734202,-0.517234027,-0.125630632,-0.0399202406,-0.4359231,1.08618891,1.5438658,-0.992467821,-1.26353872,-0.551693916,-0.110526666,0,-0.79118371,-0.178606898,1.21262515,-0.817667961,-1.27510405,-0.631733954,-0.0489115976,0,-0.682535589,-1.22470379,0.781321824,-0.0581760854,-1.5016439,-0.82575953,0,-0.0533790924,-0.538130045,-1.0675199,0.426765025,1.01242793,-1.4814651,-0.800828636,-0.0942896381,-0.0425597429,-0.404258102,-0.466755986,0.280988365,1.04814279,-0.466059208,0.0701899752,0.762775302,-0.0282166321,-0.296499252,0.863229573,0.900428057,0.865321517,1.58321595,3.42503452,4.88691568,1
0,-0.32890445,0.78214699,0.272776544,-1.107234,-1.00733483,-0.407344818,-0.114585042,-0.0596355125,-0.623986244,0.298111767,1.00716376,1.1969589,-1.00782347,-0.517234027,-0.125630632,-0.0399202406,-0.716925859,0.380951583,1.03055966,1.43526709,-0.298026145,-0.551693916,-0.110526666,0,-0.79118371,-0.503276289,1.21262515,0.969825268,1.08295405,-0.631733954,-0.0489115976,0,-0.682535589,-1.22470379,-1.44643283,-1.41238606,1.23867571,0.0356344357,0,-0.0533790924,-0.538130045,-1.0675199,-1.1134119,-1.22754025,0.113796152,1.55443954,-0.0942896381,-0.0425597429,-0.404258102,-0.819878042,-0.484762043,0.478939652,0.850427151,2.54389453,1.73421252,-0.0282166321,-0.296499252,0.272334903,-0.0265482478,0.0467257351,0.905849576,2.19881153,-0.199069589,9
0,-0.32890445,0.362978905,0.511551023,0.757503033,0.234579042,-0.407344818,-0.114585042,-0.0596355125,1.25245082,1.03395164,-0.996404767,-0.677514553,1.29880655,0.622903049,-0.125630632,-0.0399202406,2.37410426,-0.67690438,-1.02266479,0.464173138,0.989323914,-0.238752022,-0.110526666,0,-0.467236519,-1.47728431,-0.840033114,0.969825268,-0.264507711,-0.631733954,-0.0489115976,0,-0.682535589,-1.22470379,-1.12818217,0.111100167,0.724865794,-0.538628221,0,-0.0533790924,-0.538130045,-1.0675199,-1.1134119,-1.22754025,0.468298674,0.847859085,-0.0942896381,-0.0425597429,-0.404258102,-0.819878042,-1.05907488,-0.279997826,0.850427151,-0.13595207,-0.208661944,-0.0282166321,-0.296499252,0.863229573,0.205195829,0.0467257351,-0.448883235,-0.498878568,-0.199069589,3
0,-0.32890445,-0.894525409,-0.204772368,0.757503033,0.411995322,-0.407344818,-0.114585042,-0.0596355125,-0.623986244,-1.90940797,0.756717741,1.1969589,-0.0192677919,-0.517234027,-0.125630632,-0.0399202406,-0.716925859,-1.73476028,1.03055966,1.43526709,0.345648885,-0.551693916,-0.110526666,0,-0.79118371,-1.47728431,1.21262515,0.969825268,-0.264507711,-0.631733954,-0.0489115976,0,-0.682535589,-0.909306765,1.09957254,0.957481444,-0.474024057,-0.82575953,0,-0.0533790924,-0.538130045,-0.298450351,1.35087121,1.33242333,-0.595208883,-0.800828636,-0.0942896381,-0.0425597429,-0.404258102,-0.466755986,1.23817647,1.04814279,-1.28886318,-0.7543782,-0.208661944,-0.0282166321,-0.296499252,-0.712489545,0.668684006,0.660672605,-0.618224859,-0.498878568,-0.199069589,1
0,-0.32890445,0.362978905,-0.443546832,0.990595162,0.589411557,-0.407344818,-0.114585042,-0.0596355125,-0.623986244,0.849991679,1.00716376,0.572134435,1.13404715,-0.232199743,-0.125630632,-0.0399202406,-0.716925859,0.0283329226,1.03055966,0.464173138,1.3111614,0.0741898865,-0.110526666,0,-0.79118371,-1.31494963,1.21262515,0.969825268,0.577655911,-0.631733954,-0.0489115976,0,-0.682535589,0.0368841328,1.09957254,0.957481444,-0.645294011,-0.82575953,0,-0.0533790924,-0.538130045,1.23968863,0.118729629,1.01242793,-0.240706354,-0.800828636,-0.0942896381,-0.0425597429,-0.404258102,1.47541523,-0.484762043,1.23787713,-0.795180798,-0.7543782,-0.208661944,-0.0282166321,-0.296499252,0.666264713,0.900428057,0.456023633,-1.12624967,-0.498878568,-0.199069589,8
0,-0.32890445,-0.475357324,-0.204772368,0.291318804,-0.120253511,-0.407344818,-0.114585042,-0.0596355125,-0.623986244,-0.0698082,0.00537951011,-1.09406424,1.29880655,-0.517234027,-0.125630632,-0.0399202406,-0.716925859,-0.500595033,0.517253578,-0.183222845,1.15024269,0.700073719,-0.110526666,0,-0.79118371,-1.15261495,0.699460566,0.969825268,1.08295405,0.988305986,-0.0489115976,0,-0.682535589,-1.22470379,-1.44643283,-1.75093865,-0.302754074,1.75842237,0,-0.0533790924,-0.538130045,-1.0675199,-1.1134119,-1.22754025,-0.772460103,1.78996634,-0.0942896381,-0.0425597429,-0.404258102,0.239488095,-0.484762043,-1.79787278,-0.136937618,1.51318431,-0.208661944,-0.0282166321,-0.296499252,-0.515524685,-0.721780479,0.865321517,1.58321595,0.972588837,-0.199069589,9
0,-0.32890445,2.03965139,0.0340020917,-0.174865454,0.0571627617,0.1996883,-0.114585042,-0.0596355125,0.626971841,1.03395164,0.756717741,0.363859624,0.639769375,2.33310866,-0.125630632,-0.0399202406,1.25009334,0.733570218,-1.02266479,-1.15431678,-1.26353872,-0.551693916,-0.110526666,0,2.44828844,0.470731825,-1.01108789,-1.46766543,-1.27510405,-0.631733954,-0.0489115976,0,1.63389289,1.29847205,1.09957254,0.618928909,-1.15910399,-0.82575953,0,-0.0533790924,-0.194939047,0.162991345,0.118729629,1.33242333,-0.0634551048,-0.800828636,-0.0942896381,-0.0425597429,-0.404258102,-1.1730001,0.280988365,1.04814279,-1.12430239,-0.7543782,-0.208661944,-0.0282166321,-0.296499252,1.45412421,0.900428057,-1.18116796,-1.12624967,-0.498878568,-0.199069589,5
0,-0.32890445,0.572562933,0.511551023,0.0582266748,-0.475086063,-0.407344818,-0.114585042,-0.0596355125,1.25245082,1.03395164,-1.49729693,0.780409276,0.969287932,-0.517234027,-0.125630632,-0.0399202406,0.969090581,0.557260871,-1.19376683,0.140475139,0.989323914,-0.551693916,-0.110526666,0,-0.143289298,0.795401216,0.870515406,0.644826531,1.41981947,0.178286016,-0.0489115976,0,-0.682535589,-0.909306765,-0.809931457,-0.73528111,1.23867571,0.609897077,0,-0.0533790924,-0.538130045,-1.0675199,-1.1134119,-1.22754025,1.35455489,0.376805425,-0.0942896381,-0.0425597429,-0.404258102,-1.3495611,-1.82482529,-0.849200904,1.17954874,-0.13595207,-0.208661944,-0.0282166321,-0.296499252,0.272334903,0.900428057,0.865321517,0.228483185,-0.498878568,-0.199069589,9
0,-0.32890445,-1.10410953,-2.83129144,-0.874141812,1.65390921,2.32430434,-0.114585042,-0.0596355125,-0.623986244,-1.72544801,0.00537951011,-0.469239712,-1.00782347,2.61814284,-0.125630632,-0.0399202406,-0.716925859,0.0283329226,0.688355625,-1.15431678,0.506567657,1.95184135,-0.110526666,0,0.828552306,1.12007058,0.870515406,0.8073259,1.25138676,0.178286016,-0.0489115976,0,-0.103428438,0.667678058,0.144820511,-1.07383358,0.896135747,-0.82575953,0,-0.0533790924,-0.538130045,-1.0675199,-1.1134119,-0.267553866,0.113796152,-0.800828636,-0.0942896381,-0.0425597429,-0.404258102,-1.3495611,-1.82482529,-0.0902634487,-0.466059208,-0.7543782,-0.208661944,-0.0282166321,-0.296499252,-1.10641932,-2.80747724,-0.567221105,-0.110200025,-0.498878568,-0.199069589,9
0,-0.32890445,-0.894525409,0.511551023,-0.174865454,-1.00733483,-0.407344818,-0.114585042,-0.0596355125,-0.623986244,-0.253768176,0.756717741,-1.71888876,-1.33734202,0.622903049,-0.125630632,-0.0399202406,-0.154920369,1.08618891,-0.16715458,-1.15431678,-0.137107387,4.45537663,4.23109913,0,1.80039394,1.12007058,-0.497923404,-0.655168533,1.41981947,2.60834575,-0.0489115976,0,0.765232265,1.29847205,1.09957254,0.957481444,1.0674057,0.0356344357,0,-0.0533790924,-0.538130045,-0.913705945,-0.497341156,1.33242333,-0.0634551048,-0.800828636,-0.0942896381,-0.0425597429,-0.404258102,-1.3495611,-0.101886839,1.23787713,-1.28886318,-0.7543782,-0.208661944,-0.0282166321,-0.296499252,-1.10641932,0.668684006,0.865321517,-1.12624967,-0.498878568,-0.199069589,4
0,-0.32890445,-0.894525409,-0.204772368,-0.407957584,-1.00733483,-0.407344818,-0.114585042,-0.0596355125,-0.623986244,0.482071757,-0.495512635,-2.13543844,-1.33734202,-0.517234027,-0.125630632,-0.0399202406,0.126082376,0.557260871,-1.19376683,-1.15431678,-1.26353872,-0.551693916,-0.110526666,0,0.828552306,0.308397144,-1.52425253,-1.63016486,-1.27510405,-0.631733954,-0.0489115976,0,0.765232265,0.983075023,0.463071167,0.280376405,-0.302754074,-0.82575953,0,-0.0533790924,-0.538130045,1.39350259,0.734800398,-0.427551597,0.468298674,1.55443954,-0.0942896381,-0.0425597429,-0.404258102,0.416049123,0.280988365,-1.0389353,0.192183971,1.71932638,-0.208661944,-0.0282166321,-0.296499252,-0.909454465,-0.0265482478,0.865321517,0.905849576,0.236855134,-0.199069589,6
0,-0.32890445,-1.10410953,-1.39864469,0.757503033,0.0571627617,-0.407344818,-0.114585042,-0.0596355125,-0.311246723,0.114151776,0.255825579,-0.469239712,0.475010067,-0.517234027,-0.125630632,-0.0399202406,1.81209886,0.557260871,-1.19376683,0.302324146,0.345648885,-0.551693916,-0.110526666,0,1.80039394,-0.0162722114,-1.01108789,0.8073259,-0.769805908,-0.631733954,-0.0489115976,0,-0.682535589,-1.22470379,-0.650806129,0.618928909,-0.987833977,-0.82575953,0,-0.0533790924,-0.538130045,-0.606078148,-1.1134119,-0.427551597,0.822801173,-0.329775035,-0.0942896381,-0.0425597429,-0.404258102,0.239488095,0.472425967,-0.849200904,0.192183971,0.688616097,-0.208661944,-0.0282166321,-0.296499252,-1.10641932,-1.41701269,0.0467257351,1.41387439,0.727344275,-0.199069589,3
0,-0.32890445,-0.894525409,-0.68232125,0.757503033,-0.829918623,-0.407344818,-0.114585042,-0.0596355125,-0.623986244,-0.253768176,0.50627166,-1.30233908,-1.33734202,-0.517234027,-0.125630632,-0.0399202406,-0.716925859,1.08618891,-0.680460691,-1.15431678,-1.26353872,-0.551693916,-0.110526666,0,1.15249956,0.633066535,-1.52425253,-1.63016486,-1.27510405,-0.631733954,-0.0489115976,0,0.475678682,0.983075023,0.463071167,0.957481444,0.724865794,0.0356344357,0,-0.0533790924,0.148251966,1.23968863,0.888818085,-0.587549329,-0.949711382,2.26101995,-0.0942896381,-0.0425597429,-0.404258102,0.239488095,-0.293324441,-1.41840398,-0.795180798,2.54389453,0.762775302,-0.0282166321,-0.296499252,-1.10641932,-0.721780479,0.0467257351,0.905849576,1.4630779,-0.199069589,6
0,-0.32890445,-0.684941351,0.98909992,0.524410903,-0.652502358,-0.407344818,-0.114585042,-0.0596355125,-0.311246723,0.298111767,1.00716376,1.1969589,0.310250789,-0.517234027,-0.125630632,-0.0399202406,0.407085121,1.08618891,0.859457612,0.787871122,0.66748637,-0.551693916,-0.110526666,0,-0.467236519,0.957735896,0.357350856,0.969825268,-0.264507711,-0.631733954,-0.0489115976,0,-0.682535589,-0.278512836,1.09957254,0.449652672,-1.5016439,-0.82575953,0,-0.0533790924,-0.538130045,0.316805243,1.04283583,1.01242793,-0.0634551048,-0.800828636,-0.0942896381,-0.0425597429,-0.404258102,0.416049123,0.472425967,-0.659466565,1.01498795,-0.7543782,-0.208661944,-0.0282166321,-0.296499252,-0.712489545,0.205195829,0.865321517,0.905849576,-0.498878568,-0.199069589,8
0,0.756221235,0.572562933,-0.921095729,-0.174865454,1.65390921,2.62782073,-0.114585042,-0.0596355125,0.626971841,1.03395164,1.00716376,0.155584782,0.639769375,1.19297159,-0.125630632,-0.0399202406,0.407085121,1.08618891,-0.509358644,-1.15431678,-1.26353872,-0.551693916,-0.110526666,0,-0.467236519,1.12007058,1.04157031,-0.330169797,-1.27510405,-0.631733954,-0.0489115976,0,-0.682535589,-0.5939098,0.144820511,0.957481444,-0.474024057,-0.82575953,0,-0.0533790924,-0.538130045,-1.0675199,-1.1134119,0.692432463,0.645549893,-0.800828636,-0.0942896381,-0.0425597429,2.92425132,1.29885423,-0.101886839,0.668674052,0.192183971,-0.7543782,-0.208661944,-0.0282166321,0.768356621,1.45412421,0.900428057,0.251374692,-0.448883235,-0.498878568,-0.199069589,5
0,-0.32890445,-0.265773267,0.98909992,0.0582266748,-0.829918623,-0.407344818,-0.114585042,-0.0596355125,0.00149279006,1.03395164,1.00716376,0.155584782,-0.0192677919,-0.517234027,-0.125630632,-0.0399202406,0.126082376,1.08618891,1.03055966,-0.992467821,0.989323914,0.0741898865,-0.110526666,0,0.504605114,1.12007058,-1.52425253,-1.63016486,0.914521337,0.448292673,-0.0489115976,0,0.475678682,1.14077353,-1.44643283,-1.75093865,0.724865794,1.47129107,0,-0.0533790924,-0.194939047,1.39350259,-0.959394217,-1.22754025,1.00005245,0.376805425,-0.0942896381,-0.0425597429,-0.404258102,0.416049123,-0.293324441,-0.469732195,1.01498795,-0.548236191,-0.208661944,-0.0282166321,-0.296499252,-0.712489545,0.205195829,0.865321517,0.228483185,-0.498878568,-0.199069589,0
0,0.756221235,1.62048328,0.98909992,0.990595162,0.766827881,-0.407344818,-0.114585042,-0.0596355125,1.87792993,0.849991679,-0.996404767,0.988684118,1.13404715,-0.517234027,-0.125630632,-0.0399202406,0.126082376,-0.324285716,-0.338256598,1.43526709,-0.298026145,-0.551693916,-0.110526666,0,-0.79118371,-1.47728431,-0.840033114,0.969825268,0.240790457,-0.631733954,-0.0489115976,0,-0.682535589,-1.22470379,-1.44643283,-0.73528111,1.23867571,0.609897077,0,-0.0533790924,-0.538130045,-1.0675199,-1.1134119,-1.22754025,-0.595208883,2.96760058,-0.0942896381,-0.0425597429,-0.404258102,0.0629270747,-0.676199675,-0.659466565,0.685866356,1.71932638,-0.208661944,-0.0282166321,0.768356621,1.84805405,0.900428057,0.865321517,1.24453282,0.236855134,-0.199069589,3
0,1.84134698,2.03965139,0.98909992,-1.57341826,-1.00733483,-0.407344818,-0.114585042,-0.0596355125,-0.623986244,-1.17356813,-0.245066568,-0.2609649,-1.33734202,-0.517234027,-0.125630632,-0.0399202406,-0.716925859,-1.73476028,1.03055966,-0.0213738531,-0.941701174,-0.238752022,-0.110526666,0,-0.467236519,-0.178606898,1.21262515,0.644826531,1.41981947,2.06833267,-0.0489115976,0,2.21300006,1.29847205,0.940447152,-0.566004872,-1.33037388,-0.82575953,0,-0.0533790924,-0.538130045,1.0858748,0.118729629,-1.22754025,-1.4814651,-0.800828636,-0.0942896381,-0.0425597429,0.150493473,1.47541523,-1.25051248,-1.79787278,-1.45342398,-0.7543782,-0.208661944,-0.0282166321,1.83321249,1.84805405,-2.57573318,-2.40906167,-1.12624967,-0.498878568,-0.199069589,7
0,0.756221235,0.78214699,0.98909992,0.990595162,1.65390921,0.503204882,-0.114585042,-0.0596355125,1.87792993,1.03395164,0.00537951011,-0.469239712,-0.0192677919,0.33786878,-0.125630632,-0.0399202406,0.969090581,1.08618891,0.346151531,-0.668769836,-1.26353872,-0.551693916,-0.110526666,0,1.80039394,1.12007058,1.21262515,0.969825268,-0.601373136,-0.631733954,-0.0489115976,0,0.186125115,-0.278512836,-0.809931457,0.449652672,0.382325828,-0.82575953,0,-0.0533790924,-0.538130045,-1.0675199,-1.1134119,0.0524415746,0.822801173,-0.800828636,-0.0942896381,-0.0425597429,-0.404258102,-0.466755986,-0.293324441,1.04814279,0.192183971,-0.7543782,-0.208661944,-0.0282166321,-0.296499252,1.06019449,0.900428057,-0.157923222,-0.956908047,-0.498878568,-0.199069589,5
0,-0.32890445,-0.0561892018,0.98909992,0.757503033,-0.120253511,-0.407344818,-0.114585042,-0.0596355125,-0.623986244,-0.437728167,0.255825579,-0.2609649,1.13404715,-0.517234027,-0.125630632,-0.0399202406,-0.716925859,-1.73476028,-0.509358644,-1.15431678,1.15024269,1.01301563,-0.110526666,0,-0.79118371,-1.47728431,-1.52425253,-1.63016486,0.746088624,0.988305986,-0.0489115976,0,-0.682535589,-1.22470379,-1.44643283,-1.75093865,1.0674057,0.322765768,0,-0.0533790924,-0.538130045,0.624433041,0.426765025,0.37243703,1.17730367,-0.800828636,-0.0942896381,-0.0425597429,-0.404258102,1.47541523,1.23817647,1.23787713,1.01498795,1.92546833,3.67708707,-0.0282166321,-0.296499252,0.272334903,0.900428057,0.251374692,0.567166388,1.4630779,1.32672596,2
0,-0.32890445,-1.10410953,-2.5925169,-1.107234,1.12166035,3.841887,0.826809704,-0.0596355125,-0.623986244,-1.72544801,0.255825579,-0.469239712,-0.678304911,3.18821144,-0.125630632,-0.0399202406,-0.716925859,0.0283329226,1.5438658,0.302324146,1.15024269,2.8906672,-0.110526666,0,-0.467236519,1.12007058,1.04157031,0.8073259,1.41981947,0.178286016,-0.0489115976,0,-0.682535589,0.509979606,-0.0143048232,-1.24310982,0.896135747,-0.82575953,0,-0.0533790924,-0.538130045,-1.0675199,-1.1134119,-0.427551597,0.113796152,-0.800828636,-0.0942896381,-0.0425597429,-0.404258102,-1.3495611,-1.82482529,-0.469732195,-0.136937618,-0.7543782,-0.208661944,-0.0282166321,-0.296499252,-1.10641932,-2.80747724,-0.771870077,-0.110200025,-0.498878568,-0.199069589,9
0,-0.32890445,0.991731048,0.98909992,0.990595162,0.766827881,-0.407344818,-0.114585042,-0.0596355125,1.87792993,0.849991679,-1.24685085,-0.885789394,0.969287932,-0.517234027,-0.125630632,-0.0399202406,-0.4359231,-1.20583236,-1.19376683,1.27341807,0.0238113683,-0.551693916,-0.110526666,0,-0.79118371,-1.47728431,0.528405726,0.482327133,-1.10667133,-0.631733954,-0.0489115976,0,-0.682535589,-1.22470379,-0.332555473,0.788205206,-0.816564023,-0.82575953,0,-0.0533790924,-0.538130045,-1.0675199,-1.1134119,0.0524415746,0.645549893,-0.800828636,-0.0942896381,-0.0425597429,-0.404258102,-0.290194958,-1.82482529,0.478939652,0.192183971,-0.7543782,-0.208661944,-0.0282166321,-0.296499252,1.45412421,0.900428057,0.660672605,-0.618224859,-0.498878568,-0.199069589,3
0,-0.32890445,-1.10410953,-0.443546832,0.990595162,0.0571627617,-0.407344818,-0.114585042,-0.0596355125,-0.623986244,0.114151776,0.50627166,-1.09406424,-1.33734202,-0.517234027,-0.125630632,-0.0399202406,0.126082376,1.08618891,-0.851562738,-1.15431678,-1.26353872,-0.551693916,-0.110526666,0,1.80039394,0.146062478,-1.52425253,-1.63016486,-1.27510405,-0.631733954,-0.0489115976,0,1.05478585,1.29847205,0.781321824,0.111100167,-0.987833977,-0.82575953,0,-0.0533790924,0.148251966,1.0858748,-1.1134119,-0.107556142,0.822801173,-0.800828636,-0.0942896381,-0.0425597429,-0.404258102,0.416049123,-0.101886839,-1.60813844,1.01498795,-0.342094123,-0.208661944,-0.0282166321,-0.296499252,-1.10641932,-0.95352453,0.865321517,1.41387439,-0.253634006,-0.199069589,6
0,-0.32890445,-0.684941351,-0.443546832,0.291318804,1.12166035,0.503204882,-0.114585042,-0.0596355125,-0.623986244,0.114151776,0.255825579,-0.469239712,1.29880655,1.47800589,-0.125630632,-0.0399202406,-0.716925859,0.380951583,0.346151531,0.302324146,1.3111614,1.95184135,-0.110526666,0,-0.79118371,-0.503276289,0.186296016,0.482327133,1.08295405,0.718299329,-0.0489115976,0,-0.682535589,-1.22470379,-1.44643283,-1.75093865,0.553595781,1.47129107,0,-0.0533790924,2.20739794,-0.913705945,-1.1134119,-1.22754025,1.17730367,-0.329775035,-0.0942896381,-0.0425597429,1.81474817,1.12229323,-0.101886839,-1.0389353,1.17954874,-0.7543782,-0.208661944,-0.0282166321,-0.296499252,-0.712489545,-0.0265482478,0.865321517,1.24453282,-0.498878568,-0.199069589,9
0,-0.32890445,1.83006728,0.0340020917,0.0582266748,1.29907668,-0.407344818,-0.114585042,-0.0596355125,-0.311246723,1.03395164,-0.996404767,-0.469239712,-0.348786354,-0.517234027,-0.125630632,-0.0399202406,0.407085121,0.909879565,0.175049499,-0.506920815,-1.26353872,-0.551693916,-0.110526666,0,-0.143289298,0.470731825,0.528405726,0.8073259,0.914521337,-0.361727297,-0.0489115976,0,-0.682535589,-1.22470379,-1.44643283,-1.58166242,0.724865794,1.47129107,0,-0.0533790924,-0.538130045,-1.0675199,-1.1134119,-1.22754025,0.468298674,0.847859085,-0.0942896381,-0.0425597429,2.36949968,1.12229323,-1.05907488,-0.469732195,1.01498795,-0.342094123,-0.208661944,-0.0282166321,0.768356621,0.863229573,0.900428057,0.660672605,-0.279541612,-0.498878568,-0.199069589,5
0,-0.32890445,0.572562933,0.0340020917,0.0582266748,1.476493,0.503204882,-0.114585042,-0.0596355125,-0.623986244,0.114151776,-0.245066568,-0.0526900552,1.29880655,0.0528345145,-0.125630632,-0.0399202406,-0.716925859,-1.73476028,-1.19376683,0.302324146,0.828405142,-0.551693916,-0.110526666,0,-0.79118371,-1.47728431,0.870515406,0.969825268,0.914521337,-0.631733954,-0.0489115976,0,-0.682535589,-1.22470379,-0.17343016,-0.396728605,1.23867571,0.322765768,0,-0.0533790924,-0.538130045,-0.606078148,-1.1134119,-1.22754025,1.35455489,0.141278625,-0.0942896381,-0.0425597429,0.150493473,1.47541523,-0.101886839,-0.0902634487,1.01498795,-0.342094123,-0.208661944,-0.0282166321,0.768356621,1.06019449,0.436939895,0.660672605,-0.618224859,-0.498878568,-0.199069589,3
0,-0.32890445,-1.10410953,0.272776544,-2.50578666,-1.00733483,-0.407344818,-0.114585042,-0.0596355125,-0.623986244,-0.0698082,0.00537951011,-1.9271636,-1.33734202,-0.517234027,-0.125630632,-0.0399202406,-0.716925859,0.733570218,-0.680460691,-1.15431678,-1.26353872,-0.551693916,-0.110526666,0,0.504605114,0.795401216,-1.52425253,-0.980167329,-0.432940423,-0.631733954,-0.0489115976,0,1.34433937,1.29847205,-0.809931457,-0.566004872,0.896135747,1.18415976,0,-0.0533790924,0.491442949,1.0858748,-1.1134119,-1.22754025,-0.772460103,2.02549314,-0.0942896381,-0.0425597429,-0.404258102,0.416049123,0.0895507634,-1.0389353,0.192183971,1.71932638,-0.208661944,-0.0282166321,-0.296499252,-0.909454465,-0.721780479,0.865321517,1.24453282,-0.00838943198,-0.199069589,6
0,-0.32890445,-0.894525409,0.272776544,0.990595162,0.766827881,-0.407344818,-0.114585042,-0.0596355125,-0.311246723,0.482071757,0.756717741,-0.469239712,1.29880655,0.33786878,-0.125630632,-0.0399202406,1.5310961,0.909879565,-0.680460691,-0.506920815,1.15024269,-0.551693916,-0.110526666,0,-0.467236519,-0.99028033,-1.52425253,0.319827735,0.0723577365,-0.631733954,-0.0489115976,0,-0.682535589,-1.22470379,-0.809931457,0.618928909,-1.33037388,-0.82575953,0,-0.0533790924,-0.538130045,-1.0675199,0.580782712,0.0524415746,-1.4814651,0.141278625,-0.0942896381,-0.0425597429,-0.404258102,-1.1730001,1.23817647,-0.279997826,0.685866356,1.10090017,-0.208661944,-0.0282166321,-0.296499252,-1.10641932,0.436939895,0.865321517,0.736508012,-0.498878568,-0.199069589,2
0,-0.32890445,0.362978905,-0.921095729,-1.34032607,0.411995322,0.806721449,-0.114585042,-0.0596355125,-0.623986244,0.298111767,0.255825579,0.363859624,0.639769375,0.907937288,-0.125630632,-0.0399202406,-0.716925859,0.557260871,-1.19376683,-1.15431678,-1.26353872,-0.551693916,-0.110526666,0,0.828552306,0.957735896,0.528405726,-0.167670414,-0.938238621,-0.631733954,-0.0489115976,0,0.186125115,0.0368841328,-0.332555473,-0.396728605,1.0674057,-0.251496881,0,-0.0533790924,-0.538130045,-1.0675199,-1.1134119,-1.22754025,-0.417957604,1.08338594,-0.0942896381,-0.0425597429,-0.404258102,-0.290194958,-1.82482529,-1.60813844,0.685866356,0.0701899752,-0.208661944,-0.0282166321,-0.296499252,0.272334903,0.668684006,0.660672605,-0.279541612,-0.498878568,-0.199069589,5
0,1.84134698,1.20131516,0.511551023,0.524410903,0.589411557,-0.407344818,-0.114585042,-0.0596355125,0.31423232,-0.0698082,-1.24685085,-0.0526900552,1.29880655,0.33786878,-0.125630632,-0.0399202406,-0.716925859,-1.73476028,-0.509358644,0.949720144,0.66748637,-0.551693916,-0.110526666,0,-0.79118371,-1.47728431,0.699460566,0.8073259,-0.938238621,-0.631733954,-0.0489115976,0,-0.682535589,-1.22470379,0.940447152,-0.227452338,-1.5016439,-0.82575953,0,-0.0533790924,-0.538130045,-1.0675199,0.272747338,1.17242563,-1.4814651,-0.800828636,-0.0942896381,-0.0425597429,-0.404258102,-1.1730001,0.663863599,-0.0902634487,-1.45342398,-0.7543782,-0.208661944,-0.0282166321,0.768356621,1.84805405,0.205195829,-2.2044127,-1.12624967,-0.498878568,-0.199069589,3
0,-0.32890445,1.83006728,0.98909992,0.524410903,0.0571627617,-0.407344818,-0.114585042,-0.0596355125,-0.623986244,-0.621688128,-0.495512635,1.1969589,1.29880655,0.33786878,-0.125630632,-0.0399202406,-0.716925859,-1.73476028,-0.338256598,1.43526709,1.3111614,-0.238752022,-0.110526666,0,-0.79118371,-1.47728431,-1.18214285,0.969825268,0.0723577365,-0.631733954,-0.0489115976,0,-0.682535589,-1.22470379,-1.44643283,0.280376405,0.724865794,-0.538628221,0,-0.0533790924,-0.538130045,-1.0675199,-1.1134119,-0.587549329,1.35455489,0.847859085,-0.0942896381,-0.0425597429,-0.404258102,-0.466755986,-0.101886839,0.858408391,1.17954874,0.688616097,-0.208661944,-0.0282166321,-0.296499252,1.45412421,0.900428057,0.865321517,0.567166388,-0.253634006,-0.199069589,3
0,-0.32890445,0.572562933,0.98909992,-1.57341826,-1.00733483,-0.407344818,-0.114585042,-0.0596355125,-0.311246723,0.482071757,-0.245066568,1.1969589,-1.33734202,-0.517234027,-0.125630632,-0.0399202406,-0.716925859,0.0283329226,-1.19376683,0.949720144,-0.780782402,-0.551693916,-0.110526666,0,-0.79118371,-0.99028033,-1.35319769,0.969825268,-1.10667133,-0.631733954,-0.0489115976,0,-0.682535589,-1.22470379,-0.0143048232,0.280376405,-1.5016439,-0.82575953,0,-0.0533790924,-0.538130045,-0.606078148,1.19685352,-0.427551597,-1.4814651,-0.800828636,-0.0942896381,-0.0425597429,-0.404258102,1.12229323,1.04673874,-0.279997826,-0.136937618,-0.13595207,-0.208661944,-0.0282166321,-0.296499252,0.272334903,-0.0265482478,0.0467257351,0.905849576,2.68930078,0.309528947,2
0,-0.32890445,-0.684941351,-0.204772368,0.291318804,-0.297669798,-0.407344818,-0.114585042,-0.0596355125,-0.623986244,0.298111767,1.00716376,0.572134435,1.13404715,-0.517234027,-0.125630632,-0.0399202406,-0.716925859,1.08618891,0.346151531,-0.992467821,-0.780782402,-0.551693916,-0.110526666,0,0.504605114,1.12007058,-0.497923404,0.644826531,0.240790457,-0.361727297,-0.0489115976,0,1.34433937,1.29847205,1.09957254,0.957481444,1.23867571,0.897028387,0,-0.0533790924,-0.194939047,1.39350259,1.04283583,-0.587549329,1.35455489,1.08338594,-0.0942896381,-0.0425597429,-0.404258102,0.769171178,1.23817647,0.668674052,1.17954874,-0.342094123,-0.208661944,-0.0282166321,-0.296499252,-0.712489545,-0.490036398,0.865321517,0.0591415763,-0.498878568,-0.199069589,6
0,-0.32890445,-0.894525409,0.0340020917,0.990595162,1.476493,0.1996883,-0.114585042,-0.0596355125,-0.623986244,0.482071757,-0.245066568,-1.51061392,1.29880655,0.907937288,-0.125630632,-0.0399202406,0.407085121,0.733570218,-1.19376683,-1.15431678,1.15024269,1.32595754,-0.110526666,0,1.15249956,0.470731825,-0.155813694,0.482327133,1.41981947,0.718299329,-0.0489115976,0,-0.682535589,0.194582611,0.463071167,-1.07383358,0.211055845,1.47129107,0,-0.0533790924,-0.538130045,-0.606078148,-1.1134119,-1.22754025,0.468298674,0.376805425,-0.0942896381,-0.0425597429,-0.404258102,1.47541523,0.855301201,-0.849200904,1.01498795,0.0701899752,-0.208661944,-0.0282166321,-0.296499252,-0.515524685,-0.0265482478,0.865321517,0.736508012,-0.253634006,-0.199069589,9
0,-0.32890445,0.153394848,0.750325441,0.757503033,-0.475086063,-0.407344818,-0.114585042,-0.0596355125,0.31423232,1.03395164,0.50627166,0.780409276,0.804528654,-0.517234027,-0.125630632,-0.0399202406,0.969090581,0.909879565,-0.851562738,-0.992467821,0.989323914,1.01301563,-0.110526666,0,1.80039394,0.795401216,-1.18214285,-1.63016486,0.240790457,1.52831924,-0.0489115976,0,1.63389289,1.29847205,-0.809931457,-1.75093865,-0.131484106,1.47129107,0,-0.0533790924,1.17782497,1.39350259,-0.189305753,-1.22754025,0.468298674,1.31891274,-0.0942896381,-0.0425597429,0.150493473,1.47541523,1.23817647,0.858408391,1.17954874,1.10090017,-0.208661944,-0.0282166321,-0.296499252,-0.121594876,0.436939895,0.660672605,0.567166388,-0.253634006,-0.199069589,0
0,-0.32890445,0.991731048,0.272776544,-0.641049683,-0.829918623,-0.407344818,-0.114585042,-0.0596355125,0.00149279006,1.03395164,-1.24685085,-0.0526900552,-0.0192677919,-0.517234027,-0.125630632,-0.0399202406,-0.716925859,0.380951583,0.859457612,-0.0213738531,0.506567657,-0.551693916,-0.110526666,0,0.180657908,1.12007058,1.21262515,0.969825268,-0.0960749909,-0.631733954,-0.0489115976,0,-0.682535589,-0.436211318,-0.17343016,0.280376405,0.211055845,-0.538628221,0,-0.0533790924,-0.538130045,-1.0675199,-1.1134119,-1.22754025,0.468298674,0.847859085,-0.0942896381,-0.0425597429,-0.404258102,-1.3495611,-1.82482529,-1.79787278,-0.959741592,2.33775258,-0.208661944,-0.0282166321,-0.296499252,1.06019449,0.900428057,0.865321517,1.58321595,1.4630779,-0.199069589,9
0,-0.32890445,-1.10410953,-2.5925169,0.0582266748,0.234579042,-0.407344818,-0.114585042,-0.0596355125,-0.623986244,-1.90940797,-0.745958686,1.1969589,1.29880655,-0.232199743,-0.125630632,-0.0399202406,-0.4359231,-0.500595033,1.37276375,1.43526709,0.989323914,-0.551693916,-0.110526666,0,0.504605114,1.12007058,1.21262515,0.969825268,1.41981947,-0.631733954,-0.0489115976,0,-0.682535589,-1.22470379,-0.969056785,0.957481444,1.23867571,-0.82575953,0,-0.0533790924,-0.538130045,-1.0675199,-0.80537653,1.33242333,1.35455489,-0.0942482054,-0.0942896381,-0.0425597429,-0.404258102,-1.3495611,-0.676199675,1.23787713,1.17954874,-0.7543782,-0.208661944,-0.0282166321,-0.296499252,-1.10641932,-2.11224484,0.660672605,1.07519114,-0.498878568,-0.199069589,1
0,-0.32890445,0.153394848,0.0340020917,0.291318804,1.12166035,-0.407344818,-0.114585042,-0.0596355125,-0.623986244,0.666031718,0.00537951011,-0.677514553,1.29880655,-0.232199743,-0.125630632,-0.0399202406,-0.716925859,-0.67690438,-0.16715458,1.11156917,0.184730127,-0.551693916,-0.110526666,0,-0.79118371,-1.47728431,0.870515406,0.157328367,-1.10667133,-0.631733954,-0.0489115976,0,-0.682535589,-1.22470379,-0.650806129,0.957481444,-0.645294011,-0.82575953,0,-0.0533790924,-0.538130045,-1.0675199,-1.1134119,-0.267553866,1.00005245,-0.565301836,-0.0942896381,-0.0425597429,-0.404258102,0.416049123,-0.293324441,-1.22866964,1.17954874,-0.548236191,-0.208661944,-0.0282166321,-0.296499252,-0.318559766,0.436939895,0.865321517,0.905849576,-0.498878568,-0.199069589,3
0,-0.32890445,-1.10410953,-2.35374236,0.291318804,-1.00733483,-0.407344818,-0.114585042,-0.0596355125,-0.623986244,-1.90940797,-0.996404767,0.988684118,-1.33734202,-0.517234027,-0.125630632,-0.0399202406,-0.716925859,-0.853213727,1.5438658,-0.345071852,-0.941701174,-0.551693916,-0.110526666,0,-0.79118371,0.957735896,0.528405726,-1.46766543,1.41981947,0.448292673,-0.0489115976,0,0.475678682,1.29847205,-1.12818217,-0.227452338,1.23867571,1.47129107,0,-0.0533790924,-0.538130045,0.470619142,1.04283583,1.33242333,1.35455489,0.141278625,-0.0942896381,-0.0425597429,-0.404258102,-1.3495611,-1.82482529,0.668674052,-0.136937618,-0.7543782,-0.208661944,-0.0282166321,-0.296499252,-1.10641932,-2.80747724,0.251374692,-0.110200025,-0.498878568,-0.199069589,4
0,-0.32890445,-0.0561892018,-1.87619352,-0.641049683,0.766827881,-0.407344818,-0.114585042,-0.0596355125,-0.623986244,-0.0698082,-0.996404767,0.155584782,1.29880655,0.0528345145,-0.125630632,-0.0399202406,-0.716925859,-0.324285716,0.859457612,1.11156917,0.989323914,-0.238752022,-0.110526666,0,-0.79118371,-0.665610969,1.04157031,-0.492669165,-1.27510405,-0.631733954,-0.0489115976,0,-0.682535589,0.983075023,0.463071167,-1.75093865,-1.5016439,-0.82575953,0,-0.0533790924,-0.194939047,1.0858748,0.888818085,-0.74754703,-1.4814651,-0.800828636,-0.0942896381,-0.0425597429,-0.404258102,0.769171178,0.663863599,-0.849200904,-1.45342398,-0.7543782,-0.208661944,-0.0282166321,-0.296499252,0.272334903,0.900428057,-1.38581693,-1.12624967,-0.498878568,-0.199069589,8
0,-0.32890445,0.572562933,0.750325441,0.0582266748,-0.829918623,-0.407344818,-0.114585042,-0.0596355125,1.87792993,0.482071757,-0.996404767,0.363859624,-0.348786354,-0.517234027,-0.125630632,-0.0399202406,0.407085121,-1.38214171,-1.19376683,0.140475139,-0.298026145,-0.551693916,-0.110526666,0,-0.79118371,-1.47728431,-1.35319769,0.482327133,-0.938238621,-0.631733954,-0.0489115976,0,-0.682535589,-1.22470379,-0.0143048232,-0.566004872,-1.5016439,-0.82575953,0,-0.0533790924,-0.538130045,-0.298450351,0.888818085,-1.22754025,-0.772460103,0.141278625,-0.0942896381,-0.0425597429,-0.404258102,0.416049123,0.472425967,-0.0902634487,1.01498795,1.51318431,-0.208661944,-0.0282166321,-0.296499252,0.666264713,0.900428057,-0.567221105,0.0591415763,-0.253634006,-0.199069589,2
0,-0.32890445,2.03965139,0.98909992,0.990595162,1.65390921,2.32430434,-0.114585042,-0.0596355125,1.25245082,1.03395164,0.255825579,0.363859624,0.639769375,2.61814284,2.08300853,-0.0399202406,0.126082376,0.909879565,1.20166171,-0.830618858,-1.26353872,-0.551693916,-0.110526666,0,-0.79118371,-0.503276289,1.21262515,-0.817667961,-1.27510405,-0.631733954,-0.0489115976,0,-0.682535589,-1.22470379,0.781321824,0.111100167,-1.5016439,-0.82575953,0,-0.0533790924,-0.538130045,-1.0675199,0.734800398,0.0524415746,-1.4814651,-0.800828636,-0.0942896381,-0.0425597429,0.150493473,1.12229323,0.855301201,0.0994709209,-1.45342398,-0.7543782,-0.208661944,-0.0282166321,-0.296499252,1.45412421,0.900428057,-1.79511487,-1.12624967,-0.498878568,-0.199069589,5
0,-0.32890445,-1.10410953,0.511551023,0.524410903,-0.829918623,-0.407344818,-0.114585042,-0.0596355125,-0.623986244,-1.35752809,1.00716376,0.780409276,-1.33734202,-0.517234027,-0.125630632,-0.0399202406,-0.716925859,0.0283329226,1.5438658,-0.830618858,-1.26353872,-0.551693916,-0.110526666,0,-0.79118371,1.12007058,1.21262515,-0.330169797,-0.769805908,-0.631733954,-0.0489115976,0,0.186125115,1.29847205,0.940447152,-0.396728605,0.896135747,-0.251496881,0,-0.0533790924,-0.538130045,1.39350259,0.580782712,-1.22754025,0.468298674,1.55443954,-0.0942896381,-0.0425597429,-0.404258102,0.239488095,0.855301201,-0.469732195,1.17954874,1.30704224,-0.208661944,-0.0282166321,-0.296499252,-1.10641932,-0.0265482478,0.865321517,1.24453282,-0.253634006,-0.199069589,6
0,-0.32890445,-0.265773267,0.98909992,0.990595162,-0.297669798,-0.407344818,-0.114585042,-0.0596355125,-0.623986244,0.298111767,-0.245066568,-0.677514553,0.475010067,-0.517234027,-0.125630632,-0.0399202406,-0.716925859,-0.147976398,-0.851562738,-0.345071852,0.66748637,-0.551693916,-0.110526666,0,-0.79118371,-1.47728431,-1.52425253,-0.492669165,0.577655911,-0.631733954,-0.0489115976,0,-0.682535589,-1.22470379,-1.44643283,0.449652672,-0.474024057,-0.82575953,0,-0.0533790924,-0.538130045,-1.0675199,-0.80537653,1.33242333,-1.30421388,-0.800828636,-0.0942896381,-0.0425597429,-0.404258102,-1.1730001,1.04673874,1.04814279,0.192183971,-0.548236191,-0.208661944,-0.0282166321,-0.296499252,-0.121594876,0.900428057,-0.771870077,0.736508012,2.19881153,-0.199069589,2
0,-0.32890445,0.362978905,0.98909992,0.990595162,-0.120253511,-0.407344818,-0.114585042,-0.0596355125,-0.311246723,0.849991679,-0.245066568,0.780409276,0.475010067,-0.517234027,-0.125630632,-0.0399202406,-0.716925859,-1.73476028,-1.19376683,0.787871122,0.0238113683,-0.551693916,-0.110526666,0,-0.79118371,-0.99028033,-0.155813694,0.644826531,0.746088624,0.718299329,-0.0489115976,0,-0.682535589,0.983075023,1.09957254,0.957481444,0.211055845,0.609897077,0,-0.0533790924,-0.538130045,-0.759892046,0.118729629,1.01242793,-1.4814651,-0.800828636,-0.0942896381,-0.0425597429,-0.404258102,-1.1730001,1.04673874,-0.279997826,-1.45342398,-0.7543782,-0.208661944,-0.0282166321,-0.296499252,0.469299793,0.436939895,-2.2044127,-1.12624967,-0.498878568,-0.199069589,7
0,-0.32890445,0.362978905,0.0340020917,0.990595162,0.589411557,-0.407344818,-0.114585042,-0.0596355125,0.626971841,1.03395164,-1.49729693,-0.677514553,-0.843064249,-0.517234027,-0.125630632,-0.0399202406,0.407085121,1.08618891,-0.851562738,0.140475139,-0.780782402,-0.551693916,-0.110526666,0,1.47644675,1.12007058,1.04157031,0.482327133,1.41981947,0.178286016,-0.0489115976,0,0.765232265,0.509979606,-1.2873075,-1.58166242,1.23867571,1.47129107,0,-0.0533790924,-0.538130045,-1.0675199,-1.1134119,-0.107556142,1.35455489,-0.800828636,-0.0942896381,-0.0425597429,-0.404258102,-1.3495611,0.0895507634,1.23787713,-0.466059208,-0.7543782,-0.208661944,-0.0282166321,-0.296499252,0.863229573,-0.258292317,-1.5904659,-1.12624967,-0.498878568,-0.199069589,5
0,-0.32890445,-1.10410953,-2.5925169,0.757503033,-0.652502358,-0.407344818,-0.114585042,-0.0596355125,-0.623986244,-1.90940797,-1.49729693,0.780409276,-1.33734202,-0.517234027,-0.125630632,-0.0399202406,-0.716925859,-1.73476028,0.688355625,0.302324146,-1.26353872,1.32595754,-0.110526666,0,-0.79118371,-0.503276289,1.04157031,-1.46766543,0.577655911,3.41836572,-0.0489115976,0,0.765232265,1.29847205,0.781321824,-0.0581760854,1.23867571,1.47129107,0,6.65637302,4.60973501,1.39350259,1.35087121,1.33242333,1.35455489,-0.0942482054,-0.0942896381,-0.0425597429,1.25999665,-0.113633938,-0.867637277,0.668674052,0.356744766,-0.7543782,-0.208661944,-0.0282166321,-0.296499252,-1.10641932,-2.80747724,0.660672605,-0.618224859,-0.498878568,-0.199069589,4
0,-0.32890445,1.62048328,0.511551023,0.0582266748,1.65390921,0.806721449,-0.114585042,-0.0596355125,-0.623986244,1.03395164,-1.74774301,-1.09406424,1.29880655,0.907937288,-0.125630632,-0.0399202406,-0.716925859,0.557260871,0.00394746149,1.27341807,-0.619863689,-0.551693916,-0.110526666,0,-0.79118371,0.308397144,1.21262515,-1.30516613,-1.27510405,-0.631733954,-0.0489115976,0,-0.103428438,0.82537657,0.144820511,-0.73528111,-1.5016439,-0.82575953,0,-0.0533790924,2.20739794,-0.298450351,-0.959394217,1.17242563,-1.4814651,-0.800828636,-0.0942896381,-0.0425597429,2.36949968,0.0629270747,-1.63338768,1.23787713,-1.45342398,-0.7543782,-0.208661944,-0.0282166321,0.768356621,0.863229573,0.900428057,-0.771870077,-1.12624967,-0.498878568,-0.199069589,8
0,-0.32890445,-0.894525409,-0.921095729,-0.407957584,1.65390921,2.93133736,-0.114585042,-0.0596355125,0.00149279006,0.666031718,0.756717741,0.572134435,1.29880655,1.47800589,-0.125630632,-0.0399202406,-0.716925859,-0.67690438,-1.19376683,-0.183222845,0.989323914,0.0741898865,-0.110526666,0,-0.79118371,-1.47728431,-1.01108789,0.157328367,0.746088624,-0.0917206332,-0.0489115976,0,-0.682535589,-0.909306765,1.09957254,0.957481444,1.0674057,1.47129107,0,-0.0533790924,-0.538130045,-0.606078148,0.888818085,1.17242563,-1.12696266,-0.800828636,-0.0942896381,-0.0425597429,-0.404258102,-1.3495611,0.663863599,0.0994709209,-1.45342398,-0.7543782,-0.208661944,-0.0282166321,-0.296499252,-0.909454465,0.900428057,-1.38581693,-1.12624967,-0.498878568,-0.199069589,7
0,5.09672403,1.41089916,0.272776544,0.990595162,1.83132553,0.1996883,-0.114585042,-0.0596355125,2.81614852,1.03395164,0.756717741,-0.469239712,-0.678304911,-0.517234027,-0.125630632,-0.0399202406,1.5310961,0.733570218,0.688355625,-0.992467821,-1.26353872,-0.551693916,-0.110526666,0,1.80039394,1.12007058,1.21262515,0.644826531,-1.27510405,-0.631733954,-0.0489115976,0,-0.392982006,-0.278512836,-0.491680831,0.957481444,-1.5016439,-0.82575953,0,-0.0533790924,-0.538130045,-1.0675199,-0.343323469,1.33242333,-0.949711382,-0.800828636,-0.0942896381,-0.0425597429,0.150493473,-0.466755986,1.04673874,0.668674052,-1.45342398,-0.7543782,-0.208661944,-0.0282166321,3.96292424,1.84805405,0.900428057,-1.99976373,-1.12624967,-0.498878568,-0.199069589,5
0,-0.32890445,-0.894525409,0.0340020917,0.990595162,1.83132553,3.23485398,-0.114585042,-0.0596355125,-0.623986244,-0.621688128,1.00716376,0.155584782,0.639769375,2.04807425,-0.125630632,-0.0399202406,-0.716925859,-0.67690438,0.00394746149,-1.15431678,0.989323914,0.700073719,-0.110526666,0,-0.79118371,-1.47728431,-1.52425253,-0.655168533,1.41981947,0.178286016,-0.0489115976,0,-0.682535589,-1.22470379,0.144820511,0.957481444,1.23867571,1.75842237,0,-0.0533790924,-0.538130045,-1.0675199,0.118729629,1.17242563,-0.595208883,-0.800828636,-0.0942896381,-0.0425597429,-0.404258102,-1.3495611,-0.293324441,0.0994709209,-1.45342398,-0.7543782,-0.208661944,-0.0282166321,-0.296499252,-1.10641932,0.900428057,-1.38581693,-1.12624967,-0.498878568,-0.199069589,7
0,-0.32890445,0.362978905,0.272776544,-0.174865454,-1.00733483,-0.407344818,-0.114585042,-0.0596355125,1.25245082,1.03395164,-0.245066568,1.1969589,-1.33734202,-0.517234027,-0.125630632,-0.0399202406,0.126082376,-0.324285716,-0.338256598,1.43526709,-1.26353872,-0.551693916,-0.110526666,0,-0.79118371,-0.99028033,1.04157031,0.969825268,-0.264507711,-0.631733954,-0.0489115976,0,-0.682535589,-1.22470379,-0.332555473,-0.396728605,1.23867571,0.609897077,0,-0.0533790924,1.521016,0.162991345,-1.1134119,-1.22754025,0.468298674,1.31891274,-0.0942896381,-0.0425597429,-0.404258102,1.47541523,-0.676199675,-0.659466565,0.850427151,0.482474059,-0.208661944,-0.0282166321,-0.296499252,0.0753700212,0.668684006,0.865321517,0.567166388,-0.498878568,-0.199069589,3
0,-0.32890445,-1.10410953,-2.11496806,0.990595162,-0.120253511,-0.407344818,-0.114585042,-0.0596355125,-0.623986244,-1.35752809,0.50627166,-0.0526900552,-1.33734202,2.04807425,12.0218849,-0.0399202406,-0.4359231,0.557260871,0.688355625,-1.15431678,-0.941701174,4.1424346,17.2559757,0,1.47644675,1.12007058,0.0152411638,0.157328367,1.41981947,3.41836572,20.4450474,0,1.05478585,1.14077353,0.622196496,0.280376405,1.23867571,1.75842237,0,-0.0533790924,-0.538130045,-1.0675199,-1.1134119,0.0524415746,1.17730367,-0.329775035,-0.0942896381,-0.0425597429,-0.404258102,-1.3495611,-1.63338768,1.04814279,-0.301498413,-0.7543782,-0.208661944,-0.0282166321,-0.296499252,-1.10641932,-1.64875674,0.660672605,-0.787566423,-0.498878568,-0.199069589,4
0,0.756221235,0.991731048,0.511551023,0.291318804,-0.297669798,-0.407344818,-0.114585042,-0.0596355125,3.12888789,0.114151776,-1.74774301,-0.469239712,0.969287932,-0.517234027,-0.125630632,-0.0399202406,1.5310961,-1.20583236,-0.851562738,0.787871122,0.0238113683,-0.551693916,-0.110526666,0,-0.79118371,-0.99028033,1.04157031,0.8073259,-0.601373136,-0.631733954,-0.0489115976,0,-0.682535589,-1.06700528,-0.809931457,-0.566004872,0.896135747,0.609897077,0,-0.0533790924,-0.538130045,-1.0675199,-1.1134119,-1.22754025,-0.240706354,2.02549314,-0.0942896381,-0.0425597429,-0.404258102,-1.3495611,-1.82482529,-1.60813844,0.356744766,1.51318431,-0.208661944,-0.0282166321,-0.296499252,1.25715935,0.900428057,0.865321517,0.397824794,-0.253634006,-0.199069589,3
0,-0.32890445,0.362978905,0.98909992,0.990595162,0.766827881,-0.407344818,-0.114585042,-0.0596355125,-0.623986244,0.666031718,0.255825579,-0.677514553,-0.678304911,-0.517234027,-0.125630632,-0.0399202406,0.688087881,1.08618891,-0.16715458,-1.15431678,-1.26353872,-0.551693916,-0.110526666,0,3.74407721,0.957735896,-0.155813694,-0.655168533,-1.10667133,-0.631733954,-0.0489115976,0,0.475678682,0.667678058,0.463071167,0.957481444,0.724865794,-0.251496881,0,-0.0533790924,-0.538130045,-1.0675199,-1.1134119,-1.06754243,1.17730367,0.612332284,-0.0942896381,-0.0425597429,-0.404258102,-0.466755986,-0.676199675,-0.659466565,1.17954874,0.0701899752,-0.208661944,-0.0282166321,-0.296499252,0.272334903,0.900428057,0.865321517,0.736508012,-0.253634006,-0.199069589,5
0,-0.32890445,-0.894525409,0.511551023,-0.641049683,-1.00733483,-0.407344818,-0.114585042,-0.0596355125,-0.623986244,0.666031718,0.756717741,-1.51061392,-1.33734202,-0.517234027,-0.125630632,-0.0399202406,-0.4359231,1.08618891,0.517253578,-1.15431678,-1.26353872,-0.551693916,-0.110526666,0,0.828552306,0.795401216,0.699460566,0.8073259,0.409223169,-0.631733954,-0.0489115976,0,1.63389289,1.29847205,-1.12818217,-1.24310982,0.896135747,0.609897077,0,-0.0533790924,1.17782497,1.39350259,-0.497341156,-1.22754025,0.645549893,0.612332284,-0.0942896381,-0.0425597429,-0.404258102,0.416049123,0.663863599,-1.41840398,0.850427151,0.482474059,-0.208661944,-0.0282166321,-0.296499252,-0.712489545,-0.0265482478,0.865321517,0.736508012,-0.253634006,-0.199069589,6
0,-0.32890445,-0.684941351,-0.443546832,0.0582266748,-0.652502358,-0.407344818,-0.114585042,-0.0596355125,-0.623986244,0.114151776,1.00716376,0.572134435,0.310250789,-0.517234027,-0.125630632,-0.0399202406,-0.716925859,-0.147976398,0.00394746149,-0.830618858,1.15024269,-0.551693916,-0.110526666,0,-0.79118371,-0.99028033,-1.18214285,-1.1426667,1.25138676,-0.631733954,-0.0489115976,0,-0.682535589,-1.22470379,-1.44643283,-0.0581760854,0.211055845,-0.82575953,0,-0.0533790924,-0.538130045,-0.759892046,-0.0352880657,1.33242333,-0.240706354,-0.800828636,-0.0942896381,-0.0425597429,-0.404258102,0.239488095,1.23817647,1.23787713,1.17954874,2.54389453,2.70564985,-0.0282166321,-0.296499252,-0.515524685,0.205195829,-0.567221105,0.228483185,0.482099682,-0.199069589,2
0,-0.32890445,-1.10410953,-0.443546832,0.757503033,-0.829918623,-0.407344818,-0.114585042,-0.0596355125,-0.623986244,-0.989608109,1.00716376,1.1969589,0.310250789,-0.517234027,-0.125630632,-0.0399202406,-0.716925859,0.733570218,-0.16715458,-0.183222845,1.15024269,-0.551693916,-0.110526666,0,0.504605114,1.12007058,-0.840033114,-1.63016486,1.25138676,0.178286016,-0.0489115976,0,0.765232265,1.14077353,-0.650806129,-1.75093865,0.382325828,0.609897077,0,-0.0533790924,-0.538130045,0.778246939,0.580782712,-1.22754025,0.822801173,0.376805425,-0.0942896381,-0.0425597429,-0.404258102,0.0629270747,1.23817647,1.23787713,1.17954874,-0.13595207,-0.208661944,-0.0282166321,-0.296499252,-0.909454465,-0.95352453,0.251374692,0.228483185,-0.498878568,-0.199069589,0
0,-0.32890445,-1.10410953,-2.11496806,0.757503033,1.83132553,-0.103828259,-0.114585042,-0.0596355125,-0.623986244,-0.621688128,0.756717741,1.1969589,0.969287932,-0.517234027,-0.125630632,-0.0399202406,0.407085121,1.08618891,1.5438658,1.27341807,0.828405142,-0.551693916,-0.110526666,0,-0.79118371,-0.178606898,-1.18214285,0.8073259,0.914521337,-0.631733954,-0.0489115976,0,-0.682535589,-1.22470379,-1.44643283,0.957481444,1.0674057,-0.82575953,0,-0.0533790924,-0.538130045,-1.0675199,-1.1134119,1.33242333,0.645549893,-0.800828636,-0.0942896381,-0.0425597429,-0.404258102,-1.3495611,-1.63338768,1.23787713,1.17954874,-0.342094123,-0.208661944,-0.0282166321,-0.296499252,-1.10641932,-2.11224484,0.660672605,1.07519114,-0.253634006,-0.199069589,1
0,0.756221235,0.78214699,0.750325441,0.291318804,-0.297669798,-0.407344818,-0.114585042,-0.0596355125,0.939711332,0.298111767,-1.99818909,-0.0526900552,-0.348786354,-0.517234027,-0.125630632,-0.0399202406,-0.716925859,-1.73476028,-0.680460691,1.27341807,-0.941701174,-0.551693916,-0.110526666,0,-0.79118371,-1.47728431,1.04157031,0.482327133,-1.10667133,-0.631733954,-0.0489115976,0,-0.682535589,-1.22470379,-1.12818217,-0.227452338,0.896135747,-0.251496881,0,-0.0533790924,-0.538130045,-1.0675199,-1.1134119,-1.22754025,0.468298674,1.08338594,-0.0942896381,-0.0425597429,-0.404258102,0.416049123,-0.676199675,-1.0389353,0.356744766,0.688616097,-0.208661944,-0.0282166321,-0.296499252,0.469299793,0.668684006,0.865321517,0.397824794,-0.253634006,-0.199069589,3
0,-0.32890445,-1.10410953,-2.11496806,0.291318804,0.234579042,-0.407344818,-0.114585042,-0.0596355125,-0.623986244,-1.72544801,0.50627166,0.155584782,-1.33734202,-0.517234027,-0.125630632,-0.0399202406,-0.716925859,0.380951583,0.859457612,-0.992467821,-0.941701174,0.38713181,-0.110526666,0,1.47644675,1.12007058,-0.840033114,-1.46766543,1.25138676,2.06833267,-0.0489115976,0,2.21300006,0.983075023,-1.44643283,-0.566004872,1.23867571,1.47129107,0,-0.0533790924,4.60973501,1.39350259,1.35087121,1.33242333,1.35455489,-0.565301836,-0.0942896381,-0.0425597429,1.81474817,0.592610121,0.280988365,1.04814279,0.356744766,-0.7543782,-0.208661944,-0.0282166321,-0.296499252,-1.10641932,-2.34398913,0.660672605,-0.448883235,-0.498878568,-0.199069589,4
0,-0.32890445,0.991731048,0.98909992,0.990595162,1.29907668,-0.407344818,-0.114585042,-0.0596355125,0.626971841,1.03395164,0.756717741,0.363859624,-0.678304911,-0.517234027,-0.125630632,-0.0399202406,1.5310961,1.08618891,-0.509358644,-1.15431678,-1.26353872,-0.551693916,-0.110526666,0,0.504605114,1.12007058,0.357350856,-0.655168533,-1.10667133,-0.631733954,-0.0489115976,0,-0.682535589,0.0368841328,1.09957254,0.957481444,0.724865794,-0.251496881,0,-0.0533790924,-0.538130045,-1.0675199,-0.959394217,-0.107556142,1.00005245,2.02549314,-0.0942896381,-0.0425597429,-0.404258102,-1.3495611,-0.676199675,0.668674052,1.17954874,1.30704224,-0.208661944,-0.0282166321,-0.296499252,1.25715935,0.900428057,0.456023633,-0.110200025,-0.498878568,-0.199069589,5
0,-0.32890445,2.03965139,0.98909992,0.0582266748,-0.120253511,-0.407344818,-0.114585042,-0.0596355125,-0.311246723,1.03395164,0.756717741,0.155584782,-0.184027076,-0.517234027,-0.125630632,-0.0399202406,0.407085121,1.08618891,0.346151531,-1.15431678,-1.26353872,-0.551693916,-0.110526666,0,1.80039394,1.12007058,0.870515406,0.319827735,-0.0960749909,-0.631733954,-0.0489115976,0,1.34433937,1.29847205,0.781321824,-0.0581760854,1.23867571,0.0356344357,0,-0.0533790924,-0.538130045,-0.913705945,-1.1134119,0.37243703,1.35455489,0.141278625,-0.0942896381,-0.0425597429,-0.404258102,-1.1730001,0.0895507634,1.23787713,0.192183971,-0.7543782,-0.208661944,-0.0282166321,-0.296499252,1.45412421,0.668684006,-1.38581693,-1.12624967,-0.498878568,-0.199069589,5
0,-0.32890445,-0.894525409,0.0340020917,-2.27269459,-1.00733483,-0.407344818,-0.114585042,-0.0596355125,-0.623986244,-0.805648148,0.255825579,-2.13543844,-1.33734202,-0.517234027,-0.125630632,-0.0399202406,-0.716925859,0.204642251,0.175049499,-1.15431678,-1.26353872,-0.551693916,-0.110526666,0,-0.467236519,0.957735896,-1.35319769,-1.63016486,-1.27510405,-0.631733954,-0.0489115976,0,-0.103428438,1.14077353,-1.12818217,0.618928909,0.724865794,0.322765768,0,-0.0533790924,0.148251966,1.23968863,1.35087121,0.37243703,-0.595208883,2.49654675,-0.0942896381,-0.0425597429,-0.404258102,0.239488095,0.663863599,-1.0389353,0.0276231728,2.13161039,-0.208661944,-0.0282166321,-0.296499252,-1.10641932,-0.490036398,0.251374692,0.905849576,0.236855134,-0.199069589,6
0,-0.32890445,-1.10410953,0.272776544,0.757503033,-0.297669798,-0.407344818,-0.114585042,-0.0596355125,-0.623986244,0.114151776,1.00716376,-0.2609649,-0.678304911,-0.517234027,-0.125630632,-0.0399202406,-0.4359231,1.08618891,1.20166171,-1.15431678,-1.26353872,-0.551693916,-0.110526666,0,0.828552306,1.12007058,-0.326868534,-1.63016486,-1.27510405,-0.631733954,-0.0489115976,0,0.765232265,1.29847205,1.09957254,0.618928909,-0.816564023,-0.82575953,0,-0.0533790924,0.148251966,1.23968863,0.272747338,-0.107556142,1.17730367,0.376805425,-0.0942896381,-0.0425597429,-0.404258102,0.592610121,0.663863599,-1.0389353,0.521305561,1.92546833,-0.208661944,-0.0282166321,-0.296499252,-0.909454465,0.205195829,0.865321517,1.58321595,1.95356703,-0.199069589,6
0,-0.32890445,-1.10410953,-2.83129144,0.0582266748,0.766827881,-0.407344818,-0.114585042,-0.0596355125,-0.623986244,-1.90940797,-0.245066568,1.1969589,-0.843064249,-0.517234027,-0.125630632,-0.0399202406,-0.716925859,-1.02952302,1.37276375,-0.506920815,-1.26353872,-0.551693916,-0.110526666,0,-0.79118371,0.470731825,0.186296016,-1.63016486,0.0723577365,2.06833267,-0.0489115976,0,1.05478585,1.14077353,-1.2873075,-1.58166242,1.0674057,1.47129107,0,-0.0533790924,1.86420691,1.39350259,0.118729629,0.37243703,1.35455489,0.847859085,-0.0942896381,-0.0425597429,1.81474817,1.29885423,1.23817647,1.23787713,0.685866356,-0.7543782,-0.208661944,-0.0282166321,-0.296499252,-1.10641932,-2.80747724,0.0467257351,0.397824794,-0.498878568,-0.199069589,4
0,-0.32890445,-0.0561892018,0.750325441,0.524410903,-0.475086063,-0.407344818,-0.114585042,-0.0596355125,-0.623986244,0.298111767,-1.24685085,-1.71888876,0.639769375,-0.517234027,-0.125630632,-0.0399202406,-0.716925859,1.08618891,-0.680460691,-1.15431678,0.66748637,-0.238752022,-0.110526666,0,-0.79118371,0.470731825,0.357350856,-0.00517102238,1.25138676,-0.631733954,-0.0489115976,0,-0.682535589,-0.909306765,0.144820511,0.788205206,0.724865794,-0.538628221,0,-0.0533790924,-0.538130045,-1.0675199,-1.1134119,-1.22754025,1.00005245,0.141278625,-0.0942896381,-0.0425597429,-0.404258102,-1.3495611,-0.676199675,0.478939652,1.01498795,-0.342094123,-0.208661944,-0.0282166321,-0.296499252,0.272334903,0.205195829,-1.5904659,-1.12624967,-0.498878568,-0.199069589,9
0,-0.32890445,-1.10410953,-1.15987015,0.757503033,-0.829918623,-0.407344818,-0.114585042,-0.0596355125,-0.623986244,-1.90940797,0.756717741,1.1969589,-1.17258275,-0.517234027,-0.125630632,-0.0399202406,-0.716925859,-0.147976398,1.5438658,1.43526709,-0.941701174,-0.551693916,-0.110526666,0,-0.143289298,1.12007058,1.21262515,0.969825268,-1.27510405,-0.631733954,-0.0489115976,0,2.21300006,1.29847205,1.09957254,0.957481444,1.23867571,1.47129107,0,-0.0533790924,2.20739794,1.23968863,1.19685352,1.01242793,-0.0634551048,0.376805425,-0.0942896381,-0.0425597429,-0.404258102,-1.3495611,0.280988365,0.478939652,-1.45342398,-0.7543782,-0.208661944,-0.0282166321,-0.296499252,-1.10641932,-1.41701269,0.660672605,-0.956908047,-0.498878568,-0.199069589,4
0,-0.32890445,-1.10410953,-1.6374191,-0.174865454,-1.00733483,-0.407344818,-0.114585042,-0.0596355125,-0.623986244,-1.90940797,-0.495512635,0.572134435,-1.33734202,-0.517234027,-0.125630632,-0.0399202406,-0.716925859,-1.73476028,1.5438658,1.43526709,-0.298026145,-0.551693916,-0.110526666,0,-0.79118371,-0.0162722114,0.528405726,0.969825268,-0.432940423,-0.631733954,-0.0489115976,0,-0.103428438,1.29847205,-0.809931457,0.957481444,-0.302754074,-0.82575953,0,-0.0533790924,2.55058908,1.39350259,1.04283583,1.33242333,1.35455489,-0.0942482054,-0.0942896381,-0.0425597429,1.25999665,0.0629270747,0.280988365,1.23787713,-0.136937618,-0.548236191,-0.208661944,-0.0282166321,-0.296499252,-1.10641932,-1.64875674,0.251374692,-1.12624967,-0.498878568,-0.199069589,4
0,-0.32890445,-0.0561892018,0.272776544,0.757503033,0.0571627617,-0.407344818,-0.114585042,-0.0596355125,0.00149279006,1.03395164,-0.745958686,1.1969589,0.804528654,-0.517234027,-0.125630632,-0.0399202406,0.407085121,0.733570218,-1.19376683,0.464173138,1.3111614,0.0741898865,-0.110526666,0,0.504605114,0.957735896,0.357350856,0.8073259,1.41981947,-0.361727297,-0.0489115976,0,-0.682535589,-0.120814353,0.144820511,-1.24310982,0.724865794,1.47129107,0,-0.0533790924,-0.538130045,-0.606078148,-1.1134119,-1.22754025,0.645549893,0.376805425,-0.0942896381,-0.0425597429,-0.404258102,0.945732176,0.280988365,-1.0389353,1.17954874,0.0701899752,-0.208661944,-0.0282166321,-0.296499252,0.272334903,0.436939895,0.865321517,0.736508012,-0.253634006,-0.199069589,9
0,-0.32890445,0.572562933,-1.39864469,-2.73887897,-1.00733483,-0.407344818,-0.114585042,-0.0596355125,-0.623986244,-0.805648148,0.50627166,-2.13543844,-1.33734202,-0.517234027,-0.125630632,-0.0399202406,-0.716925859,-0.67690438,1.5438658,-0.668769836,-1.26353872,-0.551693916,-0.110526666,0,-0.79118371,0.146062478,1.21262515,-0.167670414,-1.27510405,-0.631733954,-0.0489115976,0,-0.682535589,-1.06700528,-0.491680831,0.957481444,-1.15910399,-0.82575953,0,-0.0533790924,-0.538130045,-1.0675199,-1.1134119,0.852430165,-0.240706354,-0.800828636,-0.0942896381,-0.0425597429,-0.404258102,-0.643316984,-0.293324441,0.858408391,0.850427151,0.894758165,3.67708707,-0.0282166321,-0.296499252,0.666264713,0.900428057,0.865321517,1.58321595,3.42503452,6.41271114,1
0,1.84134698,0.572562933,0.750325441,0.990595162,0.766827881,-0.407344818,-0.114585042,-0.0596355125,2.81614852,1.03395164,-0.495512635,-1.30233908,1.13404715,-0.232199743,-0.125630632,-0.0399202406,2.65510702,0.557260871,-1.19376683,-1.15431678,0.828405142,1.01301563,-0.110526666,0,2.77223563,0.633066535,-1.52425253,-1.63016486,1.25138676,1.25831258,-0.0489115976,0,1.63389289,1.29847205,-1.44643283,-1.75093865,1.0674057,0.897028387,0,-0.0533790924,1.521016,1.39350259,-0.959394217,-0.427551597,1.35455489,-0.329775035,-0.0942896381,-0.0425597429,0.705245078,1.47541523,-0.676199675,1.04814279,0.521305561,-0.7543782,-0.208661944,-0.0282166321,-0.296499252,0.272334903,0.900428057,0.456023633,-0.956908047,-0.498878568,-0.199069589,0
0,-0.32890445,-1.10410953,-2.83129144,-0.874141812,1.476493,2.62782073,-0.114585042,-0.0596355125,-0.623986244,-1.90940797,-0.745958686,-0.677514553,0.145491496,2.90317702,-0.125630632,-0.0399202406,-0.716925859,-0.147976398,0.175049499,-1.15431678,0.66748637,2.26478338,-0.110526666,0,0.504605114,1.12007058,-0.155813694,0.319827735,1.41981947,-0.0917206332,-0.0489115976,0,0.765232265,1.29847205,1.09957254,-0.0581760854,1.0674057,-0.82575953,0,-0.0533790924,-0.538130045,-0.452264249,-1.1134119,-0.427551597,0.468298674,-0.800828636,-0.0942896381,-0.0425597429,-0.404258102,-1.3495611,-1.82482529,-0.279997826,0.0276231728,-0.7543782,-0.208661944,-0.0282166321,-0.296499252,-1.10641932,-2.80747724,-0.362572163,0.567166388,-0.498878568,-0.199069589,9
0,-0.32890445,0.78214699,-1.15987015,-2.73887897,-1.00733483,-0.407344818,-0.114585042,-0.0596355125,-0.623986244,-0.253768176,-0.245066568,-2.13543844,-1.33734202,-0.517234027,-0.125630632,-0.0399202406,-0.716925859,0.909879565,-0.509358644,-1.15431678,-1.26353872,-0.551693916,-0.110526666,0,-0.143289298,1.12007058,-1.35319769,-1.63016486,-1.27510405,-0.631733954,-0.0489115976,0,0.765232265,1.29847205,-0.17343016,0.618928909,0.0397858657,-0.82575953,0,-0.0533790924,1.17782497,1.39350259,1.19685352,0.0524415746,0.113796152,1.55443954,-0.0942896381,-0.0425597429,1.25999665,1.47541523,-1.44195008,-1.79787278,-0.301498413,1.51318431,-0.208661944,-0.0282166321,-0.296499252,0.272334903,0.436939895,0.865321517,0.905849576,-0.253634006,-0.199069589,6
0,-0.32890445,-1.10410953,-2.11496806,0.524410903,-0.829918623,-0.407344818,-0.114585042,-0.0596355125,-0.623986244,-1.90940797,0.255825579,0.363859624,-1.17258275,-0.517234027,-0.125630632,-0.0399202406,-0.716925859,-0.500595033,1.5438658,-0.345071852,-0.780782402,-0.551693916,-0.110526666,0,0.180657908,0.957735896,0.357350856,-0.817667961,1.41981947,-0.0917206332,-0.0489115976,0,0.765232265,1.29847205,0.303945839,0.111100167,1.23867571,0.897028387,0,-0.0533790924,-0.538130045,-0.144636467,0.734800398,1.33242333,0.822801173,-0.0942482054,-0.0942896381,-0.0425597429,-0.404258102,-1.3495611,-1.63338768,1.04814279,-0.301498413,-0.7543782,-0.208661944,-0.0282166321,-0.296499252,-1.10641932,-2.34398913,0.865321517,0.0591415763,-0.498878568,-0.199069589,4
0,-0.32890445,-1.10410953,-0.921095729,0.0582266748,-1.00733483,-0.407344818,-0.114585042,-0.0596355125,-0.623986244,-0.989608109,1.00716376,-1.51061392,-1.33734202,0.0528345145,-0.125630632,-0.0399202406,-0.4359231,1.08618891,-0.338256598,-0.992467821,0.345648885,4.1424346,2.06028628,0,2.12434125,1.12007058,-0.840033114,-0.167670414,1.41981947,1.25831258,-0.0489115976,0,1.34433937,1.29847205,1.09957254,0.957481444,-0.302754074,-0.82575953,0,-0.0533790924,-0.538130045,-0.759892046,0.118729629,1.33242333,-1.12696266,-0.800828636,-0.0942896381,-0.0425597429,-0.404258102,-1.3495611,0.0895507634,0.668674052,-1.45342398,-0.7543782,-0.208661944,-0.0282166321,-0.296499252,-1.10641932,-0.0265482478,-0.362572163,-1.12624967,-0.498878568,-0.199069589,4
0,-0.32890445,-0.265773267,-0.443546832,0.0582266748,0.234579042,-0.407344818,-0.114585042,-0.0596355125,-0.623986244,-0.437728167,1.00716376,1.1969589,1.13404715,-0.517234027,-0.125630632,-0.0399202406,-0.716925859,-0.147976398,1.5438658,1.43526709,0.66748637,-0.551693916,-0.110526666,0,-0.79118371,-0.340941578,1.21262515,0.969825268,0.240790457,-0.631733954,-0.0489115976,0,-0.682535589,-0.909306765,0.781321824,0.957481444,0.382325828,-0.538628221,0,-0.0533790924,-0.538130045,-1.0675199,1.35087121,1.33242333,1.35455489,-0.800828636,-0.0942896381,-0.0425597429,-0.404258102,-0.99643904,1.23817647,1.23787713,0.521305561,-0.7543782,-0.208661944,-0.0282166321,-0.296499252,-0.909454465,-0.721780479,-0.362572163,-1.12624967,-0.498878568,-0.199069589,1
0,-0.32890445,-1.10410953,-0.443546832,0.291318804,-1.00733483,-0.407344818,-0.114585042,-0.0596355125,-0.623986244,-1.90940797,0.255825579,1.1969589,-0.513545632,-0.517234027,-0.125630632,-0.0399202406,-0.716925859,-1.73476028,1.5438658,1.43526709,-0.619863689,-0.551693916,-0.110526666,0,-0.79118371,-0.99028033,1.21262515,0.969825268,-0.0960749909,-0.631733954,-0.0489115976,0,-0.682535589,-0.120814353,1.09957254,0.957481444,0.0397858657,-0.82575953,0,-0.0533790924,-0.538130045,0.316805243,1.35087121,1.33242333,0.291047394,-0.800828636,-0.0942896381,-0.0425597429,-0.404258102,0.416049123,1.23817647,1.23787713,0.850427151,-0.7543782,-0.208661944,-0.0282166321,-0.296499252,-0.909454465,-1.64875674,-0.976518989,1.41387439,1.4630779,-0.199069589,1
0,-0.32890445,-0.475357324,-0.68232125,0.524410903,0.234579042,-0.407344818,-0.114585042,-0.0596355125,0.31423232,0.849991679,-0.245066568,-0.469239712,1.13404715,0.0528345145,-0.125630632,-0.0399202406,0.407085121,1.08618891,-0.338256598,-0.830618858,1.3111614,1.63889945,-0.110526666,0,-0.79118371,-0.82794565,1.04157031,0.482327133,1.41981947,1.25831258,-0.0489115976,0,-0.682535589,-1.22470379,-0.491680831,0.957481444,1.23867571,-0.538628221,0,-0.0533790924,-0.538130045,-0.759892046,1.19685352,0.0524415746,1.35455489,0.847859085,-0.0942896381,-0.0425597429,-0.404258102,-0.643316984,1.23817647,-1.0389353,1.01498795,0.688616097,-0.208661944,-0.0282166321,-0.296499252,-1.10641932,-0.490036398,0.660672605,0.567166388,-0.498878568,-0.199069589,8
0,-0.32890445,-0.475357324,0.272776544,-0.407957584,-0.829918623,-0.407344818,-0.114585042,-0.0596355125,-0.623986244,-1.35752809,1.00716376,1.1969589,-0.678304911,-0.517234027,-0.125630632,-0.0399202406,-0.716925859,-1.55845106,1.5438658,1.43526709,-0.941701174,-0.551693916,-0.110526666,0,-0.79118371,-0.503276289,1.21262515,0.969825268,-1.10667133,-0.631733954,-0.0489115976,0,-0.682535589,-0.5939098,1.09957254,0.957481444,-1.33037388,-0.82575953,0,-0.0533790924,-0.538130045,-0.452264249,1.35087121,1.33242333,-0.949711382,-0.800828636,-0.0942896381,-0.0425597429,-0.404258102,-0.113633938,1.23817647,1.23787713,-1.45342398,-0.7543782,-0.208661944,-0.0282166321,-0.296499252,-0.712489545,0.436939895,0.865321517,-0.279541612,-0.498878568,-0.199069589,1
0,-0.32890445,-1.10410953,-0.204772368,0.524410903,-1.00733483,-0.407344818,-0.114585042,-0.0596355125,-0.623986244,-0.0698082,1.00716376,-1.30233908,-1.33734202,-0.517234027,-0.125630632,-0.0399202406,-0.4359231,0.909879565,0.688355625,-1.15431678,-1.26353872,-0.551693916,-0.110526666,0,0.180657908,1.12007058,0.528405726,-0.330169797,-0.938238621,-0.631733954,-0.0489115976,0,1.34433937,1.29847205,1.09957254,0.280376405,0.896135747,0.0356344357,0,-0.0533790924,0.834633946,1.39350259,0.118729629,-1.22754025,0.291047394,1.31891274,-0.0942896381,-0.0425597429,0.150493473,0.769171178,1.04673874,-0.0902634487,0.850427151,1.30704224,-0.208661944,-0.0282166321,-0.296499252,-0.712489545,-0.490036398,0.251374692,0.736508012,-0.253634006,-0.199069589,6
0,-0.32890445,-0.265773267,0.750325441,-2.50578666,-1.00733483,-0.407344818,-0.114585042,-0.0596355125,-0.623986244,-0.253768176,-0.495512635,-2.13543844,-1.33734202,-0.517234027,-0.125630632,-0.0399202406,-0.4359231,0.909879565,-0.851562738,-1.15431678,-1.26353872,-0.551693916,-0.110526666,0,0.504605114,0.470731825,-1.52425253,-1.63016486,-1.27510405,-0.631733954,-0.0489115976,0,1.63389289,0.983075023,-0.0143048232,-0.396728605,-0.474024057,-0.538628221,0,-0.0533790924,1.86420691,1.0858748,-0.0352880657,-0.427551597,0.645549893,1.08338594,-0.0942896381,-0.0425597429,0.705245078,1.47541523,-1.05907488,-1.60813844,0.521305561,0.482474059,-0.208661944,-0.0282166321,-0.296499252,-0.121594876,0.436939895,0.865321517,0.736508012,-0.498878568,-0.199069589,6
0,-0.32890445,-0.265773267,0.272776544,0.990595162,1.476493,-0.407344818,-0.114585042,-0.0596355125,-0.623986244,0.482071757,-0.495512635,0.155584782,1.13404715,-0.517234027,-0.125630632,-0.0399202406,-0.716925859,-1.73476028,-1.19376683,0.302324146,0.506567657,-0.551693916,-0.110526666,0,-0.79118371,-1.31494963,-0.497923404,0.644826531,1.41981947,1.52831924,-0.0489115976,0,-0.682535589,0.509979606,1.09957254,0.788205206,-0.131484106,0.609897077,0,-0.0533790924,-0.538130045,-0.759892046,0.580782712,0.37243703,-1.4814651,-0.800828636,-0.0942896381,-0.0425597429,-0.404258102,-1.1730001,0.855301201,-0.659466565,-1.45342398,-0.7543782,-0.208661944,-0.0282166321,-0.296499252,-0.121594876,0.900428057,-1.99976373,-1.12624967,-0.498878568,-0.199069589,7
0,-0.32890445,0.991731048,0.98909992,-0.874141812,-1.00733483,-0.407344818,-0.114585042,-0.0596355125,0.626971841,1.03395164,0.255825579,1.1969589,-0.843064249,-0.517234027,-0.125630632,-0.0399202406,-0.716925859,0.380951583,-1.02266479,0.62602216,-0.298026145,-0.551693916,-0.110526666,0,-0.79118371,-1.47728431,-1.52425253,0.319827735,0.0723577365,-0.631733954,-0.0489115976,0,-0.682535589,-1.22470379,-1.44643283,0.618928909,-0.645294011,-0.82575953,0,-0.0533790924,-0.538130045,-1.0675199,-0.0352880657,1.33242333,-0.417957604,0.141278625,-0.0942896381,-0.0425597429,-0.404258102,-0.466755986,1.23817647,1.23787713,1.17954874,2.54389453,3.67708707,-0.0282166321,-0.296499252,1.06019449,0.668684006,-0.567221105,0.228483185,0.972588837,-0.199069589,2
0,-0.32890445,-1.10410953,0.0340020917,0.291318804,-1.00733483,-0.407344818,-0.114585042,-0.0596355125,-0.623986244,-0.989608109,1.00716376,-0.469239712,-1.33734202,-0.517234027,-0.125630632,-0.0399202406,-0.716925859,0.557260871,1.5438658,-0.668769836,-1.26353872,-0.551693916,-0.110526666,0,-0.79118371,0.795401216,0.699460566,-1.63016486,-1.27510405,-0.631733954,-0.0489115976,0,-0.682535589,1.14077353,0.463071167,-0.566004872,-1.15910399,-0.82575953,0,-0.0533790924,-0.538130045,0.932060838,1.35087121,0.852430165,1.35455489,-0.0942482054,-0.0942896381,-0.0425597429,-0.404258102,-0.113633938,1.23817647,0.289205283,1.01498795,0.894758165,-0.208661944,-0.0282166321,-0.296499252,-0.909454465,-0.721780479,0.660672605,0.736508012,0.236855134,-0.199069589,6
0,-0.32890445,-1.10410953,0.272776544,0.0582266748,-1.00733483,-0.407344818,-0.114585042,-0.0596355125,-0.623986244,-0.805648148,1.00716376,-1.30233908,-1.33734202,-0.517234027,-0.125630632,-0.0399202406,-0.154920369,1.08618891,0.517253578,-1.15431678,-1.26353872,-0.551693916,-0.110526666,0,0.828552306,1.12007058,0.186296016,-1.63016486,-1.27510405,-0.631733954,-0.0489115976,0,1.63389289,1.14077353,0.940447152,-0.73528111,-1.5016439,-0.82575953,0,-0.0533790924,0.491442949,1.39350259,1.04283583,0.852430165,0.291047394,-0.329775035,-0.0942896381,-0.0425597429,-0.404258102,0.769171178,1.23817647,0.668674052,1.17954874,1.71932638,-0.208661944,-0.0282166321,-0.296499252,-0.909454465,-0.490036398,0.865321517,1.24453282,0.482099682,-0.199069589,6
0,-0.32890445,-1.10410953,-1.39864469,0.990595162,0.0571627617,-0.407344818,-0.114585042,-0.0596355125,-0.623986244,-1.90940797,0.255825579,1.1969589,0.310250789,-0.517234027,-0.125630632,-0.0399202406,-0.716925859,-0.147976398,1.5438658,1.43526709,-0.298026145,-0.551693916,-0.110526666,0,0.180657908,1.12007058,1.21262515,0.969825268,-0.601373136,-0.631733954,-0.0489115976,0,0.765232265,1.29847205,1.09957254,0.957481444,-0.474024057,-0.82575953,0,-0.0533790924,-0.538130045,-1.0675199,0.272747338,1.33242333,0.291047394,-0.800828636,-0.0942896381,-0.0425597429,-0.404258102,-1.3495611,-0.293324441,1.23787713,1.01498795,-0.7543782,-0.208661944,-0.0282166321,-0.296499252,-1.10641932,-1.88050091,0.251374692,0.736508012,-0.00838943198,-0.199069589,1
0,-0.32890445,-0.684941351,0.511551023,0.524410903,0.0571627617,-0.407344818,-0.114585042,-0.0596355125,-0.623986244,-0.0698082,0.756717741,0.155584782,1.13404715,0.0528345145,-0.125630632,-0.0399202406,0.126082376,1.08618891,-0.680460691,-1.15431678,0.66748637,1.32595754,-0.110526666,0,0.180657908,-0.0162722114,-1.52425253,-1.63016486,0.240790457,2.06833267,-0.0489115976,0,2.21300006,0.509979606,-1.44643283,-1.75093865,-0.131484106,2.6198163,0,-0.0533790924,1.86420691,1.39350259,-0.959394217,-1.22754025,0.468298674,2.26101995,-0.0942896381,-0.0425597429,-0.404258102,1.29885423,0.855301201,0.478939652,1.01498795,1.30704224,-0.208661944,-0.0282166321,-0.296499252,-0.515524685,0.436939895,0.865321517,1.07519114,0.727344275,-0.199069589,0
0,-0.32890445,-0.475357324,-0.443546832,0.757503033,0.0571627617,-0.407344818,-0.114585042,-0.0596355125,0.626971841,1.03395164,-0.745958686,-1.30233908,1.29880655,0.0528345145,-0.125630632,-0.0399202406,1.5310961,0.733570218,-1.19376683,0.302324146,0.345648885,-0.551693916,-0.110526666,0,-0.467236519,-0.82794565,-0.326868534,0.969825268,-0.938238621,-0.631733954,-0.0489115976,0,-0.682535589,-1.22470379,-1.12818217,0.788205206,-0.302754074,-0.82575953,0,-0.0533790924,-0.538130045,-1.0675199,-1.1134119,-1.06754243,1.00005245,-0.565301836,-0.0942896381,-0.0425597429,-0.404258102,0.769171178,-0.293324441,-1.60813844,0.356744766,0.688616097,-0.208661944,-0.0282166321,-0.296499252,0.0753700212,-0.95352453,0.865321517,1.41387439,0.727344275,-0.199069589,3
0,-0.32890445,-0.475357324,-0.921095729,-0.641049683,0.589411557,-0.407344818,-0.114585042,-0.0596355125,1.25245082,1.03395164,0.00537951011,-0.469239712,-0.513545632,-0.517234027,-0.125630632,-0.0399202406,2.37410426,0.557260871,-1.19376683,-1.15431678,-1.26353872,-0.551693916,-0.110526666,0,2.12434125,1.12007058,0.186296016,-0.817667961,-1.27510405,-0.631733954,-0.0489115976,0,-0.682535589,-0.751608312,-0.17343016,0.449652672,0.211055845,-0.538628221,0,-0.0533790924,-0.538130045,-1.0675199,-1.1134119,-1.22754025,0.291047394,0.847859085,-0.0942896381,-0.0425597429,-0.404258102,-0.466755986,-1.44195008,-1.0389353,0.685866356,0.894758165,-0.208661944,-0.0282166321,-0.296499252,0.272334903,0.900428057,0.456023633,0.228483185,-0.498878568,-0.199069589,5
0,-0.32890445,0.153394848,0.0340020917,-0.174865454,-1.00733483,-0.407344818,-0.114585042,-0.0596355125,0.00149279006,1.03395164,0.50627166,0.780409276,0.475010067,-0.517234027,-0.125630632,-0.0399202406,1.5310961,0.909879565,-1.02266479,0.140475139,1.3111614,-0.551693916,-0.110526666,0,0.180657908,0.957735896,-0.668978274,0.157328367,1.41981947,0.718299329,-0.0489115976,0,-0.682535589,0.509979606,1.09957254,0.788205206,0.896135747,1.47129107,0,-0.0533790924,-0.538130045,-0.452264249,-0.80537653,-0.74754703,-0.417957604,2.02549314,-0.0942896381,-0.0425597429,0.705245078,1.47541523,0.663863599,0.0994709209,0.850427151,1.71932638,-0.208661944,-0.0282166321,-0.296499252,0.469299793,-0.0265482478,0.251374692,1.07519114,0.727344275,-0.199069589,9
0,-0.32890445,-0.475357324,0.272776544,0.990595162,1.83132553,1.11023796,-0.114585042,-0.0596355125,0.626971841,0.849991679,0.255825579,-0.0526900552,1.29880655,1.19297159,-0.125630632,-0.0399202406,-0.4359231,-0.324285716,-1.02266479,-0.506920815,1.3111614,0.700073719,-0.110526666,0,-0.79118371,-1.31494963,-0.497923404,0.157328367,1.41981947,2.06833267,-0.0489115976,0,-0.682535589,0.82537657,1.09957254,0.957481444,0.724865794,0.0356344357,0,-0.0533790924,-0.538130045,0.470619142,-0.0352880657,1.33242333,-0.772460103,-0.800828636,-0.0942896381,-0.0425597429,-0.404258102,-1.3495611,0.280988365,0.668674052,-1.45342398,-0.7543782,-0.208661944,-0.0282166321,-0.296499252,-0.318559766,0.900428057,-0.771870077,-1.12624967,-0.498878568,-0.199069589,7
0,6.18184996,2.24923539,0.98909992,0.990595162,1.65390921,2.62782073,-0.114585042,-0.0596355125,2.19066954,1.03395164,0.255825579,-0.469239712,-0.348786354,0.907937288,-0.125630632,-0.0399202406,2.65510702,1.08618891,-1.02266479,-1.15431678,-1.26353872,-0.551693916,-0.110526666,0,2.44828844,1.12007058,-0.326868534,-1.63016486,-1.27510405,-0.631733954,-0.0489115976,0,0.186125115,1.14077353,0.940447152,-1.24310982,-1.5016439,-0.82575953,0,-0.0533790924,-0.538130045,-0.606078148,1.35087121,0.852430165,-1.4814651,-0.800828636,-0.0942896381,-0.0425597429,0.150493473,-0.466755986,1.23817647,-0.0902634487,-1.45342398,-0.7543782,-0.208661944,-0.0282166321,9.28720379,2.04501891,-0.258292317,-2.40906167,-1.12624967,-0.498878568,-0.199069589,5
0,-0.32890445,-0.894525409,-0.68232125,0.757503033,1.12166035,1.11023796,-0.114585042,-0.0596355125,-0.623986244,-0.437728167,1.00716376,1.1969589,1.29880655,3.18821144,-0.125630632,-0.0399202406,-0.716925859,-1.20583236,-1.02266479,-0.992467821,0.989323914,2.57772517,-0.110526666,0,-0.79118371,-0.99028033,0.186296016,0.482327133,1.41981947,3.41836572,-0.0489115976,0,-0.103428438,1.29847205,1.09957254,0.957481444,1.0674057,0.0356344357,0,-0.0533790924,0.491442949,0.162991345,-0.80537653,0.852430165,-0.417957604,-0.800828636,-0.0942896381,-0.0425597429,-0.404258102,-1.3495611,-0.867637277,0.668674052,-1.45342398,-0.7543782,-0.208661944,-0.0282166321,-0.296499252,-1.10641932,-0.258292317,-1.38581693,-1.12624967,-0.498878568,-0.199069589,7
0,-0.32890445,0.572562933,-0.204772368,-0.874141812,0.766827881,3.841887,7.41657305,-0.0596355125,0.31423232,0.849991679,-0.245066568,0.363859624,1.29880655,0.907937288,0.978688955,-0.0399202406,-0.4359231,1.08618891,-1.19376683,0.62602216,0.0238113683,-0.551693916,-0.110526666,0,-0.79118371,-1.31494963,-0.668978274,0.969825268,-0.432940423,-0.631733954,-0.0489115976,0,-0.682535589,-0.751608312,0.940447152,0.957481444,0.896135747,-0.82575953,0,-0.0533790924,-0.538130045,0.00917744078,1.35087121,-0.74754703,-1.4814651,-0.800828636,-0.0942896381,-0.0425597429,-0.404258102,-0.290194958,0.663863599,-1.79787278,-1.45342398,-0.7543782,-0.208661944,-0.0282166321,-0.296499252,1.06019449,-1.18526864,-2.40906167,-1.12624967,-0.498878568,-0.199069589,7
0,0.756221235,0.78214699,0.98909992,0.990595162,1.12166035,-0.103828259,-0.114585042,-0.0596355125,-0.623986244,-0.621688128,-0.996404767,-0.0526900552,1.29880655,2.04807425,-0.125630632,-0.0399202406,-0.716925859,-1.73476028,-1.19376683,0.302324146,1.3111614,0.700073719,-0.110526666,0,-0.79118371,-0.665610969,0.699460566,0.482327133,-0.769805908,-0.631733954,-0.0489115976,0,-0.682535589,0.82537657,1.09957254,-0.396728605,-1.5016439,-0.82575953,0,-0.0533790924,-0.538130045,-1.0675199,0.580782712,1.33242333,-0.0634551048,-0.800828636,-0.0942896381,-0.0425597429,-0.404258102,-0.819878042,-0.867637277,0.858408391,1.01498795,-0.7543782,-0.208661944,-0.0282166321,-0.296499252,0.863229573,0.900428057,-0.157923222,-0.448883235,-0.498878568,-0.199069589,3
0,-0.32890445,-0.684941351,0.750325441,0.757503033,1.83132553,2.93133736,-0.114585042,-0.0596355125,-0.623986244,-0.437728167,1.00716376,0.155584782,-0.843064249,-0.517234027,-0.125630632,-0.0399202406,-0.716925859,0.557260871,0.346151531,-1.15431678,-1.26353872,-0.551693916,-0.110526666,0,0.828552306,1.12007058,-1.01108789,-0.167670414,0.577655911,0.178286016,-0.0489115976,0,2.21300006,1.14077353,0.940447152,0.957481444,1.23867571,2.33268499,0,-0.0533790924,1.521016,1.39350259,0.426765025,-0.107556142,1.35455489,0.376805425,-0.0942896381,-0.0425597429,-0.404258102,-0.819878042,-1.05907488,1.04814279,-0.136937618,-0.7543782,-0.208661944,-0.0282166321,-0.296499252,-0.318559766,0.668684006,-0.976518989,-1.12624967,-0.498878568,-0.199069589,5
0,-0.32890445,-1.10410953,-1.87619352,-0.174865454,0.589411557,1.11023796,-0.114585042,-0.0596355125,-0.623986244,-0.989608109,1.00716376,1.1969589,1.29880655,0.907937288,-0.125630632,-0.0399202406,-0.716925859,0.204642251,1.5438658,1.43526709,0.184730127,-0.551693916,-0.110526666,0,0.504605114,1.12007058,1.21262515,0.969825268,-0.601373136,-0.631733954,-0.0489115976,0,-0.392982006,0.983075023,1.09957254,-0.227452338,-1.5016439,-0.82575953,0,-0.0533790924,0.834633946,1.23968863,1.35087121,-0.267553866,-1.4814651,-0.800828636,-0.0942896381,-0.0425597429,-0.404258102,0.239488095,1.23817647,-0.279997826,-1.45342398,-0.7543782,-0.208661944,-0.0282166321,-0.296499252,-1.10641932,-1.18526864,-1.38581693,-1.12624967,-0.498878568,-0.199069589,1
0,-0.32890445,-0.265773267,0.0340020917,0.291318804,-0.120253511,-0.407344818,-0.114585042,-0.0596355125,0.31423232,0.849991679,-0.996404767,-0.0526900552,1.13404715,0.0528345145,-0.125630632,-0.0399202406,0.126082376,0.733570218,-0.851562738,-0.830618858,1.15024269,0.38713181,-0.110526666,0,-0.79118371,0.146062478,1.21262515,0.969825268,-0.0960749909,-0.631733954,-0.0489115976,0,-0.682535589,-1.22470379,-0.332555473,0.449652672,1.0674057,0.0356344357,0,-0.0533790924,-0.538130045,-0.759892046,0.580782712,-1.06754243,0.645549893,0.376805425,-0.0942896381,-0.0425597429,-0.404258102,-0.113633938,-0.101886839,-1.60813844,0.850427151,-0.342094123,-0.208661944,-0.0282166321,-0.296499252,-0.318559766,0.900428057,0.865321517,0.0591415763,-0.498878568,-0.199069589,8
0,-0.32890445,0.362978905,0.750325441,0.757503033,-0.297669798,-0.407344818,-0.114585042,-0.0596355125,1.87792993,1.03395164,1.00716376,1.1969589,-0.678304911,-0.517234027,-0.125630632,-0.0399202406,1.5310961,0.909879565,0.175049499,1.43526709,-0.619863689,-0.551693916,-0.110526666,0,-0.79118371,-1.47728431,0.186296016,0.8073259,-1.27510405,-0.631733954,-0.0489115976,0,-0.682535589,-1.06700528,0.940447152,-0.227452338,-1.5016439,-0.82575953,0,-0.0533790924,-0.538130045,-0.144636467,1.35087121,-0.907544732,-1.4814651,-0.800828636,-0.0942896381,-0.0425597429,-0.404258102,0.0629270747,1.23817647,-0.279997826,0.356744766,1.10090017,-0.208661944,-0.0282166321,-0.296499252,0.666264713,0.900428057,0.865321517,0.905849576,0.236855134,-0.199069589,2
0,-0.32890445,1.20131516,0.0340020917,-2.73887897,-1.00733483,-0.407344818,-0.114585042,-0.0596355125,0.00149279006,1.03395164,1.00716376,1.1969589,0.804528654,-0.517234027,-0.125630632,-0.0399202406,0.126082376,1.08618891,0.859457612,0.464173138,0.989323914,-0.551693916,-0.110526666,0,-0.467236519,1.12007058,-1.35319769,0.319827735,1.25138676,-0.631733954,-0.0489115976,0,-0.682535589,0.82537657,1.09957254,-0.227452338,1.0674057,-0.251496881,0,-0.0533790924,-0.538130045,-1.0675199,-0.651358843,-1.22754025,0.113796152,1.78996634,-0.0942896381,-0.0425597429,-0.404258102,-1.3495611,-1.82482529,-0.0902634487,1.01498795,0.0701899752,-0.208661944,-0.0282166321,-0.296499252,0.666264713,-0.0265482478,0.251374692,-0.618224859,-0.498878568,-0.199069589,9
0,0.756221235,2.03965139,0.98909992,-0.407957584,-1.00733483,-0.407344818,-0.114585042,-0.0596355125,0.626971841,1.03395164,-0.745958686,1.1969589,-0.678304911,-0.517234027,-0.125630632,-0.0399202406,-0.154920369,0.380951583,-0.338256598,1.43526709,-0.780782402,-0.551693916,-0.110526666,0,-0.79118371,-1.47728431,-0.497923404,0.969825268,-0.769805908,-0.631733954,-0.0489115976,0,-0.682535589,-1.06700528,0.940447152,0.449652672,-1.5016439,-0.82575953,0,-0.0533790924,-0.538130045,0.162991345,1.35087121,-0.587549329,-1.4814651,-0.800828636,-0.0942896381,-0.0425597429,0.705245078,1.47541523,0.663863599,-1.0389353,-0.795180798,-0.13595207,-0.208661944,-0.0282166321,1.83321249,1.45412421,0.900428057,0.865321517,1.58321595,3.42503452,0.818127453,2
0,-0.32890445,-0.265773267,-0.443546832,0.990595162,1.83132553,1.71727109,-0.114585042,-0.0596355125,0.31423232,1.03395164,0.255825579,0.155584782,1.29880655,0.0528345145,-0.125630632,-0.0399202406,-0.4359231,-1.20583236,-1.19376683,0.464173138,0.184730127,-0.551693916,-0.110526666,0,-0.79118371,-0.665610969,-0.155813694,0.644826531,1.25138676,2.8783524,-0.0489115976,0,-0.682535589,1.14077353,1.09957254,0.618928909,0.553595781,1.47129107,0,-0.0533790924,-0.538130045,-0.606078148,0.734800398,-0.107556142,-1.4814651,-0.800828636,-0.0942896381,-0.0425597429,-0.404258102,-1.3495611,1.04673874,-1.0389353,-1.45342398,-0.7543782,-0.208661944,-0.0282166321,-0.296499252,-0.515524685,0.436939895,-2.2044127,-1.12624967,-0.498878568,-0.199069589,7
0,-0.32890445,-0.894525409,-1.15987015,0.291318804,0.766827881,-0.407344818,-0.114585042,-0.0596355125,0.00149279006,0.482071757,0.50627166,0.780409276,1.29880655,0.622903049,-0.125630632,-0.0399202406,0.407085121,1.08618891,-0.338256598,0.787871122,1.3111614,0.0741898865,-0.110526666,0,-0.79118371,-0.503276289,0.357350856,0.319827735,1.41981947,0.718299329,-0.0489115976,0,-0.682535589,-1.22470379,-1.44643283,-1.75093865,1.0674057,1.47129107,0,-0.0533790924,-0.194939047,-0.913705945,-1.1134119,-1.22754025,0.822801173,1.78996634,-0.0942896381,-0.0425597429,-0.404258102,0.769171178,-0.293324441,-1.0389353,0.685866356,0.894758165,-0.208661944,-0.0282166321,-0.296499252,-1.10641932,-1.18526864,0.660672605,1.58321595,1.95356703,-0.199069589,9
0,-0.32890445,-0.894525409,-0.921095729,0.291318804,-0.829918623,-0.407344818,-0.114585042,-0.0596355125,-0.623986244,-0.805648148,1.00716376,1.1969589,0.145491496,-0.517234027,-0.125630632,-0.0399202406,-0.4359231,0.909879565,1.5438658,1.43526709,0.345648885,-0.551693916,-0.110526666,0,1.15249956,0.957735896,0.870515406,-0.655168533,-1.27510405,-0.631733954,-0.0489115976,0,0.186125115,-0.120814353,-0.491680831,-0.73528111,-1.5016439,-0.82575953,0,-0.0533790924,-0.194939047,0.470619142,-0.80537653,0.532434762,-1.4814651,-0.800828636,-0.0942896381,-0.0425597429,-0.404258102,-0.643316984,0.280988365,0.668674052,-1.12430239,-0.7543782,-0.208661944,-0.0282166321,-0.296499252,-1.10641932,-1.64875674,0.0467257351,-0.279541612,-0.498878568,-0.199069589,8
0,-0.32890445,-0.265773267,0.98909992,-1.34032607,-1.00733483,-0.407344818,-0.114585042,-0.0596355125,-0.623986244,0.298111767,0.756717741,-1.9271636,-1.33734202,-0.517234027,-0.125630632,-0.0399202406,-0.4359231,1.08618891,0.688355625,-1.15431678,-1.26353872,-0.551693916,-0.110526666,0,1.80039394,1.12007058,-1.01108789,-1.63016486,-0.0960749909,0.448292673,-0.0489115976,0,2.79210711,1.29847205,-0.491680831,0.111100167,1.23867571,1.18415976,0,-0.0533790924,1.86420691,1.39350259,1.35087121,1.17242563,-0.949711382,-0.800828636,-0.0942896381,-0.0425597429,-0.404258102,-0.643316984,1.23817647,0.0994709209,-1.45342398,-0.7543782,-0.208661944,-0.0282166321,-0.296499252,-0.318559766,0.900428057,-1.18116796,-1.12624967,-0.498878568,-0.199069589,4
0,-0.32890445,0.991731048,0.98909992,0.990595162,0.411995322,-0.407344818,-0.114585042,-0.0596355125,0.939711332,1.03395164,-1.49729693,-0.677514553,0.969287932,-0.517234027,-0.125630632,-0.0399202406,0.126082376,1.08618891,-0.680460691,0.949720144,0.184730127,-0.551693916,-0.110526666,0,-0.79118371,0.633066535,1.04157031,-0.167670414,-1.27510405,-0.631733954,-0.0489115976,0,-0.682535589,0.352281094,1.09957254,-1.58166242,-1.5016439,-0.82575953,0,-0.0533790924,-0.538130045,1.39350259,1.19685352,-0.267553866,-1.4814651,-0.800828636,-0.0942896381,-0.0425597429,0.150493473,1.29885423,0.472425967,0.289205283,-1.45342398,-0.7543782,-0.208661944,-0.0282166321,-0.296499252,-0.121594876,0.900428057,-0.362572163,-1.12624967,-0.498878568,-0.199069589,8
0,-0.32890445,0.362978905,0.272776544,0.990595162,0.944244146,-0.407344818,-0.114585042,-0.0596355125,0.31423232,1.03395164,-1.74774301,-1.30233908,0.969287932,0.0528345145,-0.125630632,-0.0399202406,1.5310961,0.204642251,-1.02266479,-0.506920815,1.15024269,0.0741898865,-0.110526666,0,0.180657908,0.470731825,0.870515406,0.969825268,0.0723577365,-0.631733954,-0.0489115976,0,-0.682535589,0.0368841328,1.09957254,0.788205206,-1.33037388,-0.82575953,0,-0.0533790924,-0.194939047,1.23968863,-0.343323469,0.532434762,0.645549893,-0.800828636,-0.0942896381,-0.0425597429,1.25999665,1.47541523,-0.867637277,-0.469732195,1.17954874,-0.548236191,-0.208661944,-0.0282166321,-0.296499252,-0.121594876,0.436939895,0.865321517,1.41387439,-0.00838943198,-0.199069589,8
0,-0.32890445,-0.894525409,-0.443546832,0.524410903,1.29907668,-0.103828259,-0.114585042,-0.0596355125,-0.623986244,-0.437728167,0.00537951011,-0.885789394,-0.678304911,-0.517234027,-0.125630632,-0.0399202406,-0.716925859,0.733570218,-0.509358644,-1.15431678,-1.26353872,-0.551693916,-0.110526666,0,0.828552306,1.12007058,0.528405726,0.482327133,0.746088624,-0.631733954,-0.0489115976,0,-0.103428438,0.509979606,0.303945839,-0.396728605,0.896135747,0.322765768,0,-0.0533790924,-0.538130045,-1.0675199,-1.1134119,-1.22754025,1.35455489,0.141278625,-0.0942896381,-0.0425597429,-0.404258102,-1.3495611,-1.82482529,-0.659466565,1.01498795,-0.342094123,-0.208661944,-0.0282166321,-0.296499252,-1.10641932,-0.0265482478,0.456023633,-0.448883235,-0.498878568,-0.199069589,5
0,-0.32890445,-0.475357324,-0.204772368,-1.107234,-0.829918623,-0.407344818,-0.114585042,-0.0596355125,-0.623986244,-0.0698082,0.756717741,0.780409276,0.969287932,-0.517234027,-0.125630632,-0.0399202406,-0.154920369,1.08618891,0.517253578,-0.992467821,0.66748637,0.700073719,-0.110526666,0,-0.143289298,1.12007058,-1.01108789,-1.63016486,-0.601373136,1.52831924,-0.0489115976,0,0.765232265,0.667678058,-1.44643283,-1.75093865,-0.474024057,1.47129107,0,-0.0533790924,-0.194939047,0.778246939,-1.1134119,-1.22754025,0.468298674,1.31891274,-0.0942896381,-0.0425597429,-0.404258102,1.29885423,-0.101886839,0.858408391,1.01498795,-0.548236191,-0.208661944,-0.0282166321,-0.296499252,-0.318559766,0.668684006,0.660672605,-0.448883235,-0.498878568,-0.199069589,0
0,-0.32890445,-0.684941351,-0.443546832,0.990595162,-0.297669798,-0.407344818,-0.114585042,10.6491985,2.50340891,1.03395164,1.00716376,0.988684118,-0.678304911,-0.517234027,-0.125630632,-0.0399202406,3.77911806,1.08618891,0.517253578,-0.992467821,-1.26353872,-0.551693916,-0.110526666,0,4.06802464,1.12007058,1.21262515,-0.492669165,-1.27510405,-0.631733954,-0.0489115976,0,0.765232265,0.509979606,-0.650806129,0.788205206,-1.15910399,-0.82575953,0,-0.0533790924,-0.538130045,-1.0675199,-1.1134119,0.532434762,0.113796152,-0.800828636,-0.0942896381,-0.0425597429,-0.404258102,-0.819878042,0.0895507634,1.23787713,0.0276231728,-0.7543782,-0.208661944,-0.0282166321,-0.296499252,-0.712489545,0.900428057,0.660672605,-0.787566423,-0.498878568,-0.199069589,5
0,-0.32890445,-0.894525409,-0.204772368,0.757503033,0.411995322,-0.407344818,-0.114585042,-0.0596355125,-0.623986244,0.298111767,0.50627166,-0.0526900552,1.29880655,0.907937288,-0.125630632,-0.0399202406,-0.716925859,1.08618891,0.00394746149,0.949720144,1.3111614,0.700073719,-0.110526666,0,-0.79118371,-0.0162722114,1.04157031,0.482327133,1.41981947,0.448292673,-0.0489115976,0,-0.682535589,-1.22470379,-1.44643283,-1.58166242,1.0674057,0.322765768,0,-0.0533790924,-0.538130045,-1.0675199,-1.1134119,-1.22754025,1.35455489,0.141278625,-0.0942896381,-0.0425597429,4.03375435,1.47541523,0.855301201,-0.0902634487,1.17954874,0.0701899752,-0.208661944,-0.0282166321,-0.296499252,-0.712489545,-0.490036398,0.660672605,1.41387439,-0.00838943198,-0.199069589,9
0,-0.32890445,0.991731048,-0.921095729,-0.874141812,-0.297669798,-0.407344818,-0.114585042,-0.0596355125,1.87792993,0.849991679,0.00537951011,0.780409276,0.969287932,-0.517234027,-0.125630632,-0.0399202406,1.81209886,0.204642251,-1.19376683,0.464173138,1.3111614,0.700073719,-0.110526666,0,-0.467236519,-0.0162722114,0.528405726,-0.00517102238,0.746088624,1.52831924,-0.0489115976,0,-0.682535589,-1.22470379,-1.44643283,-1.75093865,-0.131484106,1.47129107,0,-0.0533790924,-0.538130045,-1.0675199,-1.1134119,-1.22754025,0.291047394,0.847859085,-0.0942896381,-0.0425597429,-0.404258102,0.592610121,-0.676199675,-1.0389353,1.01498795,0.0701899752,-0.208661944,-0.0282166321,-0.296499252,1.45412421,0.900428057,0.865321517,0.0591415763,-0.498878568,-0.199069589,9
0,1.84134698,2.24923539,0.98909992,0.990595162,1.83132553,0.806721449,-0.114585042,-0.0596355125,0.626971841,1.03395164,-1.49729693,-0.469239712,-0.184027076,-0.232199743,-0.125630632,-0.0399202406,0.407085121,1.08618891,0.00394746149,-0.830618858,-1.26353872,-0.551693916,-0.110526666,0,0.504605114,1.12007058,1.21262515,0.969825268,-0.264507711,-0.631733954,-0.0489115976,0,-0.682535589,-0.436211318,-0.809931457,-0.0581760854,1.0674057,-0.82575953,0,-0.0533790924,-0.538130045,-1.0675199,-1.1134119,-1.06754243,1.00005245,0.612332284,-0.0942896381,-0.0425597429,0.705245078,1.12229323,-1.05907488,-1.0389353,1.17954874,0.894758165,-0.208661944,-0.0282166321,2.89806843,1.45412421,0.900428057,0.865321517,1.41387439,-0.253634006,-0.199069589,5
0,-0.32890445,0.362978905,0.511551023,0.0582266748,-0.829918623,-0.407344818,-0.114585042,-0.0596355125,1.56519043,0.666031718,-1.74774301,-0.469239712,0.310250789,-0.517234027,-0.125630632,-0.0399202406,1.5310961,0.204642251,-1.02266479,-0.0213738531,0.345648885,-0.551693916,-0.110526666,0,-0.467236519,-0.0162722114,1.21262515,0.8073259,-0.601373136,-0.631733954,-0.0489115976,0,-0.682535589,-1.06700528,0.781321824,0.618928909,0.553595781,-0.82575953,0,-0.0533790924,-0.538130045,0.00917744078,0.580782712,-1.22754025,0.645549893,0.847859085,-0.0942896381,-0.0425597429,-0.404258102,0.592610121,-0.867637277,-1.79787278,0.356744766,0.894758165,-0.208661944,-0.0282166321,-0.296499252,-0.318559766,0.436939895,0.865321517,0.905849576,-0.253634006,-0.199069589,8
0,-0.32890445,-0.265773267,0.272776544,0.0582266748,0.0571627617,-0.407344818,-0.114585042,-0.0596355125,0.626971841,0.849991679,-1.74774301,-0.0526900552,1.29880655,-0.517234027,-0.125630632,-0.0399202406,0.407085121,1.08618891,-1.02266479,0.62602216,1.3111614,-0.551693916,-0.110526666,0,-0.467236519,0.146062478,1.21262515,0.482327133,1.41981947,-0.0917206332,-0.0489115976,0,-0.682535589,-1.22470379,-0.809931457,-1.75093865,1.0674057,0.0356344357,0,-0.0533790924,-0.538130045,-1.0675199,-1.1134119,-1.22754025,0.645549893,0.141278625,-0.0942896381,-0.0425597429,-0.404258102,-0.290194958,-0.676199675,-1.79787278,0.0276231728,0.894758165,-0.208661944,-0.0282166321,-0.296499252,-0.121594876,-0.0265482478,0.660672605,1.58321595,1.2178334,-0.199069589,9
0,4.01159859,1.62048328,0.98909992,0.990595162,1.65390921,0.503204882,-0.114585042,-0.0596355125,2.50340891,0.298111767,-1.24685085,-0.469239712,1.29880655,1.76304007,-0.125630632,-0.0399202406,-0.716925859,-1.73476028,-1.02266479,0.787871122,1.15024269,0.0741898865,-0.110526666,0,-0.79118371,-1.47728431,-0.840033114,0.969825268,0.409223169,-0.631733954,-0.0489115976,0,-0.682535589,-1.22470379,-0.17343016,0.957481444,-0.816564023,-0.82575953,0,-0.0533790924,-0.538130045,-1.0675199,-0.959394217,1.33242333,0.291047394,-0.800828636,-0.0942896381,-0.0425597429,2.36949968,-0.113633938,-1.05907488,1.04814279,0.685866356,-0.7543782,-0.208661944,-0.0282166321,5.02778006,2.04501891,0.900428057,0.865321517,0.0591415763,-0.498878568,-0.199069589,3
0,-0.32890445,0.362978905,0.750325441,0.990595162,1.83132553,-0.103828259,-0.114585042,-0.0596355125,2.19066954,1.03395164,1.00716376,-0.0526900552,-0.513545632,-0.517234027,-0.125630632,-0.0399202406,3.21711254,1.08618891,1.5438658,1.27341807,-1.26353872,-0.551693916,-0.110526666,0,2.77223563,0.795401216,0.699460566,0.969825268,-0.938238621,-0.631733954,-0.0489115976,0,-0.682535589,-1.22470379,-0.491680831,0.957481444,-1.33037388,-0.82575953,0,-0.0533790924,-0.538130045,-1.0675199,0.734800398,0.692432463,-1.4814651,-0.800828636,-0.0942896381,-0.0425597429,-0.404258102,-0.290194958,1.23817647,-0.469732195,-1.45342398,-0.7543782,-0.208661944,-0.0282166321,-0.296499252,0.863229573,0.205195829,-2.40906167,-1.12624967,-0.498878568,-0.199069589,5
0,-0.32890445,-0.265773267,0.750325441,0.0582266748,-0.652502358,-0.407344818,-0.114585042,-0.0596355125,0.00149279006,0.849991679,-1.24685085,0.155584782,0.310250789,-0.517234027,-0.125630632,-0.0399202406,0.407085121,1.08618891,-1.19376683,-1.15431678,1.15024269,-0.238752022,-0.110526666,0,1.15249956,0.146062478,-1.52425253,-1.63016486,0.409223169,1.52831924,-0.0489115976,0,1.63389289,0.0368841328,-1.44643283,-1.75093865,-0.474024057,1.47129107,0,-0.0533790924,1.17782497,0.778246939,-1.1134119,-1.22754025,0.468298674,1.08338594,-0.0942896381,-0.0425597429,0.705245078,1.47541523,-0.484762043,-0.279997826,1.17954874,-0.342094123,-0.208661944,-0.0282166321,-0.296499252,0.0753700212,0.668684006,0.865321517,0.228483185,-0.498878568,-0.199069589,0
0,-0.32890445,0.78214699,0.0340020917,0.757503033,1.65390921,0.1996883,-0.114585042,-0.0596355125,-0.311246723,0.849991679,0.50627166,0.155584782,1.29880655,1.47800589,-0.125630632,-0.0399202406,-0.716925859,-1.38214171,-1.19376683,-0.830618858,1.3111614,0.700073719,-0.110526666,0,-0.79118371,-1.15261495,-0.840033114,-0.00517102238,1.25138676,-0.0917206332,-0.0489115976,0,-0.682535589,0.82537657,1.09957254,0.957481444,1.23867571,1.75842237,0,-0.0533790924,-0.538130045,0.932060838,1.35087121,0.37243703,-1.30421388,-0.800828636,-0.0942896381,-0.0425597429,-0.404258102,-0.290194958,1.23817647,-1.60813844,-1.45342398,-0.7543782,-0.208661944,-0.0282166321,-0.296499252,1.06019449,-0.721780479,-2.40906167,-1.12624967,-0.498878568,-0.199069589,7
0,-0.32890445,-0.684941351,-0.204772368,0.0582266748,-0.829918623,-0.407344818,-0.114585042,-0.0596355125,0.00149279006,0.666031718,-0.745958686,-0.2609649,-0.0192677919,-0.517234027,-0.125630632,-0.0399202406,2.0931015,0.380951583,-1.19376683,0.949720144,-0.298026145,-0.551693916,-0.110526666,0,1.15249956,-0.665610969,-1.18214285,0.482327133,-0.938238621,-0.631733954,-0.0489115976,0,-0.682535589,-1.22470379,0.144820511,-0.227452338,-1.5016439,-0.82575953,0,-0.0533790924,-0.538130045,-1.0675199,-0.959394217,0.37243703,0.113796152,-0.565301836,-0.0942896381,-0.0425597429,-0.404258102,-0.290194958,-0.484762043,-1.79787278,0.521305561,0.482474059,-0.208661944,-0.0282166321,-0.296499252,-0.909454465,-0.0265482478,0.865321517,1.58321595,0.727344275,-0.199069589,3
0,-0.32890445,0.362978905,0.511551023,0.990595162,0.411995322,-0.407344818,-0.114585042,-0.0596355125,-0.623986244,0.666031718,0.50627166,1.1969589,0.969287932,-0.517234027,-0.125630632,-0.0399202406,-0.716925859,-1.73476028,-1.19376683,0.464173138,0.66748637,-0.551693916,-0.110526666,0,-0.79118371,-0.82794565,-0.840033114,0.644826531,0.240790457,-0.0917206332,-0.0489115976,0,1.34433937,1.29847205,1.09957254,0.957481444,1.23867571,1.18415976,0,-0.0533790924,1.521016,0.778246939,1.35087121,0.532434762,-1.30421388,-0.800828636,-0.0942896381,-0.0425597429,-0.404258102,-0.99643904,1.23817647,-1.22866964,-1.45342398,-0.7543782,-0.208661944,-0.0282166321,-0.296499252,0.0753700212,0.205195829,-2.40906167,-1.12624967,-0.498878568,-0.199069589,7
0,-0.32890445,-1.10410953,-1.6374191,0.291318804,1.83132553,2.02078772,-0.114585042,-0.0596355125,-0.623986244,-0.437728167,0.756717741,-0.885789394,-0.184027076,3.47324562,-0.125630632,-0.0399202406,-0.154920369,1.08618891,-1.02266479,-0.992467821,0.506567657,2.57772517,-0.110526666,0,0.504605114,1.12007058,1.04157031,0.969825268,1.41981947,0.988305986,-0.0489115976,0,-0.682535589,-0.5939098,-0.809931457,-0.904557347,1.0674057,-0.538628221,0,-0.0533790924,-0.538130045,-1.0675199,-1.1134119,0.212439299,-0.0634551048,-0.800828636,-0.0942896381,-0.0425597429,-0.404258102,-1.3495611,-1.44195008,1.04814279,-1.28886318,-0.7543782,-0.208661944,-0.0282166321,-0.296499252,-1.10641932,-1.41701269,-0.362572163,-1.12624967,-0.498878568,-0.199069589,9
0,-0.32890445,-0.684941351,0.0340020917,-2.50578666,-1.00733483,-0.407344818,-0.114585042,-0.0596355125,-0.623986244,-0.805648148,0.255825579,-2.13543844,-1.33734202,-0.517234027,-0.125630632,-0.0399202406,-0.716925859,0.557260871,-0.509358644,-1.15431678,-1.26353872,-0.551693916,-0.110526666,0,-0.79118371,1.12007058,-1.35319769,-1.63016486,-1.27510405,-0.631733954,-0.0489115976,0,0.765232265,1.29847205,1.09957254,0.957481444,0.211055845,-0.538628221,0,-0.0533790924,0.148251966,1.23968863,-0.189305753,-1.06754243,0.291047394,1.08338594,-0.0942896381,-0.0425597429,-0.404258102,0.416049123,0.0895507634,-1.79787278,0.0276231728,1.10090017,-0.208661944,-0.0282166321,-0.296499252,-0.712489545,-0.0265482478,0.865321517,1.41387439,-0.253634006,-0.199069589,6
0,-0.32890445,1.20131516,-0.204772368,-2.27269459,-1.00733483,-0.407344818,-0.114585042,-0.0596355125,0.31423232,1.03395164,1.00716376,-0.469239712,-1.33734202,-0.517234027,-0.125630632,-0.0399202406,0.969090581,0.380951583,0.175049499,0.140475139,-1.26353872,-0.551693916,-0.110526666,0,-0.79118371,-0.665610969,-0.497923404,0.319827735,-1.27510405,-0.631733954,-0.0489115976,0,-0.682535589,-1.22470379,0.303945839,-0.227452338,-1.5016439,-0.82575953,0,-0.0533790924,-0.538130045,-1.0675199,1.19685352,-0.267553866,-0.949711382,0.376805425,-0.0942896381,-0.0425597429,-0.404258102,0.945732176,1.23817647,0.668674052,1.01498795,1.10090017,-0.208661944,-0.0282166321,0.768356621,1.25715935,-0.0265482478,0.0467257351,0.905849576,-0.253634006,-0.199069589,2
0,-0.32890445,0.153394848,0.98909992,0.990595162,1.12166035,0.503204882,-0.114585042,-0.0596355125,-0.623986244,0.482071757,0.00537951011,-0.0526900552,1.29880655,0.0528345145,-0.125630632,-0.0399202406,-0.4359231,1.08618891,-0.680460691,0.464173138,0.506567657,-0.551693916,-0.110526666,0,-0.467236519,-0.340941578,-1.35319769,0.969825268,-0.769805908,-0.631733954,-0.0489115976,0,-0.682535589,-1.22470379,-0.332555473,0.788205206,-0.816564023,-0.538628221,0,-0.0533790924,-0.538130045,0.470619142,1.35087121,1.33242333,1.35455489,0.141278625,-0.0942896381,-0.0425597429,-0.404258102,-0.99643904,1.23817647,-0.279997826,-0.959741592,-0.7543782,-0.208661944,-0.0282166321,-0.296499252,0.0753700212,0.900428057,-1.79511487,-1.12624967,-0.498878568,-0.199069589,7
0,-0.32890445,0.572562933,0.98909992,-0.174865454,-1.00733483,-0.407344818,-0.114585042,-0.0596355125,0.00149279006,0.849991679,-0.996404767,1.1969589,-0.184027076,-0.517234027,-0.125630632,-0.0399202406,0.126082376,0.557260871,-1.02266479,1.11156917,0.828405142,-0.551693916,-0.110526666,0,-0.79118371,0.146062478,1.21262515,0.969825268,1.41981947,0.178286016,-0.0489115976,0,-0.682535589,-1.22470379,-1.12818217,-0.904557347,1.0674057,0.322765768,0,-0.0533790924,-0.538130045,-1.0675199,-1.1134119,-1.22754025,0.645549893,0.612332284,-0.0942896381,-0.0425597429,-0.404258102,-0.466755986,-0.676199675,-0.849200904,1.01498795,0.0701899752,-0.208661944,-0.0282166321,-0.296499252,0.0753700212,0.668684006,0.865321517,0.905849576,-0.253634006,-0.199069589,9
0,-0.32890445,-0.0561892018,0.511551023,0.0582266748,-0.120253511,-0.407344818,-0.114585042,-0.0596355125,-0.623986244,0.482071757,1.00716376,1.1969589,0.145491496,-0.517234027,-0.125630632,-0.0399202406,-0.716925859,0.204642251,1.5438658,1.43526709,0.184730127,-0.551693916,-0.110526666,0,-0.79118371,0.308397144,1.21262515,0.969825268,-0.0960749909,-0.631733954,-0.0489115976,0,-0.682535589,0.352281094,1.09957254,0.957481444,-1.15910399,-0.82575953,0,-0.0533790924,-0.538130045,0.932060838,1.35087121,1.17242563,-1.4814651,-0.800828636,-0.0942896381,-0.0425597429,-0.404258102,1.12229323,1.23817647,0.668674052,-1.45342398,-0.7543782,-0.208661944,-0.0282166321,-0.296499252,0.272334903,0.205195829,0.865321517,0.228483185,-0.498878568,-0.199069589,1
0,-0.32890445,-0.894525409,-1.15987015,-1.34032607,0.944244146,-0.103828259,-0.114585042,-0.0596355125,-0.623986244,0.482071757,-0.245066568,0.988684118,1.29880655,1.47800589,-0.125630632,-0.0399202406,-0.716925859,0.557260871,-0.16715458,0.62602216,1.3111614,0.700073719,-0.110526666,0,-0.79118371,-0.99028033,1.04157031,0.969825268,-0.0960749909,-0.631733954,-0.0489115976,0,-0.682535589,-0.5939098,0.940447152,0.618928909,-0.302754074,-0.82575953,0,-0.0533790924,-0.194939047,1.0858748,-0.651358843,-1.06754243,0.822801173,-0.800828636,-0.0942896381,-0.0425597429,0.705245078,0.769171178,-1.44195008,-1.22866964,0.521305561,-0.7543782,-0.208661944,-0.0282166321,-0.296499252,-0.909454465,-0.490036398,-0.771870077,-0.956908047,-0.498878568,-0.199069589,8
0,-0.32890445,-0.475357324,0.511551023,-0.407957584,-0.475086063,-0.407344818,-0.114585042,-0.0596355125,-0.623986244,-0.0698082,0.50627166,0.572134435,1.13404715,-0.232199743,-0.125630632,-0.0399202406,-0.716925859,0.380951583,-0.509358644,-0.506920815,1.3111614,0.700073719,-0.110526666,0,-0.79118371,-0.503276289,1.04157031,0.8073259,1.41981947,1.52831924,-0.0489115976,0,-0.682535589,-1.06700528,-0.17343016,-0.396728605,0.896135747,1.47129107,0,-0.0533790924,-0.538130045,-0.759892046,-1.1134119,-1.22754025,0.113796152,1.78996634,-0.0942896381,-0.0425597429,-0.404258102,1.47541523,0.0895507634,-0.279997826,0.521305561,1.71932638,-0.208661944,-0.0282166321,-0.296499252,0.272334903,-0.0265482478,0.456023633,1.24453282,0.972588837,-0.199069589,9
0,-0.32890445,0.362978905,0.98909992,0.291318804,-0.120253511,-0.407344818,-0.114585042,-0.0596355125,-0.623986244,0.482071757,1.00716376,1.1969589,-0.513545632,-0.517234027,-0.125630632,-0.0399202406,-0.4359231,1.08618891,1.5438658,1.43526709,-0.780782402,-0.551693916,-0.110526666,0,-0.467236519,0.795401216,1.21262515,0.8073259,-1.27510405,-0.631733954,-0.0489115976,0,-0.392982006,1.29847205,1.09957254,0.788205206,-1.33037388,-0.82575953,0,-0.0533790924,-0.538130045,1.0858748,1.35087121,1.33242333,-0.772460103,-0.800828636,-0.0942896381,-0.0425597429,-0.404258102,-0.290194958,1.23817647,1.23787713,-0.301498413,-0.7543782,-0.208661944,-0.0282166321,-0.296499252,-0.318559766,0.436939895,0.251374692,-0.110200025,-0.498878568,-0.199069589,1
0,-0.32890445,0.78214699,0.272776544,0.524410903,-0.120253511,-0.407344818,-0.114585042,-0.0596355125,0.626971841,1.03395164,-0.495512635,0.572134435,1.29880655,-0.517234027,-0.125630632,-0.0399202406,-0.716925859,0.557260871,1.37276375,1.11156917,1.3111614,-0.238752022,-0.110526666,0,-0.79118371,-1.47728431,-1.01108789,-0.492669165,1.41981947,0.178286016,-0.0489115976,0,-0.682535589,-1.22470379,-1.44643283,-1.07383358,1.23867571,-0.82575953,0,-0.0533790924,-0.538130045,-1.0675199,-1.1134119,-1.06754243,1.35455489,-0.0942482054,-0.0942896381,-0.0425597429,0.150493473,1.29885423,-0.867637277,-0.279997826,1.17954874,-0.342094123,-0.208661944,-0.0282166321,-0.296499252,0.272334903,0.668684006,0.865321517,0.397824794,-0.498878568,-0.199069589,9
0,-0.32890445,0.362978905,0.750325441,0.990595162,1.65390921,-0.407344818,-0.114585042,-0.0596355125,0.00149279006,0.849991679,-2.49908113,-1.09406424,1.29880655,-0.232199743,-0.125630632,-0.0399202406,-0.716925859,-1.73476028,-1.19376683,0.464173138,0.828405142,-0.551693916,-0.110526666,0,-0.79118371,-1.47728431,-1.01108789,0.644826531,0.577655911,-0.0917206332,-0.0489115976,0,-0.682535589,-0.278512836,1.09957254,0.957481444,1.23867571,1.47129107,0,-0.0533790924,-0.538130045,-0.298450351,0.888818085,-0.107556142,-1.4814651,-0.800828636,-0.0942896381,-0.0425597429,-0.404258102,-0.819878042,1.04673874,-1.60813844,-1.45342398,-0.7543782,-0.208661944,-0.0282166321,-0.296499252,0.863229573,-0.0265482478,-2.40906167,-1.12624967,-0.498878568,-0.199069589,7
0,0.756221235,1.41089916,0.98909992,0.524410903,-0.652502358,-0.407344818,-0.114585042,-0.0596355125,1.56519043,0.849991679,-1.99818909,0.572134435,-0.184027076,-0.517234027,-0.125630632,-0.0399202406,-0.716925859,-1.38214171,-1.19376683,0.787871122,-0.137107387,-0.551693916,-0.110526666,0,-0.79118371,-1.47728431,-0.497923404,0.969825268,0.0723577365,-0.631733954,-0.0489115976,0,-0.682535589,-1.22470379,0.940447152,0.449652672,1.0674057,1.75842237,0,-0.0533790924,-0.538130045,-1.0675199,-0.959394217,-1.22754025,-0.0634551048,2.73207355,-0.0942896381,-0.0425597429,-0.404258102,0.0629270747,-1.05907488,-1.60813844,0.521305561,1.30704224,-0.208661944,-0.0282166321,0.768356621,1.45412421,0.900428057,0.865321517,1.07519114,-0.253634006,-0.199069589,3
0,-0.32890445,0.572562933,0.0340020917,0.0582266748,-0.829918623,-0.407344818,-0.114585042,-0.0596355125,0.31423232,1.03395164,1.00716376,0.780409276,0.145491496,-0.517234027,-0.125630632,-0.0399202406,0.969090581,0.909879565,0.346151531,-0.668769836,0.66748637,0.0741898865,-0.110526666,0,1.47644675,-0.0162722114,-1.52425253,-1.63016486,0.240790457,1.25831258,-0.0489115976,0,1.34433937,0.0368841328,-1.44643283,-1.75093865,-0.302754074,1.47129107,0,-0.0533790924,1.17782497,0.470619142,-1.1134119,-1.22754025,-0.240706354,1.31891274,-0.0942896381,-0.0425597429,-0.404258102,1.12229323,0.663863599,0.0994709209,1.17954874,0.482474059,-0.208661944,-0.0282166321,-0.296499252,-0.121594876,0.205195829,-0.157923222,-0.448883235,-0.498878568,-0.199069589,0
0,2.92647266,1.41089916,0.0340020917,0.524410903,-0.297669798,-0.407344818,-0.114585042,-0.0596355125,-0.311246723,0.482071757,-1.99818909,-1.30233908,-1.33734202,-0.517234027,-0.125630632,-0.0399202406,0.407085121,0.733570218,-0.509358644,-0.668769836,-1.26353872,-0.551693916,-0.110526666,0,0.828552306,0.633066535,0.528405726,0.644826531,0.409223169,-0.631733954,-0.0489115976,0,-0.682535589,-1.22470379,-1.44643283,-1.75093865,0.382325828,0.897028387,0,-0.0533790924,-0.538130045,-1.0675199,-1.1134119,-1.22754025,-0.772460103,1.08338594,-0.0942896381,-0.0425597429,-0.404258102,-0.290194958,-1.44195008,-1.79787278,-0.136937618,0.894758165,-0.208661944,-0.0282166321,1.83321249,1.45412421,0.900428057,0.865321517,1.58321595,-0.00838943198,-0.199069589,5
0,-0.32890445,-0.684941351,-1.6374191,-1.57341826,0.944244146,4.14540386,4.59238863,-0.0596355125,-0.623986244,0.298111767,1.00716376,0.780409276,0.804528654,4.04331398,3.1873281,-0.0399202406,-0.4359231,0.733570218,0.346151531,-1.15431678,-0.298026145,2.8906672,-0.110526666,0,-0.79118371,1.12007058,-0.668978274,-1.46766543,0.914521337,0.448292673,-0.0489115976,0,-0.682535589,-1.06700528,-1.44643283,-0.566004872,0.382325828,-0.82575953,0,-0.0533790924,-0.538130045,-1.0675199,-0.80537653,0.692432463,-1.12696266,-0.800828636,-0.0942896381,-0.0425597429,-0.404258102,-1.3495611,0.0895507634,0.0994709209,-1.45342398,-0.7543782,-0.208661944,-0.0282166321,-0.296499252,-1.10641932,0.668684006,-1.38581693,-1.12624967,-0.498878568,-0.199069589,7
0,2.92647266,2.24923539,0.98909992,0.524410903,0.234579042,-0.103828259,-0.114585042,-0.0596355125,-0.311246723,-0.253768176,-0.745958686,0.988684118,1.29880655,0.622903049,-0.125630632,-0.0399202406,-0.716925859,-1.73476028,0.00394746149,1.43526709,0.66748637,-0.238752022,-0.110526666,0,-0.79118371,-1.47728431,0.0152411638,0.969825268,-0.938238621,-0.631733954,-0.0489115976,0,-0.682535589,-1.22470379,-0.969056785,0.788205206,-0.302754074,-0.82575953,0,-0.0533790924,-0.538130045,-1.0675199,-1.1134119,0.212439299,1.17730367,-0.800828636,-0.0942896381,-0.0425597429,0.150493473,0.416049123,0.0895507634,1.23787713,1.17954874,-0.13595207,-0.208661944,-0.0282166321,1.83321249,1.45412421,0.900428057,0.0467257351,-0.279541612,-0.498878568,-0.199069589,3
0,0.756221235,0.78214699,0.750325441,0.990595162,0.589411557,-0.407344818,-0.114585042,-0.0596355125,1.25245082,0.298111767,-2.74952722,-1.71888876,1.29880655,-0.517234027,-0.125630632,-0.0399202406,-0.716925859,-1.55845106,-1.19376683,0.140475139,0.989323914,-0.551693916,-0.110526666,0,-0.79118371,-1.47728431,0.186296016,0.8073259,-0.769805908,-0.631733954,-0.0489115976,0,-0.682535589,-1.22470379,-0.332555473,0.788205206,-0.645294011,-0.82575953,0,-0.0533790924,-0.538130045,-1.0675199,-1.1134119,-0.587549329,0.822801173,-0.329775035,-0.0942896381,-0.0425597429,0.705245078,-0.113633938,-1.05907488,-1.0389353,0.850427151,-0.13595207,-0.208661944,-0.0282166321,-0.296499252,0.666264713,0.900428057,0.865321517,0.567166388,-0.498878568,-0.199069589,3
0,-0.32890445,-0.0561892018,0.0340020917,-0.641049683,-0.829918623,-0.407344818,-0.114585042,-0.0596355125,-0.623986244,1.03395164,-0.745958686,0.988684118,0.145491496,-0.517234027,-0.125630632,-0.0399202406,-0.154920369,0.733570218,-1.02266479,0.464173138,0.66748637,-0.551693916,-0.110526666,0,-0.79118371,-0.0162722114,0.870515406,0.969825268,0.577655911,-0.631733954,-0.0489115976,0,-0.682535589,-0.751608312,0.940447152,0.957481444,0.0397858657,-0.82575953,0,-0.0533790924,-0.538130045,0.778246939,0.426765025,-0.74754703,0.822801173,-0.565301836,-0.0942896381,-0.0425597429,-0.404258102,0.592610121,-0.293324441,-0.849200904,1.17954874,-0.13595207,-0.208661944,-0.0282166321,-0.296499252,-0.318559766,-0.490036398,-0.771870077,-0.618224859,-0.498878568,-0.199069589,8
0,-0.32890445,0.78214699,0.750325441,0.757503033,-0.652502358,-0.407344818,-0.114585042,-0.0596355125,0.31423232,0.114151776,-1.99818909,0.988684118,-0.348786354,-0.517234027,-0.125630632,-0.0399202406,-0.716925859,-1.73476028,-1.19376683,1.43526709,-0.941701174,-0.551693916,-0.110526666,0,-0.143289298,0.470731825,0.699460566,0.969825268,1.41981947,2.33833909,-0.0489115976,0,-0.103428438,0.667678058,0.940447152,0.111100167,-0.474024057,-0.538628221,0,-0.0533790924,-0.538130045,-0.606078148,1.35087121,-1.22754025,-1.4814651,-0.800828636,-0.0942896381,-0.0425597429,-0.404258102,-0.466755986,0.855301201,-1.79787278,-1.45342398,-0.7543782,-0.208661944,-0.0282166321,-0.296499252,1.06019449,-1.18526864,-2.40906167,-1.12624967,-0.498878568,-0.199069589,7
0,1.84134698,1.41089916,0.272776544,0.990595162,1.83132553,0.806721449,-0.114585042,-0.0596355125,2.81614852,1.03395164,0.255825579,-0.677514553,-0.678304911,-0.232199743,-0.125630632,-0.0399202406,2.93610978,0.733570218,-1.19376683,-1.15431678,-1.26353872,-0.551693916,-0.110526666,0,-0.467236519,0.957735896,0.528405726,-1.63016486,-1.27510405,-0.631733954,-0.0489115976,0,-0.682535589,-0.278512836,1.09957254,-1.24310982,-1.5016439,-0.82575953,0,-0.0533790924,-0.538130045,-1.0675199,0.888818085,-0.107556142,-1.4814651,-0.800828636,-0.0942896381,-0.0425597429,1.25999665,-0.466755986,1.23817647,-0.469732195,-1.45342398,-0.7543782,-0.208661944,-0.0282166321,2.89806843,1.45412421,0.668684006,-2.40906167,-1.12624967,-0.498878568,-0.199069589,5
0,0.756221235,1.83006728,0.98909992,0.524410903,0.411995322,-0.407344818,-0.114585042,-0.0596355125,0.939711332,0.298111767,-1.74774301,0.780409276,0.145491496,-0.517234027,-0.125630632,-0.0399202406,-0.154920369,0.909879565,0.346151531,0.949720144,0.66748637,-0.551693916,-0.110526666,0,-0.79118371,-0.99028033,-0.155813694,-0.330169797,1.41981947,-0.0917206332,-0.0489115976,0,-0.682535589,-1.22470379,-1.44643283,-1.75093865,0.382325828,0.897028387,0,-0.0533790924,-0.538130045,-0.452264249,-1.1134119,-1.22754025,-0.0634551048,1.08338594,-0.0942896381,-0.0425597429,1.81474817,1.12229323,-1.05907488,-0.849200904,0.850427151,0.688616097,-0.208661944,-0.0282166321,0.768356621,1.45412421,0.900428057,0.865321517,0.567166388,-0.253634006,-0.199069589,9
0,-0.32890445,-0.265773267,0.98909992,0.990595162,1.83132553,0.503204882,-0.114585042,-0.0596355125,-0.623986244,-0.621688128,0.00537951011,0.572134435,1.29880655,1.76304007,-0.125630632,-0.0399202406,-0.716925859,-1.73476028,-1.19376683,-0.992467821,1.3111614,1.01301563,-0.110526666,0,-0.467236519,-0.82794565,-0.840033114,-0.492669165,1.41981947,-0.361727297,-0.0489115976,0,2.21300006,1.29847205,1.09957254,0.957481444,1.23867571,1.75842237,0,-0.0533790924,1.17782497,0.624433041,0.888818085,1.33242333,0.291047394,-0.329775035,-0.0942896381,-0.0425597429,-0.404258102,-1.3495611,0.280988365,0.668674052,-1.45342398,-0.7543782,-0.208661944,-0.0282166321,-0.296499252,-0.121594876,0.205195829,-1.79511487,-1.12624967,-0.498878568,-0.199069589,7
0,-0.32890445,-1.10410953,-2.35374236,0.524410903,-0.120253511,-0.407344818,-0.114585042,-0.0596355125,-0.623986244,-1.72544801,-0.245066568,0.155584782,-1.33734202,-0.517234027,-0.125630632,-0.0399202406,-0.716925859,-0.500595033,1.20166171,-0.992467821,-1.26353872,-0.551693916,-0.110526666,0,0.828552306,1.12007058,-1.01108789,-0.980167329,-0.264507711,-0.0917206332,-0.0489115976,0,3.37121439,1.29847205,0.781321824,0.957481444,1.23867571,2.04555368,0,-0.0533790924,2.55058908,0.778246939,-0.0352880657,0.0524415746,1.35455489,0.141278625,-0.0942896381,-0.0425597429,-0.404258102,-1.3495611,-1.82482529,0.668674052,0.521305561,-0.7543782,-0.208661944,-0.0282166321,-0.296499252,-1.10641932,-2.11224484,0.660672605,-0.110200025,-0.498878568,-0.199069589,4
0,-0.32890445,-1.10410953,-0.443546832,0.0582266748,-1.00733483,-0.407344818,-0.114585042,-0.0596355125,-0.623986244,-1.17356813,1.00716376,-1.09406424,-0.843064249,0.33786878,-0.125630632,-0.0399202406,-0.716925859,0.909879565,0.00394746149,-1.15431678,0.828405142,2.8906672,-0.110526666,0,1.47644675,0.795401216,-1.35319769,-0.492669165,1.41981947,1.52831924,-0.0489115976,0,1.92344654,0.82537657,-0.650806129,0.788205206,0.724865794,-0.538628221,0,-0.0533790924,3.2369709,1.39350259,1.35087121,1.33242333,-1.30421388,-0.800828636,-0.0942896381,-0.0425597429,-0.404258102,-0.643316984,-0.101886839,1.23787713,-1.45342398,-0.7543782,-0.208661944,-0.0282166321,-0.296499252,-1.10641932,-0.258292317,0.660672605,-1.12624967,-0.498878568,-0.199069589,4
0,4.01159859,2.03965139,0.98909992,0.990595162,1.83132553,0.806721449,-0.114585042,-0.0596355125,0.626971841,1.03395164,0.756717741,-0.2609649,-0.184027076,-0.232199743,-0.125630632,-0.0399202406,-0.716925859,0.909879565,1.20166171,-0.992467821,-1.26353872,-0.551693916,-0.110526666,0,-0.79118371,-0.665610969,1.21262515,-0.167670414,-1.27510405,-0.631733954,-0.0489115976,0,-0.682535589,-1.22470379,0.781321824,0.957481444,-1.5016439,-0.82575953,0,-0.0533790924,-0.538130045,-1.0675199,0.272747338,1.33242333,-0.595208883,-0.800828636,-0.0942896381,-0.0425597429,1.25999665,0.416049123,0.663863599,1.23787713,-0.795180798,-0.7543782,-0.208661944,-0.0282166321,5.02778006,2.04501891,0.900428057,0.0467257351,-1.12624967,-0.498878568,-0.199069589,5
0,-0.32890445,-0.475357324,-0.443546832,0.291318804,0.234579042,-0.407344818,-0.114585042,-0.0596355125,-0.311246723,0.666031718,0.255825579,0.988684118,0.969287932,-0.517234027,-0.125630632,-0.0399202406,-0.716925859,0.909879565,-0.338256598,1.11156917,0.184730127,-0.551693916,-0.110526666,0,-0.79118371,-1.47728431,0.186296016,0.969825268,-0.432940423,-0.631733954,-0.0489115976,0,-0.682535589,-1.22470379,-0.332555473,0.618928909,1.23867571,0.0356344357,0,-0.0533790924,0.834633946,-0.298450351,-1.1134119,-0.907544732,1.35455489,0.141278625,-0.0942896381,-0.0425597429,5.14325762,1.47541523,0.0895507634,-0.279997826,1.17954874,-0.13595207,-0.208661944,-0.0282166321,-0.296499252,-0.121594876,-0.0265482478,0.456023633,0.228483185,-0.498878568,-0.199069589,3
0,7.2669754,2.24923539,0.98909992,0.990595162,1.83132553,2.93133736,-0.114585042,-0.0596355125,1.87792993,1.03395164,-0.745958686,-0.885789394,-1.33734202,-0.232199743,-0.125630632,-0.0399202406,0.126082376,1.08618891,-0.680460691,-1.15431678,-1.26353872,-0.551693916,-0.110526666,0,-0.79118371,0.308397144,0.528405726,-1.63016486,-1.27510405,-0.631733954,-0.0489115976,0,-0.682535589,-0.5939098,1.09957254,-1.58166242,-1.5016439,-0.82575953,0,-0.0533790924,0.834633946,-1.0675199,1.04283583,-0.587549329,-1.4814651,-0.800828636,-0.0942896381,-0.0425597429,4.58850622,0.239488095,1.23817647,-1.22866964,-1.45342398,-0.7543782,-0.208661944,-0.0282166321,5.02778006,1.84805405,0.205195829,-2.40906167,-1.12624967,-0.498878568,-0.199069589,5
0,-0.32890445,-0.684941351,-0.443546832,0.757503033,-0.829918623,-0.407344818,-0.114585042,-0.0596355125,0.31423232,1.03395164,1.00716376,0.572134435,0.804528654,-0.517234027,-0.125630632,-0.0399202406,0.688087881,1.08618891,0.859457612,-0.992467821,0.66748637,-0.238752022,-0.110526666,0,1.47644675,0.633066535,-0.668978274,-1.63016486,-0.0960749909,0.718299329,-0.0489115976,0,-0.103428438,0.983075023,-1.44643283,-1.75093865,-0.302754074,2.04555368,0,-0.0533790924,-0.538130045,0.778246939,-0.80537653,-1.22754025,0.645549893,0.847859085,-0.0942896381,-0.0425597429,-0.404258102,0.239488095,0.472425967,0.478939652,1.17954874,0.0701899752,-0.208661944,-0.0282166321,-0.296499252,-1.10641932,-0.490036398,0.865321517,-0.110200025,-0.498878568,-0.199069589,0
0,-0.32890445,0.78214699,0.98909992,0.990595162,0.411995322,-0.407344818,-0.114585042,-0.0596355125,0.939711332,1.03395164,0.756717741,0.780409276,1.29880655,-0.517234027,-0.125630632,-0.0399202406,0.407085121,-0.147976398,-0.680460691,0.949720144,0.66748637,-0.551693916,-0.110526666,0,-0.79118371,-1.47728431,-0.155813694,0.8073259,-1.10667133,-0.631733954,-0.0489115976,0,-0.682535589,-0.909306765,1.09957254,-0.566004872,-1.5016439,-0.82575953,0,-0.0533790924,-0.538130045,0.624433041,1.04283583,-1.06754243,-0.772460103,-0.0942482054,-0.0942896381,-0.0425597429,-0.404258102,1.47541523,0.855301201,1.04814279,1.17954874,0.0701899752,-0.208661944,-0.0282166321,-0.296499252,0.666264713,0.900428057,0.660672605,-0.279541612,-0.498878568,-0.199069589,2
0,-0.32890445,-0.684941351,0.0340020917,-2.50578666,-1.00733483,-0.407344818,-0.114585042,-0.0596355125,-0.623986244,0.114151776,0.00537951011,-2.13543844,-1.33734202,-0.517234027,-0.125630632,-0.0399202406,-0.154920369,1.08618891,-0.509358644,-1.15431678,-1.26353872,-0.551693916,-0.110526666,0,1.15249956,1.12007058,0.186296016,-0.00517102238,-0.432940423,-0.631733954,-0.0489115976,0,0.765232265,1.29847205,0.940447152,0.280376405,0.896135747,0.897028387,0,-0.0533790924,0.834633946,1.39350259,-0.651358843,-1.22754025,-0.0634551048,2.02549314,-0.0942896381,-0.0425597429,-0.404258102,1.12229323,-0.101886839,-1.0389353,0.356744766,1.92546833,-0.208661944,-0.0282166321,-0.296499252,-0.515524685,0.436939895,0.865321517,0.905849576,0.236855134,-0.199069589,6
0,-0.32890445,0.572562933,-0.204772368,-0.874141812,0.766827881,-0.407344818,-0.114585042,-0.0596355125,0.31423232,0.849991679,-0.996404767,0.363859624,1.29880655,0.622903049,-0.125630632,-0.0399202406,0.126082376,0.380951583,-1.19376683,-0.668769836,1.3111614,0.0741898865,-0.110526666,0,-0.79118371,0.308397144,0.186296016,0.8073259,0.409223169,-0.631733954,-0.0489115976,0,-0.682535589,-0.5939098,1.09957254,0.957481444,-0.474024057,-0.82575953,0,-0.0533790924,-0.538130045,0.00917744078,0.272747338,-0.587549329,1.35455489,-0.800828636,-0.0942896381,-0.0425597429,-0.404258102,0.769171178,0.280988365,-0.849200904,1.17954874,-0.7543782,-0.208661944,-0.0282166321,-0.296499252,-0.515524685,-0.490036398,-0.567221105,-0.618224859,-0.498878568,-0.199069589,8
0,-0.32890445,0.153394848,0.511551023,-0.874141812,-1.00733483,-0.407344818,-0.114585042,-0.0596355125,1.25245082,1.03395164,-0.495512635,0.780409276,-0.678304911,-0.517234027,-0.125630632,-0.0399202406,2.37410426,-0.853213727,-1.19376683,0.62602216,-0.619863689,-0.551693916,-0.110526666,0,0.504605114,-0.503276289,-1.18214285,0.969825268,-0.938238621,-0.631733954,-0.0489115976,0,-0.682535589,-1.22470379,0.622196496,-0.566004872,-1.5016439,-0.82575953,0,-0.0533790924,-0.538130045,0.00917744078,1.04283583,-1.22754025,-1.4814651,-0.800828636,-0.0942896381,-0.0425597429,-0.404258102,0.769171178,0.0895507634,-0.279997826,-0.136937618,0.0701899752,-0.208661944,-0.0282166321,-0.296499252,0.272334903,0.436939895,0.456023633,1.24453282,2.68930078,-0.199069589,2
0,-0.32890445,-0.894525409,-0.443546832,-0.641049683,-1.00733483,-0.407344818,-0.114585042,-0.0596355125,-0.623986244,-0.253768176,0.756717741,-1.30233908,-1.33734202,-0.517234027,-0.125630632,-0.0399202406,-0.4359231,1.08618891,-0.338256598,-1.15431678,-1.26353872,-0.551693916,-0.110526666,0,0.504605114,1.12007058,-1.35319769,-0.980167329,1.08295405,0.448292673,-0.0489115976,0,0.475678682,1.29847205,0.463071167,0.618928909,1.23867571,0.609897077,0,-0.0533790924,-0.538130045,-0.913705945,-0.0352880657,1.33242333,0.113796152,-0.800828636,-0.0942896381,-0.0425597429,-0.404258102,-1.3495611,-1.44195008,1.23787713,-0.795180798,-0.7543782,-0.208661944,-0.0282166321,-0.296499252,-1.10641932,-0.490036398,0.251374692,-1.12624967,-0.498878568,-0.199069589,4
0,-0.32890445,-0.0561892018,0.511551023,0.757503033,-0.652502358,-0.407344818,-0.114585042,-0.0596355125,1.25245082,1.03395164,-0.495512635,0.988684118,-0.0192677919,-0.517234027,-0.125630632,-0.0399202406,-0.4359231,-1.02952302,-1.19376683,0.140475139,0.0238113683,-0.551693916,-0.110526666,0,-0.79118371,-1.31494963,-0.326868534,0.969825268,1.41981947,1.52831924,-0.0489115976,0,-0.682535589,0.82537657,1.09957254,0.957481444,-0.816564023,-0.82575953,0,-0.0533790924,-0.538130045,-0.144636467,0.426765025,0.212439299,-1.4814651,-0.800828636,-0.0942896381,-0.0425597429,-0.404258102,-1.3495611,0.663863599,-1.0389353,-1.45342398,-0.7543782,-0.208661944,-0.0282166321,-0.296499252,-0.121594876,0.668684006,-1.99976373,-1.12624967,-0.498878568,-0.199069589,7
0,-0.32890445,-0.475357324,0.272776544,-1.34032607,-1.00733483,-0.407344818,-0.114585042,-0.0596355125,-0.623986244,-0.0698082,0.756717741,-1.71888876,-1.33734202,-0.517234027,-0.125630632,-0.0399202406,-0.154920369,0.909879565,-0.680460691,-1.15431678,-1.26353872,-0.551693916,-0.110526666,0,0.504605114,0.795401216,-1.52425253,-1.63016486,-1.27510405,-0.631733954,-0.0489115976,0,0.475678682,0.983075023,0.781321824,0.957481444,0.724865794,-0.251496881,0,-0.0533790924,0.491442949,1.39350259,0.272747338,-1.06754243,-0.772460103,2.02549314,-0.0942896381,-0.0425597429,-0.404258102,1.12229323,0.0895507634,-0.849200904,0.356744766,1.51318431,-0.208661944,-0.0282166321,-0.296499252,-0.515524685,0.205195829,0.660672605,0.228483185,-0.498878568,-0.199069589,6
0,-0.32890445,-0.684941351,0.0340020917,-1.80651033,-1.00733483,-0.407344818,-0.114585042,-0.0596355125,-0.311246723,0.298111767,1.00716376,1.1969589,-0.843064249,-0.517234027,-0.125630632,-0.0399202406,1.25009334,1.08618891,-0.16715458,-0.506920815,0.828405142,-0.551693916,-0.110526666,0,1.80039394,1.12007058,-0.497923404,-1.63016486,0.914521337,0.718299329,-0.0489115976,0,-0.392982006,1.29847205,-0.650806129,-1.75093865,-0.302754074,1.75842237,0,-0.0533790924,-0.538130045,1.39350259,0.118729629,-1.22754025,-0.0634551048,2.02549314,-0.0942896381,-0.0425597429,-0.404258102,0.945732176,0.855301201,0.858408391,1.17954874,1.30704224,-0.208661944,-0.0282166321,-0.296499252,-0.318559766,0.436939895,0.660672605,0.0591415763,-0.498878568,-0.199069589,0
0,-0.32890445,-0.475357324,0.98909992,0.0582266748,-0.652502358,-0.407344818,-0.114585042,-0.0596355125,-0.623986244,-0.805648148,1.00716376,1.1969589,-0.843064249,-0.517234027,-0.125630632,-0.0399202406,-0.716925859,-0.147976398,1.5438658,1.43526709,-1.26353872,-0.551693916,-0.110526666,0,-0.79118371,-0.0162722114,1.21262515,0.969825268,-1.10667133,-0.631733954,-0.0489115976,0,-0.682535589,0.194582611,1.09957254,0.957481444,-1.5016439,-0.82575953,0,-0.0533790924,-0.538130045,0.316805243,1.35087121,0.852430165,-1.4814651,-0.800828636,-0.0942896381,-0.0425597429,-0.404258102,-0.113633938,1.23817647,0.668674052,-1.45342398,-0.7543782,-0.208661944,-0.0282166321,-0.296499252,-0.515524685,0.436939895,0.865321517,-0.618224859,-0.498878568,-0.199069589,1
0,-0.32890445,0.153394848,0.98909992,0.990595162,1.83132553,4.44892025,9.29936314,-0.0596355125,-0.623986244,-0.805648148,-0.495512635,-0.469239712,0.969287932,4.04331398,3.1873281,-0.0399202406,-0.716925859,-1.73476028,-1.19376683,-0.506920815,1.3111614,1.95184135,-0.110526666,0,-0.79118371,-1.15261495,0.186296016,0.644826531,1.25138676,0.988305986,-0.0489115976,0,-0.682535589,-0.278512836,1.09957254,0.957481444,1.23867571,1.18415976,0,-0.0533790924,-0.538130045,-1.0675199,1.19685352,0.212439299,-1.4814651,-0.800828636,-0.0942896381,-0.0425597429,-0.404258102,-0.290194958,1.23817647,-0.659466565,-1.45342398,-0.7543782,-0.208661944,-0.0282166321,-0.296499252,0.863229573,0.205195829,-2.2044127,-1.12624967,-0.498878568,-0.199069589,7
0,-0.32890445,-1.10410953,-1.39864469,0.990595162,0.0571627617,-0.407344818,-0.114585042,-0.0596355125,-0.623986244,-0.989608109,1.00716376,-0.0526900552,-1.33734202,-0.517234027,-0.125630632,-0.0399202406,-0.154920369,0.909879565,1.20166171,-1.15431678,-0.137107387,-0.238752022,-0.110526666,0,1.15249956,1.12007058,-1.01108789,-1.1426667,1.41981947,1.7983259,-0.0489115976,0,2.5025537,1.29847205,-0.17343016,0.111100167,1.23867571,0.897028387,0,-0.0533790924,0.491442949,1.23968863,1.35087121,1.33242333,1.17730367,-0.565301836,-0.0942896381,-0.0425597429,-0.404258102,-1.3495611,-1.25051248,1.23787713,-0.301498413,-0.7543782,-0.208661944,-0.0282166321,-0.296499252,-1.10641932,-1.64875674,0.865321517,-0.618224859,-0.498878568,-0.199069589,4
0,-0.32890445,2.03965139,0.98909992,0.990595162,1.12166035,0.1996883,-0.114585042,-0.0596355125,0.00149279006,1.03395164,0.756717741,0.363859624,0.639769375,0.33786878,-0.125630632,-0.0399202406,0.407085121,1.08618891,0.175049499,-1.15431678,-1.26353872,-0.551693916,-0.110526666,0,1.80039394,1.12007058,0.528405726,-0.980167329,-1.27510405,-0.631733954,-0.0489115976,0,-0.682535589,0.667678058,1.09957254,0.957481444,-1.5016439,-0.82575953,0,-0.0533790924,-0.538130045,-1.0675199,-0.651358843,1.33242333,-0.0634551048,-0.800828636,-0.0942896381,-0.0425597429,0.705245078,-0.290194958,-0.101886839,1.23787713,-0.136937618,-0.7543782,-0.208661944,-0.0282166321,0.768356621,1.84805405,0.900428057,0.660672605,-0.618224859,-0.498878568,-0.199069589,5
0,-0.32890445,-0.894525409,0.272776544,-2.03960252,-1.00733483,-0.407344818,-0.114585042,-0.0596355125,-0.623986244,-0.621688128,0.50627166,-1.71888876,-1.33734202,-0.517234027,-0.125630632,-0.0399202406,-0.716925859,0.557260871,1.03055966,0.140475139,-0.458944917,-0.551693916,-0.110526666,0,-0.143289298,0.957735896,1.04157031,0.319827735,1.25138676,0.718299329,-0.0489115976,0,1.34433937,1.29847205,-0.809931457,-1.75093865,0.553595781,1.47129107,0,-0.0533790924,0.148251966,1.23968863,-0.0352880657,-1.22754025,0.645549893,0.612332284,-0.0942896381,-0.0425597429,-0.404258102,-0.466755986,1.04673874,-0.849200904,1.01498795,0.276332021,-0.208661944,-0.0282166321,-0.296499252,-1.10641932,0.205195829,0.865321517,0.397824794,-0.498878568,-0.199069589,6
0,-0.32890445,-0.0561892018,-0.443546832,0.524410903,1.83132553,2.93133736,-0.114585042,-0.0596355125,0.00149279006,0.849991679,0.756717741,-1.09406424,-0.678304911,-0.232199743,-0.125630632,-0.0399202406,-0.154920369,1.08618891,0.346151531,-0.506920815,-1.10261989,-0.551693916,-0.110526666,0,-0.143289298,1.12007058,1.21262515,0.969825268,0.577655911,-0.631733954,-0.0489115976,0,-0.103428438,0.194582611,-1.2873075,-1.75093865,0.896135747,0.322765768,0,-0.0533790924,-0.538130045,-1.0675199,-1.1134119,-1.06754243,1.00005245,-0.0942482054,-0.0942896381,-0.0425597429,-0.404258102,-1.3495611,-1.44195008,0.668674052,-0.301498413,-0.7543782,-0.208661944,-0.0282166321,-0.296499252,0.272334903,0.436939895,-0.976518989,-1.12624967,-0.498878568,-0.199069589,5
0,0.756221235,1.62048328,0.750325441,-2.27269459,-1.00733483,-0.407344818,-0.114585042,-0.0596355125,1.25245082,0.849991679,0.756717741,-0.2609649,-1.33734202,-0.517234027,-0.125630632,-0.0399202406,1.81209886,-0.324285716,0.517253578,0.949720144,-1.26353872,-0.551693916,-0.110526666,0,0.828552306,-0.99028033,0.528405726,0.319827735,-1.27510405,-0.631733954,-0.0489115976,0,-0.682535589,-0.751608312,1.09957254,-0.73528111,-1.5016439,-0.82575953,0,-0.0533790924,1.17782497,1.23968863,1.19685352,-1.06754243,-1.4814651,-0.800828636,-0.0942896381,-0.0425597429,2.92425132,1.47541523,1.04673874,0.478939652,0.521305561,1.51318431,-0.208661944,-0.0282166321,0.768356621,1.06019449,0.205195829,0.865321517,1.58321595,2.44405627,-0.199069589,2
0,0.756221235,0.991731048,0.98909992,0.757503033,-0.652502358,-0.407344818,-0.114585042,-0.0596355125,-0.311246723,0.298111767,0.255825579,1.1969589,-0.678304911,-0.517234027,-0.125630632,-0.0399202406,-0.716925859,-1.73476028,-1.19376683,1.43526709,0.0238113683,-0.551693916,-0.110526666,0,-0.79118371,-0.340941578,0.357350856,0.969825268,0.914521337,1.52831924,-0.0489115976,0,1.63389289,1.29847205,1.09957254,0.957481444,1.23867571,0.897028387,0,-0.0533790924,0.148251966,0.470619142,1.35087121,0.212439299,-1.4814651,-0.800828636,-0.0942896381,-0.0425597429,-0.404258102,-0.819878042,1.23817647,-1.0389353,-1.45342398,-0.7543782,-0.208661944,-0.0282166321,-0.296499252,0.863229573,0.668684006,-1.99976373,-1.12624967,-0.498878568,-0.199069589,7
0,-0.32890445,-1.10410953,0.0340020917,-0.174865454,-0.829918623,-0.407344818,-0.114585042,-0.0596355125,-0.623986244,-1.35752809,1.00716376,0.572134435,0.310250789,-0.517234027,-0.125630632,-0.0399202406,-0.716925859,-0.324285716,0.346151531,-0.992467821,0.66748637,-0.551693916,-0.110526666,0,-0.143289298,1.12007058,0.0152411638,-1.63016486,0.409223169,0.718299329,-0.0489115976,0,0.475678682,1.29847205,-0.17343016,-1.75093865,-0.302754074,1.47129107,0,-0.0533790924,-0.194939047,1.39350259,-0.651358843,-1.22754025,0.291047394,0.847859085,-0.0942896381,-0.0425597429,-0.404258102,0.0629270747,0.663863599,-0.0902634487,1.17954874,0.482474059,-0.208661944,-0.0282166321,-0.296499252,-0.909454465,-0.490036398,0.865321517,1.07519114,-0.253634006,-0.199069589,0
0,-0.32890445,0.362978905,0.511551023,-0.174865454,-1.00733483,-0.407344818,-0.114585042,-0.0596355125,-0.311246723,1.03395164,0.255825579,-1.71888876,-1.00782347,-0.232199743,-0.125630632,-0.0399202406,0.126082376,1.08618891,0.346151531,-0.506920815,0.828405142,0.700073719,-0.110526666,0,-0.79118371,-0.340941578,1.21262515,0.969825268,1.08295405,-0.631733954,-0.0489115976,0,-0.682535589,0.509979606,1.09957254,0.957481444,0.0397858657,-0.82575953,0,-0.0533790924,-0.538130045,1.39350259,0.272747338,0.37243703,1.17730367,-0.800828636,-0.0942896381,-0.0425597429,0.150493473,1.47541523,-1.44195008,-0.849200904,1.17954874,0.0701899752,-0.208661944,-0.0282166321,-0.296499252,0.272334903,0.668684006,0.865321517,1.58321595,0.236855134,-0.199069589,8
0,-0.32890445,-0.894525409,0.272776544,0.990595162,0.766827881,-0.407344818,-0.114585042,-0.0596355125,-0.623986244,-0.437728167,0.50627166,0.572134435,0.969287932,-0.517234027,-0.125630632,-0.0399202406,-0.4359231,0.909879565,-0.338256598,-0.345071852,1.15024269,-0.551693916,-0.110526666,0,1.47644675,0.470731825,-1.52425253,-0.167670414,0.577655911,-0.631733954,-0.0489115976,0,-0.392982006,-0.909306765,0.303945839,0.788205206,1.23867571,1.18415976,0,-0.0533790924,-0.538130045,-0.452264249,1.19685352,1.33242333,0.113796152,-0.565301836,-0.0942896381,-0.0425597429,-0.404258102,-1.3495611,0.0895507634,0.289205283,-1.45342398,-0.7543782,-0.208661944,-0.0282166321,-0.296499252,-0.909454465,0.668684006,-0.976518989,-1.12624967,-0.498878568,-0.199069589,7
0,-0.32890445,0.572562933,0.98909992,0.291318804,-0.652502358,-0.407344818,-0.114585042,-0.0596355125,0.00149279006,1.03395164,-0.996404767,0.155584782,0.969287932,-0.232199743,-0.125630632,-0.0399202406,0.126082376,1.08618891,-1.02266479,0.787871122,1.3111614,1.01301563,-0.110526666,0,-0.79118371,0.470731825,1.21262515,0.969825268,0.914521337,1.7983259,-0.0489115976,0,-0.682535589,-1.22470379,-0.809931457,-1.41238606,0.0397858657,3.19407892,0,-0.0533790924,-0.538130045,-0.452264249,-0.343323469,-1.22754025,-0.0634551048,2.26101995,-0.0942896381,-0.0425597429,0.150493473,1.47541523,0.280988365,-1.60813844,0.685866356,0.688616097,-0.208661944,-0.0282166321,-0.296499252,0.469299793,0.668684006,0.865321517,1.41387439,-0.253634006,-0.199069589,9
0,-0.32890445,-0.265773267,0.98909992,0.990595162,-0.297669798,-0.407344818,-0.114585042,-0.0596355125,-0.623986244,-0.0698082,0.756717741,0.363859624,0.969287932,-0.517234027,-0.125630632,-0.0399202406,-0.154920369,0.204642251,-1.19376683,-1.15431678,0.184730127,1.32595754,-0.110526666,0,0.828552306,-0.503276289,-1.52425253,-1.63016486,-0.601373136,0.718299329,-0.0489115976,0,0.475678682,0.194582611,-1.44643283,-1.75093865,-0.302754074,0.322765768,0,-0.0533790924,0.834633946,0.470619142,-1.1134119,-0.907544732,1.00005245,-0.800828636,-0.0942896381,-0.0425597429,-0.404258102,1.12229323,1.04673874,1.23787713,-0.136937618,-0.7543782,-0.208661944,-0.0282166321,-0.296499252,-0.318559766,0.205195829,-0.362572163,-1.12624967,-0.498878568,-0.199069589,0
0,-0.32890445,-1.10410953,-2.83129144,0.291318804,0.944244146,-0.407344818,-0.114585042,-0.0596355125,-0.623986244,-1.90940797,-0.996404767,1.1969589,-0.513545632,-0.517234027,-0.125630632,-0.0399202406,-0.716925859,-1.20583236,1.37276375,1.43526709,-0.619863689,-0.551693916,-0.110526666,0,-0.79118371,-0.178606898,1.04157031,0.969825268,0.409223169,-0.361727297,-0.0489115976,0,0.475678682,1.29847205,0.781321824,0.957481444,1.23867571,2.33268499,0,-0.0533790924,1.86420691,1.39350259,0.888818085,1.17242563,1.00005245,-0.0942482054,-0.0942896381,-0.0425597429,-0.404258102,-1.3495611,-1.82482529,1.23787713,0.356744766,-0.7543782,-0.208661944,-0.0282166321,-0.296499252,-1.10641932,-2.80747724,0.0467257351,0.736508012,-0.498878568,-0.199069589,4
0,-0.32890445,-0.265773267,0.0340020917,0.990595162,1.83132553,0.806721449,-0.114585042,-0.0596355125,-0.623986244,-0.253768176,-1.24685085,-1.30233908,0.969287932,2.90317702,-0.125630632,-0.0399202406,-0.716925859,-1.73476028,-1.19376683,-1.15431678,0.506567657,3.82949281,-0.110526666,0,-0.79118371,-1.47728431,-1.52425253,-1.1426667,1.41981947,0.988305986,-0.0489115976,0,-0.682535589,-1.22470379,-1.2873075,0.449652672,-0.474024057,-0.82575953,0,-0.0533790924,-0.538130045,-0.913705945,0.734800398,0.0524415746,-1.4814651,-0.800828636,-0.0942896381,-0.0425597429,-0.404258102,-0.290194958,1.23817647,-0.0902634487,-0.630620003,-0.7543782,-0.208661944,-0.0282166321,-0.296499252,-0.515524685,-0.0265482478,0.251374692,0.397824794,-0.498878568,-0.199069589,2
0,1.84134698,1.62048328,0.98909992,0.757503033,-0.652502358,-0.407344818,-0.114585042,-0.0596355125,4.06710672,0.666031718,-1.24685085,1.1969589,-0.513545632,-0.517234027,-0.125630632,-0.0399202406,2.0931015,-1.55845106,-0.851562738,1.43526709,-0.619863689,-0.551693916,-0.110526666,0,-0.79118371,-1.31494963,0.357350856,0.969825268,1.25138676,1.52831924,-0.0489115976,0,-0.682535589,1.14077353,1.09957254,0.449652672,-0.131484106,-0.251496881,0,-0.0533790924,-0.538130045,0.470619142,1.04283583,-1.22754025,-1.4814651,-0.800828636,-0.0942896381,-0.0425597429,-0.404258102,0.592610121,0.0895507634,-1.79787278,-1.45342398,-0.7543782,-0.208661944,-0.0282166321,-0.296499252,1.84805405,-2.11224484,-2.40906167,-1.12624967,-0.498878568,-0.199069589,7
0,-0.32890445,0.362978905,0.511551023,0.990595162,1.29907668,-0.103828259,-0.114585042,-0.0596355125,-0.623986244,0.849991679,0.255825579,-1.51061392,0.804528654,1.76304007,-0.125630632,-0.0399202406,0.969090581,0.909879565,-0.851562738,-1.15431678,0.0238113683,1.95184135,-0.110526666,0,1.15249956,1.12007058,-1.52425253,-1.63016486,-0.264507711,2.33833909,-0.0489115976,0,1.92344654,0.82537657,-1.44643283,-1.75093865,0.724865794,1.75842237,0,-0.0533790924,1.17782497,1.23968863,-1.1134119,-0.427551597,1.35455489,0.376805425,-0.0942896381,-0.0425597429,1.81474817,1.47541523,-0.101886839,1.23787713,0.521305561,-0.7543782,-0.208661944,-0.0282166321,-0.296499252,0.469299793,0.900428057,0.0467257351,-0.618224859,-0.498878568,-0.199069589,0
0,4.01159859,1.62048328,0.98909992,0.990595162,0.234579042,-0.407344818,-0.114585042,-0.0596355125,1.87792993,0.298111767,1.00716376,1.1969589,0.804528654,-0.517234027,-0.125630632,-0.0399202406,-0.716925859,-0.147976398,1.5438658,1.43526709,-0.780782402,-0.551693916,-0.110526666,0,-0.79118371,0.957735896,1.21262515,-0.655168533,-1.27510405,-0.631733954,-0.0489115976,0,-0.682535589,0.352281094,0.303945839,-0.227452338,-1.15910399,-0.82575953,0,-0.0533790924,-0.538130045,-0.913705945,-0.0352880657,1.17242563,0.822801173,-0.329775035,-0.0942896381,-0.0425597429,-0.404258102,-0.819878042,-1.05907488,-0.469732195,1.17954874,1.30704224,-0.208661944,-0.0282166321,1.83321249,1.06019449,0.668684006,-0.157923222,0.228483185,-0.00838943198,-0.199069589,3
0,-0.32890445,1.20131516,0.0340020917,0.291318804,1.476493,0.806721449,-0.114585042,-0.0596355125,-0.623986244,0.482071757,-0.996404767,-1.30233908,-0.678304911,0.0528345145,-0.125630632,-0.0399202406,-0.716925859,0.204642251,-1.19376683,-1.15431678,-1.26353872,-0.551693916,-0.110526666,0,0.828552306,0.470731825,-0.497923404,-1.1426667,-1.27510405,-0.631733954,-0.0489115976,0,0.765232265,0.667678058,0.463071167,0.449652672,0.382325828,-0.82575953,0,-0.0533790924,-0.538130045,-0.759892046,-1.1134119,-1.22754025,0.822801173,-0.800828636,-0.0942896381,-0.0425597429,1.81474817,0.592610121,-1.82482529,-1.22866964,1.01498795,-0.7543782,-0.208661944,-0.0282166321,-0.296499252,0.666264713,0.900428057,0.865321517,-0.110200025,-0.498878568,-0.199069589,5
0,-0.32890445,1.62048328,0.272776544,0.291318804,1.12166035,0.806721449,-0.114585042,-0.0596355125,-0.311246723,1.03395164,-1.74774301,-1.09406424,0.145491496,0.622903049,-0.125630632,-0.0399202406,0.407085121,0.557260871,-1.19376683,-0.830618858,-1.10261989,-0.551693916,-0.110526666,0,0.828552306,0.795401216,0.357350856,0.969825268,0.914521337,-0.0917206332,-0.0489115976,0,0.765232265,1.14077353,-0.491680831,-1.75093865,0.0397858657,1.47129107,0,-0.0533790924,-0.538130045,-0.606078148,-1.1134119,-1.22754025,0.291047394,1.08338594,-0.0942896381,-0.0425597429,1.25999665,1.12229323,-0.867637277,-0.469732195,1.01498795,-0.548236191,-0.208661944,-0.0282166321,0.768356621,0.666264713,0.436939895,0.660672605,-0.448883235,-0.498878568,-0.199069589,5
0,-0.32890445,-0.265773267,0.0340020917,0.291318804,-0.652502358,-0.407344818,-0.114585042,-0.0596355125,-0.623986244,-0.989608109,1.00716376,1.1969589,-0.513545632,-0.517234027,-0.125630632,-0.0399202406,-0.716925859,-0.853213727,1.5438658,1.43526709,-0.298026145,-0.551693916,-0.110526666,0,-0.79118371,-0.0162722114,1.21262515,0.8073259,-1.27510405,-0.631733954,-0.0489115976,0,-0.682535589,0.352281094,1.09957254,0.618928909,-1.5016439,-0.82575953,0,-0.0533790924,-0.538130045,0.778246939,1.35087121,0.692432463,-1.4814651,-0.800828636,-0.0942896381,-0.0425597429,-0.404258102,-0.466755986,1.23817647,0.289205283,-1.45342398,-0.7543782,-0.208661944,-0.0282166321,-0.296499252,0.0753700212,0.900428057,0.251374692,-1.12624967,-0.498878568,-0.199069589,1
0,2.92647266,2.24923539,-0.68232125,-2.27269459,-1.00733483,-0.407344818,-0.114585042,-0.0596355125,0.31423232,1.03395164,0.255825579,0.363859624,-1.33734202,-0.517234027,-0.125630632,-0.0399202406,-0.716925859,0.380951583,0.688355625,1.11156917,0.345648885,1.32595754,-0.110526666,0,-0.79118371,-1.15261495,1.04157031,0.969825268,0.409223169,-0.0917206332,-0.0489115976,0,-0.682535589,-0.278512836,0.781321824,0.788205206,-1.33037388,-0.82575953,0,-0.0533790924,0.491442949,1.23968863,-0.497341156,0.212439299,-0.240706354,-0.800828636,-0.0942896381,-0.0425597429,2.92425132,0.945732176,-1.63338768,0.0994709209,0.0276231728,-0.7543782,-0.208661944,-0.0282166321,1.83321249,1.06019449,-0.0265482478,0.456023633,-0.448883235,-0.498878568,-0.199069589,8
0,-0.32890445,0.153394848,0.272776544,0.757503033,1.83132553,2.93133736,-0.114585042,-0.0596355125,-0.623986244,-0.0698082,-0.245066568,-0.469239712,-0.0192677919,0.907937288,-0.125630632,-0.0399202406,-0.154920369,0.557260871,-1.19376683,-1.15431678,-1.26353872,-0.551693916,-0.110526666,0,0.504605114,0.308397144,-0.326868534,-0.330169797,-0.432940423,-0.631733954,-0.0489115976,0,1.34433937,1.29847205,0.781321824,-0.0581760854,0.896135747,-0.251496881,0,-0.0533790924,-0.194939047,0.00917744078,-0.959394217,-0.907544732,0.645549893,-0.0942482054,-0.0942896381,-0.0425597429,-0.404258102,-0.466755986,-0.293324441,0.858408391,-0.466059208,-0.7543782,-0.208661944,-0.0282166321,-0.296499252,0.469299793,-0.0265482478,-1.38581693,-1.12624967,-0.498878568,-0.199069589,5
0,-0.32890445,-1.10410953,-0.204772368,0.0582266748,-0.829918623,-0.407344818,-0.114585042,-0.0596355125,-0.623986244,-0.437728167,1.00716376,-0.2609649,-0.678304911,-0.517234027,-0.125630632,-0.0399202406,-0.716925859,-1.20583236,-0.509358644,-1.15431678,-1.26353872,-0.551693916,-0.110526666,0,-0.467236519,-1.47728431,-1.18214285,-0.330169797,-0.938238621,-0.631733954,-0.0489115976,0,0.765232265,1.29847205,1.09957254,0.957481444,0.896135747,-0.251496881,0,-0.0533790924,0.148251966,1.39350259,0.272747338,-0.74754703,0.822801173,0.847859085,-0.0942896381,-0.0425597429,-0.404258102,0.592610121,0.855301201,-0.469732195,1.17954874,1.10090017,-0.208661944,-0.0282166321,-0.296499252,-0.909454465,-0.490036398,0.456023633,0.567166388,-0.00838943198,-0.199069589,6
0,1.84134698,1.20131516,0.98909992,0.291318804,-0.652502358,-0.407344818,-0.114585042,-0.0596355125,2.81614852,0.849991679,0.00537951011,1.1969589,-0.184027076,-0.517234027,-0.125630632,-0.0399202406,1.25009334,-0.67690438,-1.19376683,1.11156917,0.0238113683,-0.551693916,-0.110526666,0,-0.79118371,-1.47728431,-1.35319769,0.969825268,-0.264507711,-0.631733954,-0.0489115976,0,-0.682535589,-1.22470379,0.144820511,-0.0581760854,-1.5016439,-0.82575953,0,-0.0533790924,-0.538130045,0.00917744078,1.35087121,-0.587549329,-0.949711382,-0.0942482054,-0.0942896381,-0.0425597429,1.25999665,1.29885423,1.23817647,1.04814279,1.01498795,1.51318431,-0.208661944,-0.0282166321,1.83321249,1.45412421,-0.0265482478,-0.567221105,-1.12624967,-0.498878568,-0.199069589,2
0,-0.32890445,0.991731048,0.98909992,-0.407957584,-0.829918623,-0.407344818,-0.114585042,-0.0596355125,1.25245082,0.666031718,-1.49729693,1.1969589,-0.843064249,-0.517234027,-0.125630632,-0.0399202406,0.688087881,-1.02952302,-0.338256598,1.27341807,-1.26353872,-0.551693916,-0.110526666,0,-0.79118371,-1.47728431,0.528405726,0.644826531,-1.10667133,-0.631733954,-0.0489115976,0,-0.682535589,-1.22470379,-0.969056785,0.111100167,1.0674057,-0.538628221,0,-0.0533790924,-0.538130045,-1.0675199,-1.1134119,-1.22754025,0.291047394,1.08338594,-0.0942896381,-0.0425597429,-0.404258102,0.239488095,-0.293324441,-0.279997826,1.01498795,0.482474059,-0.208661944,-0.0282166321,-0.296499252,0.666264713,0.668684006,0.660672605,0.397824794,-0.498878568,-0.199069589,3
0,-0.32890445,1.20131516,0.0340020917,-2.27269459,-1.00733483,-0.407344818,-0.114585042,-0.0596355125,-0.623986244,0.849991679,-0.996404767,0.572134435,-1.00782347,-0.517234027,-0.125630632,-0.0399202406,-0.716925859,-0.500595033,0.688355625,0.302324146,0.184730127,-0.551693916,-0.110526666,0,0.504605114,0.470731825,0.528405726,0.969825268,-0.0960749909,-0.631733954,-0.0489115976,0,-0.103428438,0.352281094,0.463071167,-0.227452338,0.553595781,-0.538628221,0,-0.0533790924,-0.538130045,-1.0675199,-1.1134119,-1.22754025,-0.240706354,1.78996634,-0.0942896381,-0.0425597429,-0.404258102,-1.3495611,-1.82482529,-1.79787278,-1.45342398,2.54389453,1.73421252,-0.0282166321,-0.296499252,0.0753700212,-0.0265482478,0.0467257351,1.07519114,2.19881153,-0.199069589,9
0,-0.32890445,-0.265773267,-0.204772368,0.757503033,0.234579042,-0.407344818,-0.114585042,-0.0596355125,0.00149279006,0.849991679,0.50627166,-0.2609649,1.13404715,-0.232199743,-0.125630632,-0.0399202406,1.5310961,0.909879565,-1.02266479,-0.183222845,1.3111614,1.01301563,-0.110526666,0,1.15249956,0.795401216,0.699460566,0.8073259,-0.264507711,-0.631733954,-0.0489115976,0,-0.392982006,1.29847205,1.09957254,-0.73528111,-1.5016439,-0.82575953,0,-0.0533790924,0.834633946,1.23968863,0.580782712,1.17242563,-1.30421388,-0.800828636,-0.0942896381,-0.0425597429,0.150493473,0.769171178,-1.25051248,-0.469732195,0.0276231728,-0.7543782,-0.208661944,-0.0282166321,-0.296499252,-0.318559766,0.436939895,0.865321517,-0.110200025,-0.498878568,-0.199069589,8
0,-0.32890445,-1.10410953,-2.35374236,0.524410903,-0.120253511,-0.407344818,-0.114585042,-0.0596355125,-0.623986244,-1.90940797,0.255825579,0.988684118,-1.33734202,-0.517234027,-0.125630632,-0.0399202406,-0.716925859,-1.20583236,1.5438658,-0.668769836,0.184730127,3.20360899,-0.110526666,0,-0.467236519,0.795401216,-0.155813694,-1.63016486,1.25138676,2.8783524,-0.0489115976,0,2.5025537,1.29847205,0.144820511,-0.396728605,1.23867571,2.04555368,0,20.0758762,4.95292616,1.39350259,1.35087121,1.33242333,1.17730367,-0.0942482054,-0.0942896381,-0.0425597429,-0.404258102,-1.3495611,-1.44195008,1.23787713,0.521305561,-0.7543782,-0.208661944,-0.0282166321,-0.296499252,-1.10641932,-1.88050091,0.865321517,0.0591415763,-0.498878568,-0.199069589,4
0,-0.32890445,0.572562933,0.511551023,0.990595162,1.83132553,-0.407344818,-0.114585042,-0.0596355125,-0.623986244,0.666031718,0.255825579,-0.469239712,-0.0192677919,-0.517234027,-0.125630632,-0.0399202406,-0.154920369,1.08618891,-0.16715458,-1.15431678,-1.26353872,-0.551693916,-0.110526666,0,1.15249956,1.12007058,0.699460566,0.969825268,0.914521337,-0.631733954,-0.0489115976,0,0.186125115,1.29847205,1.09957254,0.280376405,1.23867571,1.18415976,0,-0.0533790924,-0.538130045,-0.452264249,-0.959394217,-0.907544732,1.00005245,0.612332284,-0.0942896381,-0.0425597429,-0.404258102,-1.1730001,-0.676199675,1.23787713,0.356744766,-0.7543782,-0.208661944,-0.0282166321,-0.296499252,1.06019449,0.668684006,-0.771870077,-0.956908047,-0.498878568,-0.199069589,5
0,-0.32890445,-0.475357324,0.0340020917,0.990595162,1.83132553,4.14540386,-0.114585042,-0.0596355125,-0.623986244,-0.253768176,-0.495512635,-0.677514553,0.639769375,3.47324562,-0.125630632,-0.0399202406,-0.716925859,-1.73476028,-1.19376683,-0.830618858,1.15024269,1.32595754,-0.110526666,0,-0.79118371,-1.47728431,-1.52425253,0.157328367,0.914521337,-0.631733954,-0.0489115976,0,-0.392982006,0.194582611,-0.0143048232,0.957481444,0.382325828,-0.538628221,0,-0.0533790924,3.92335296,1.39350259,1.35087121,1.33242333,1.35455489,0.141278625,-0.0942896381,-0.0425597429,-0.404258102,-1.1730001,1.23817647,-0.469732195,-1.45342398,-0.7543782,-0.208661944,-0.0282166321,-0.296499252,0.0753700212,0.900428057,-1.99976373,-1.12624967,-0.498878568,-0.199069589,7
0,2.92647266,1.83006728,-1.6374191,-2.73887897,-1.00733483,-0.407344818,-0.114585042,-0.0596355125,0.00149279006,0.849991679,0.756717741,-1.51061392,-1.17258275,-0.232199743,-0.125630632,-0.0399202406,-0.716925859,-0.67690438,1.5438658,-0.506920815,0.828405142,1.95184135,-0.110526666,0,-0.79118371,-1.47728431,0.870515406,0.644826531,0.914521337,-0.361727297,-0.0489115976,0,-0.682535589,-0.909306765,0.940447152,0.449652672,-1.33037388,-0.82575953,0,-0.0533790924,-0.194939047,1.0858748,0.118729629,1.17242563,-1.4814651,-0.800828636,-0.0942896381,-0.0425597429,2.36949968,0.769171178,-1.82482529,0.478939652,-0.959741592,-0.7543782,-0.208661944,-0.0282166321,1.83321249,1.65108919,0.205195829,0.660672605,-0.618224859,-0.498878568,-0.199069589,8
0,-0.32890445,0.78214699,0.750325441,0.990595162,1.65390921,0.1996883,-0.114585042,-0.0596355125,0.626971841,1.03395164,-1.74774301,-1.51061392,-1.17258275,-0.517234027,-0.125630632,-0.0399202406,0.407085121,0.733570218,-1.19376683,-1.15431678,-1.26353872,-0.551693916,-0.110526666,0,0.828552306,0.795401216,0.0152411638,0.644826531,1.25138676,-0.0917206332,-0.0489115976,0,0.765232265,0.82537657,-0.0143048232,-0.396728605,1.0674057,1.47129107,0,-0.0533790924,-0.538130045,-1.0675199,-1.1134119,-1.22754025,0.822801173,0.376805425,-0.0942896381,-0.0425597429,-0.404258102,-1.3495611,-0.867637277,0.289205283,0.850427151,-0.7543782,-0.208661944,-0.0282166321,-0.296499252,1.06019449,-0.0265482478,-0.976518989,-0.956908047,-0.498878568,-0.199069589,5
0,-0.32890445,-0.0561892018,0.750325441,0.757503033,0.234579042,-0.407344818,-0.114585042,-0.0596355125,0.00149279006,1.03395164,-0.245066568,1.1969589,1.29880655,1.76304007,-0.125630632,-0.0399202406,-0.154920369,1.08618891,-0.338256598,-0.506920815,1.3111614,1.95184135,-0.110526666,0,-0.467236519,0.470731825,1.21262515,0.969825268,0.409223169,-0.631733954,-0.0489115976,0,-0.682535589,-0.120814353,1.09957254,0.957481444,-0.645294011,-0.82575953,0,-0.0533790924,-0.538130045,1.23968863,0.272747338,1.01242793,0.291047394,-0.800828636,-0.0942896381,-0.0425597429,-0.404258102,1.12229323,0.472425967,1.23787713,-0.136937618,-0.7543782,-0.208661944,-0.0282166321,-0.296499252,-0.121594876,0.436939895,0.0467257351,-0.956908047,-0.498878568,-0.199069589,8
0,-0.32890445,-0.265773267,0.750325441,-1.80651033,-1.00733483,-0.407344818,-0.114585042,-0.0596355125,-0.623986244,-1.35752809,1.00716376,-0.2609649,-1.33734202,-0.517234027,-0.125630632,-0.0399202406,-0.716925859,-1.38214171,1.5438658,0.62602216,-1.26353872,-0.551693916,-0.110526666,0,-0.79118371,-1.47728431,1.21262515,0.482327133,-1.27510405,-0.631733954,-0.0489115976,0,-0.682535589,-0.909306765,1.09957254,0.957481444,-1.15910399,-0.82575953,0,-0.0533790924,-0.538130045,-1.0675199,-0.343323469,1.17242563,0.291047394,-0.800828636,-0.0942896381,-0.0425597429,-0.404258102,-0.643316984,0.472425967,0.858408391,1.17954874,1.92546833,12.420022,-0.0282166321,-0.296499252,-0.712489545,0.205195829,0.865321517,1.58321595,3.17978978,3.86971855,1
0,-0.32890445,-1.10410953,-1.6374191,0.990595162,-0.475086063,-0.407344818,-0.114585042,-0.0596355125,-0.623986244,-1.72544801,0.756717741,1.1969589,-0.678304911,-0.517234027,-0.125630632,-0.0399202406,-0.716925859,0.0283329226,1.5438658,1.43526709,-1.10261989,-0.551693916,-0.110526666,0,0.180657908,1.12007058,1.21262515,0.8073259,-0.601373136,-0.0917206332,-0.0489115976,0,2.21300006,1.29847205,1.09957254,0.957481444,1.23867571,2.6198163,0,-0.0533790924,-0.194939047,0.00917744078,1.04283583,0.852430165,-0.417957604,0.376805425,-0.0942896381,-0.0425597429,-0.404258102,-1.3495611,0.280988365,0.478939652,-1.45342398,-0.7543782,-0.208661944,-0.0282166321,-0.296499252,-1.10641932,-1.88050091,-0.362572163,-1.12624967,-0.498878568,-0.199069589,4
0,-0.32890445,-1.10410953,-2.83129144,0.0582266748,0.411995322,-0.407344818,-0.114585042,-0.0596355125,-0.623986244,-1.90940797,-2.24863505,1.1969589,1.29880655,-0.517234027,-0.125630632,-0.0399202406,-0.716925859,-1.55845106,1.03055966,1.43526709,0.506567657,-0.551693916,-0.110526666,0,0.180657908,0.957735896,1.21262515,0.969825268,0.0723577365,-0.631733954,-0.0489115976,0,-0.682535589,-0.751608312,-0.332555473,0.957481444,-0.131484106,-0.82575953,0,-0.0533790924,-0.538130045,-1.0675199,-0.497341156,1.33242333,-0.0634551048,-0.800828636,-0.0942896381,-0.0425597429,-0.404258102,-1.3495611,-1.05907488,1.23787713,0.850427151,-0.7543782,-0.208661944,-0.0282166321,-0.296499252,-1.10641932,-2.80747724,0.456023633,1.41387439,0.727344275,-0.199069589,1
0,-0.32890445,0.362978905,0.272776544,-2.03960252,-1.00733483,-0.407344818,-0.114585042,-0.0596355125,-0.623986244,0.849991679,1.00716376,0.155584782,-1.33734202,-0.517234027,-0.125630632,-0.0399202406,-0.716925859,0.733570218,-0.338256598,1.27341807,-0.780782402,-0.551693916,-0.110526666,0,-0.79118371,-0.503276289,-1.18214285,0.644826531,-0.432940423,-0.631733954,-0.0489115976,0,-0.682535589,-1.22470379,-1.44643283,0.280376405,-0.131484106,-0.82575953,0,-0.0533790924,-0.538130045,-1.0675199,-0.189305753,1.33242333,-0.772460103,0.141278625,-0.0942896381,-0.0425597429,-0.404258102,-0.113633938,1.23817647,1.23787713,1.17954874,2.54389453,2.70564985,-0.0282166321,-0.296499252,0.0753700212,0.668684006,-1.18116796,0.397824794,1.70832253,0.309528947,2
0,-0.32890445,0.153394848,0.98909992,0.990595162,1.83132553,2.62782073,-0.114585042,-0.0596355125,-0.623986244,0.482071757,0.756717741,-0.2609649,-0.348786354,-0.517234027,-0.125630632,-0.0399202406,0.969090581,1.08618891,-0.509358644,-1.15431678,-1.26353872,-0.551693916,-0.110526666,0,3.09618282,0.957735896,-0.840033114,-1.30516613,-1.27510405,-0.631733954,-0.0489115976,0,1.63389289,1.29847205,1.09957254,0.957481444,1.0674057,-0.538628221,0,-0.0533790924,-0.538130045,-0.144636467,0.118729629,0.212439299,1.35455489,0.141278625,-0.0942896381,-0.0425597429,-0.404258102,-1.1730001,-1.25051248,0.668674052,1.01498795,-0.548236191,-0.208661944,-0.0282166321,-0.296499252,0.272334903,0.900428057,0.660672605,-0.618224859,-0.498878568,-0.199069589,5
0,-0.32890445,1.20131516,0.98909992,0.990595162,1.83132553,4.44892025,1.76820457,-0.0596355125,0.939711332,1.03395164,1.00716376,0.780409276,0.310250789,0.622903049,-0.125630632,-0.0399202406,0.688087881,1.08618891,-0.338256598,-1.15431678,-1.26353872,-0.551693916,-0.110526666,0,-0.467236519,0.957735896,0.186296016,-1.63016486,-1.27510405,-0.631733954,-0.0489115976,0,-0.682535589,-0.278512836,1.09957254,-0.396728605,-1.5016439,-0.82575953,0,-0.0533790924,-0.538130045,-1.0675199,0.272747338,1.01242793,-1.4814651,-0.800828636,-0.0942896381,-0.0425597429,-0.404258102,-1.3495611,-0.867637277,1.23787713,-0.959741592,-0.7543782,-0.208661944,-0.0282166321,-0.296499252,0.863229573,0.900428057,0.251374692,-0.956908047,-0.498878568,-0.199069589,5
0,-0.32890445,-1.10410953,-2.83129144,-1.107234,1.476493,1.71727109,-0.114585042,-0.0596355125,-0.623986244,-1.90940797,-2.24863505,1.1969589,1.29880655,2.04807425,-0.125630632,-0.0399202406,-0.716925859,-0.67690438,1.37276375,1.43526709,1.3111614,1.32595754,-0.110526666,0,0.828552306,1.12007058,1.21262515,0.969825268,1.41981947,-0.0917206332,-0.0489115976,0,0.475678682,0.0368841328,-0.17343016,0.957481444,1.23867571,-0.82575953,0,-0.0533790924,-0.538130045,-1.0675199,-0.651358843,1.33242333,1.35455489,-0.0942482054,-0.0942896381,-0.0425597429,-0.404258102,-1.3495611,-1.63338768,0.668674052,1.17954874,-0.7543782,-0.208661944,-0.0282166321,-0.296499252,-1.10641932,-2.80747724,-0.771870077,1.41387439,-0.498878568,-0.199069589,1
0,-0.32890445,-0.475357324,-0.204772368,0.757503033,0.411995322,-0.407344818,-0.114585042,-0.0596355125,0.31423232,0.666031718,-0.495512635,-1.09406424,1.13404715,0.0528345145,-0.125630632,-0.0399202406,1.5310961,0.0283329226,-1.19376683,-0.668769836,1.3111614,0.700073719,-0.110526666,0,1.80039394,-0.0162722114,-1.35319769,-0.00517102238,1.41981947,1.25831258,-0.0489115976,0,-0.392982006,1.14077353,1.09957254,-0.227452338,0.0397858657,1.18415976,0,-0.0533790924,-0.538130045,-1.0675199,-1.1134119,-1.22754025,-0.595208883,1.08338594,-0.0942896381,-0.0425597429,-0.404258102,-0.643316984,-0.676199675,-0.849200904,0.685866356,0.688616097,-0.208661944,-0.0282166321,-0.296499252,-0.515524685,0.900428057,0.660672605,0.228483185,-0.253634006,-0.199069589,9
0,0.756221235,2.03965139,0.511551023,-2.27269459,-1.00733483,-0.407344818,-0.114585042,-0.0596355125,1.25245082,0.666031718,-2.9999733,-2.13543844,-0.843064249,0.0528345145,-0.125630632,-0.0399202406,-0.154920369,1.08618891,-0.680460691,-0.830618858,0.828405142,0.38713181,-0.110526666,0,-0.79118371,0.308397144,0.870515406,0.8073259,0.240790457,-0.631733954,-0.0489115976,0,-0.682535589,-0.120814353,1.09957254,0.111100167,-1.5016439,-0.82575953,0,-0.0533790924,-0.538130045,1.23968863,0.888818085,1.01242793,-1.4814651,-0.800828636,-0.0942896381,-0.0425597429,0.705245078,1.29885423,-1.05907488,1.23787713,-0.959741592,-0.7543782,-0.208661944,-0.0282166321,0.768356621,1.84805405,0.900428057,0.0467257351,-0.956908047,-0.498878568,-0.199069589,8
0,-0.32890445,-0.684941351,-0.443546832,-0.407957584,0.944244146,-0.407344818,-0.114585042,-0.0596355125,-0.623986244,-0.0698082,-0.745958686,-0.2609649,1.29880655,-0.517234027,-0.125630632,-0.0399202406,-0.716925859,0.733570218,-1.19376683,-0.183222845,1.15024269,-0.551693916,-0.110526666,0,-0.79118371,0.308397144,0.870515406,-0.167670414,1.41981947,-0.361727297,-0.0489115976,0,-0.682535589,-1.22470379,-1.44643283,-1.75093865,0.724865794,0.0356344357,0,-0.0533790924,-0.538130045,-1.0675199,-1.1134119,-1.22754025,0.645549893,-0.0942482054,-0.0942896381,-0.0425597429,5.14325762,0.239488095,-0.867637277,-1.79787278,1.01498795,-0.548236191,-0.208661944,-0.0282166321,-0.296499252,-0.712489545,0.436939895,0.865321517,1.07519114,-0.498878568,-0.199069589,9
0,-0.32890445,-1.10410953,0.0340020917,-0.641049683,-1.00733483,-0.407344818,-0.114585042,-0.0596355125,-0.623986244,-1.54148805,1.00716376,1.1969589,-1.33734202,-0.517234027,-0.125630632,-0.0399202406,-0.716925859,-1.20583236,1.5438658,1.43526709,-1.10261989,-0.551693916,-0.110526666,0,-0.79118371,-0.82794565,1.21262515,0.482327133,-1.27510405,-0.631733954,-0.0489115976,0,-0.682535589,-0.751608312,1.09957254,0.111100167,-1.5016439,-0.82575953,0,-0.0533790924,-0.538130045,-0.298450351,1.35087121,0.37243703,-1.4814651,-0.800828636,-0.0942896381,-0.0425597429,-0.404258102,-0.99643904,1.23817647,0.0994709209,-1.45342398,-0.7543782,-0.208661944,-0.0282166321,-0.296499252,-1.10641932,-0.258292317,0.251374692,-1.12624967,-0.498878568,-0.199069589,1
0,-0.32890445,0.991731048,0.98909992,0.990595162,-0.297669798,-0.407344818,-0.114585042,-0.0596355125,2.19066954,1.03395164,-0.245066568,0.780409276,-0.0192677919,-0.517234027,-0.125630632,-0.0399202406,2.93610978,-0.324285716,-1.19376683,1.11156917,-0.298026145,-0.551693916,-0.110526666,0,-0.79118371,-1.47728431,-1.35319769,0.969825268,-0.601373136,-0.631733954,-0.0489115976,0,-0.682535589,-1.22470379,-0.17343016,0.449652672,-1.5016439,-0.82575953,0,-0.0533790924,-0.538130045,-0.913705945,1.04283583,-0.107556142,-1.4814651,-0.800828636,-0.0942896381,-0.0425597429,-0.404258102,0.769171178,1.23817647,-0.0902634487,0.521305561,0.482474059,-0.208661944,-0.0282166321,0.768356621,1.65108919,0.900428057,0.865321517,1.58321595,2.93454528,-0.199069589,2
0,-0.32890445,-1.10410953,-0.443546832,-0.407957584,-1.00733483,-0.407344818,-0.114585042,-0.0596355125,-0.623986244,-0.805648148,1.00716376,-0.885789394,-1.33734202,-0.517234027,-0.125630632,-0.0399202406,-0.4359231,0.733570218,0.517253578,-1.15431678,-1.26353872,-0.551693916,-0.110526666,0,1.47644675,1.12007058,-1.01108789,0.157328367,-0.0960749909,-0.631733954,-0.0489115976,0,2.79210711,1.29847205,-0.17343016,0.957481444,0.0397858657,-0.538628221,0,-0.0533790924,2.89377999,1.39350259,1.35087121,1.33242333,1.35455489,0.612332284,-0.0942896381,-0.0425597429,-0.404258102,-1.3495611,0.0895507634,1.23787713,-1.45342398,-0.7543782,-0.208661944,-0.0282166321,-0.296499252,-1.10641932,-0.490036398,-0.157923222,-1.12624967,-0.498878568,-0.199069589,4
0,-0.32890445,-0.684941351,-0.443546832,0.990595162,0.944244146,-0.103828259,-0.114585042,-0.0596355125,-0.623986244,0.482071757,0.255825579,-0.0526900552,1.29880655,1.76304007,-0.125630632,-0.0399202406,0.407085121,0.733570218,-1.02266479,0.140475139,0.989323914,-0.238752022,-0.110526666,0,0.504605114,0.957735896,0.528405726,0.8073259,0.0723577365,-0.631733954,-0.0489115976,0,-0.682535589,-0.278512836,-0.332555473,0.618928909,-0.645294011,-0.82575953,0,-0.0533790924,-0.194939047,-0.759892046,-1.1134119,0.692432463,-0.595208883,-0.800828636,-0.0942896381,-0.0425597429,4.03375435,1.29885423,-0.676199675,0.668674052,-0.795180798,-0.7543782,-0.208661944,-0.0282166321,-0.296499252,-0.121594876,-0.258292317,0.865321517,-0.618224859,-0.498878568,-0.199069589,9
0,-0.32890445,-1.10410953,-1.39864469,0.757503033,-0.829918623,-0.407344818,-0.114585042,-0.0596355125,-0.623986244,-0.989608109,1.00716376,-0.0526900552,-1.33734202,1.76304007,6.50028706,-0.0399202406,-0.154920369,1.08618891,0.688355625,-1.15431678,0.184730127,4.45537663,12.9143505,0,1.80039394,1.12007058,0.870515406,0.644826531,1.41981947,2.8783524,20.4450474,0,1.05478585,0.667678058,0.463071167,0.280376405,1.23867571,0.0356344357,0,-0.0533790924,-0.538130045,-1.0675199,-1.1134119,0.852430165,0.468298674,-0.800828636,-0.0942896381,-0.0425597429,-0.404258102,-1.3495611,-0.676199675,1.23787713,-0.630620003,-0.7543782,-0.208661944,-0.0282166321,-0.296499252,-1.10641932,-0.490036398,0.456023633,-1.12624967,-0.498878568,-0.199069589,4
0,-0.32890445,-0.265773267,0.98909992,0.990595162,0.411995322,-0.407344818,-0.114585042,-0.0596355125,-0.623986244,-0.805648148,1.00716376,1.1969589,1.13404715,-0.232199743,-0.125630632,-0.0399202406,-0.716925859,-1.02952302,1.5438658,1.43526709,0.66748637,-0.551693916,-0.110526666,0,-0.79118371,-0.99028033,1.21262515,0.969825268,1.25138676,-0.631733954,-0.0489115976,0,-0.682535589,0.0368841328,1.09957254,0.957481444,-0.474024057,-0.82575953,0,-0.0533790924,-0.194939047,0.932060838,1.35087121,1.33242333,-0.772460103,-0.800828636,-0.0942896381,-0.0425597429,1.25999665,1.47541523,1.23817647,1.04814279,-1.12430239,-0.7543782,-0.208661944,-0.0282166321,-0.296499252,0.0753700212,-0.0265482478,0.0467257351,-0.787566423,-0.498878568,-0.199069589,1
0,-0.32890445,-0.0561892018,0.272776544,-2.50578666,-1.00733483,-0.407344818,-0.114585042,-0.0596355125,-0.623986244,0.298111767,0.255825579,-2.13543844,-1.33734202,-0.517234027,-0.125630632,-0.0399202406,-0.716925859,1.08618891,0.175049499,-1.15431678,-1.26353872,-0.551693916,-0.110526666,0,0.828552306,1.12007058,-1.18214285,-1.63016486,-1.27510405,-0.631733954,-0.0489115976,0,0.475678682,1.29847205,-0.17343016,0.788205206,0.0397858657,-0.538628221,0,-0.0533790924,0.834633946,1.39350259,1.35087121,0.692432463,1.17730367,1.78996634,-0.0942896381,-0.0425597429,0.150493473,1.29885423,0.855301201,-1.0389353,0.850427151,1.51318431,-0.208661944,-0.0282166321,-0.296499252,-0.121594876,0.436939895,0.456023633,0.567166388,-0.253634006,-0.199069589,6
0,-0.32890445,-1.10410953,-2.83129144,-1.107234,1.83132553,1.41375458,-0.114585042,-0.0596355125,-0.623986244,-1.90940797,-1.99818909,1.1969589,1.29880655,0.622903049,-0.125630632,-0.0399202406,-0.154920369,0.204642251,1.37276375,1.43526709,1.3111614,1.63889945,-0.110526666,0,2.44828844,1.12007058,0.699460566,-0.00517102238,1.41981947,0.448292673,-0.0489115976,0,-0.392982006,-0.751608312,-1.44643283,-1.07383358,1.23867571,0.609897077,0,-0.0533790924,-0.538130045,-1.0675199,-1.1134119,-0.107556142,1.35455489,0.847859085,-0.0942896381,-0.0425597429,-0.404258102,-1.3495611,-1.82482529,-0.0902634487,1.17954874,0.894758165,-0.208661944,-0.0282166321,-0.296499252,-1.10641932,-2.80747724,-0.567221105,1.58321595,0.972588837,-0.199069589,1
0,-0.32890445,-0.894525409,-0.443546832,0.990595162,0.411995322,-0.407344818,-0.114585042,-0.0596355125,-0.623986244,0.114151776,0.255825579,-0.0526900552,1.29880655,-0.517234027,-0.125630632,-0.0399202406,-0.716925859,0.380951583,-1.02266479,-0.506920815,1.3111614,-0.238752022,-0.110526666,0,-0.79118371,-1.31494963,-1.52425253,0.482327133,-0.0960749909,-0.631733954,-0.0489115976,0,-0.682535589,-1.22470379,-0.0143048232,0.280376405,-1.5016439,-0.82575953,0,-0.0533790924,0.148251966,0.932060838,1.19685352,-1.06754243,-1.4814651,-0.800828636,-0.0942896381,-0.0425597429,1.81474817,1.29885423,0.855301201,-0.469732195,-0.795180798,-0.7543782,-0.208661944,-0.0282166321,-0.296499252,-0.909454465,-0.258292317,0.456023633,1.41387439,0.727344275,-0.199069589,2
0,-0.32890445,-1.10410953,-0.921095729,0.524410903,-0.297669798,-0.407344818,-0.114585042,-0.0596355125,-0.623986244,-0.621688128,1.00716376,-0.677514553,-1.33734202,-0.517234027,-0.125630632,-0.0399202406,-0.716925859,0.733570218,0.517253578,-1.15431678,-1.26353872,-0.551693916,-0.110526666,0,-0.467236519,1.12007058,-0.497923404,-1.63016486,-1.27510405,-0.631733954,-0.0489115976,0,0.186125115,1.29847205,1.09957254,-0.0581760854,-1.5016439,-0.82575953,0,-0.0533790924,0.148251966,1.39350259,0.734800398,1.01242793,-0.417957604,-0.800828636,-0.0942896381,-0.0425597429,-0.404258102,0.769171178,1.04673874,0.289205283,0.192183971,-0.7543782,-0.208661944,-0.0282166321,-0.296499252,-1.10641932,-0.490036398,0.251374692,0.228483185,-0.498878568,-0.199069589,6
0,-0.32890445,0.362978905,0.750325441,-2.73887897,-1.00733483,-0.407344818,-0.114585042,-0.0596355125,-0.623986244,0.849991679,0.756717741,-2.13543844,-1.33734202,-0.517234027,-0.125630632,-0.0399202406,0.126082376,1.08618891,0.859457612,-0.506920815,-1.10261989,-0.551693916,-0.110526666,0,1.15249956,1.12007058,1.21262515,0.969825268,1.41981947,0.718299329,-0.0489115976,0,1.63389289,1.29847205,-0.332555473,-1.58166242,1.0674057,1.47129107,0,-0.0533790924,1.86420691,1.39350259,-1.1134119,-1.22754025,1.35455489,0.141278625,-0.0942896381,-0.0425597429,0.705245078,1.47541523,-0.484762043,0.0994709209,0.521305561,-0.7543782,-0.208661944,-0.0282166321,-0.296499252,-0.318559766,0.668684006,0.251374692,-0.618224859,-0.498878568,-0.199069589,6
0,-0.32890445,-1.10410953,-0.921095729,0.757503033,-0.652502358,-0.407344818,-0.114585042,-0.0596355125,-0.623986244,-1.54148805,1.00716376,-0.0526900552,-1.33734202,-0.517234027,-0.125630632,-0.0399202406,-0.716925859,0.733570218,1.03055966,-0.183222845,0.506567657,-0.551693916,-0.110526666,0,1.15249956,1.12007058,-1.01108789,0.482327133,0.914521337,-0.0917206332,-0.0489115976,0,3.37121439,1.29847205,-0.17343016,0.788205206,1.23867571,2.04555368,0,-0.0533790924,3.58016205,1.39350259,1.35087121,1.33242333,0.468298674,-0.565301836,-0.0942896381,-0.0425597429,-0.404258102,-1.1730001,-0.676199675,1.23787713,-0.959741592,-0.7543782,-0.208661944,-0.0282166321,-0.296499252,-1.10641932,-0.490036398,0.456023633,-1.12624967,-0.498878568,-0.199069589,4
0,-0.32890445,0.991731048,0.750325441,-1.34032607,-1.00733483,-0.407344818,-0.114585042,-0.0596355125,0.00149279006,1.03395164,0.50627166,1.1969589,-0.184027076,-0.517234027,-0.125630632,-0.0399202406,0.407085121,1.08618891,0.175049499,-0.345071852,1.3111614,-0.238752022,-0.110526666,0,0.828552306,0.470731825,-1.52425253,-1.63016486,0.746088624,1.52831924,-0.0489115976,0,1.63389289,0.194582611,-1.44643283,-1.75093865,0.553595781,1.47129107,0,-0.0533790924,1.17782497,0.778246939,-1.1134119,-1.06754243,1.17730367,-0.0942482054,-0.0942896381,-0.0425597429,1.81474817,0.945732176,-1.05907488,0.478939652,0.685866356,-0.7543782,-0.208661944,-0.0282166321,-0.296499252,0.666264713,0.900428057,0.251374692,-0.448883235,-0.498878568,-0.199069589,0
0,-0.32890445,-1.10410953,-1.6374191,-0.874141812,-1.00733483,-0.407344818,-0.114585042,-0.0596355125,-0.623986244,-1.72544801,0.756717741,-0.0526900552,-0.513545632,-0.517234027,-0.125630632,-0.0399202406,-0.716925859,-0.147976398,0.688355625,0.464173138,0.345648885,-0.551693916,-0.110526666,0,-0.143289298,0.957735896,-1.18214285,0.644826531,-0.264507711,-0.631733954,-0.0489115976,0,1.63389289,0.82537657,-0.650806129,0.618928909,0.724865794,0.322765768,0,-0.0533790924,3.2369709,1.39350259,1.35087121,1.33242333,1.00005245,-0.0942482054,-0.0942896381,-0.0425597429,-0.404258102,-1.3495611,-1.25051248,1.23787713,-1.45342398,-0.7543782,-0.208661944,-0.0282166321,-0.296499252,-1.10641932,-1.18526864,-0.362572163,-1.12624967,-0.498878568,-0.199069589,4
0,-0.32890445,-0.894525409,0.272776544,-1.107234,-1.00733483,-0.407344818,-0.114585042,-0.0596355125,-0.311246723,0.849991679,-0.745958686,0.988684118,-1.17258275,-0.517234027,-0.125630632,-0.0399202406,1.81209886,0.204642251,-1.19376683,1.43526709,-1.26353872,-0.551693916,-0.110526666,0,-0.143289298,0.146062478,-1.01108789,0.644826531,-1.27510405,-0.631733954,-0.0489115976,0,-0.682535589,-1.22470379,-1.12818217,0.111100167,-1.5016439,-0.82575953,0,-0.0533790924,-0.538130045,-1.0675199,-0.343323469,0.532434762,-1.4814651,-0.800828636,-0.0942896381,-0.0425597429,-0.404258102,-1.3495611,-0.101886839,0.0994709209,-0.795180798,0.0701899752,1.73421252,-0.0282166321,-0.296499252,-0.909454465,0.668684006,0.865321517,1.41387439,2.68930078,7.42990828,2
0,-0.32890445,-1.10410953,-2.5925169,0.0582266748,1.83132553,3.841887,-0.114585042,-0.0596355125,-0.623986244,-1.35752809,0.50627166,0.572134435,1.13404715,3.18821144,-0.125630632,-0.0399202406,0.407085121,1.08618891,1.37276375,0.949720144,1.3111614,0.700073719,-0.110526666,0,0.180657908,1.12007058,1.21262515,0.969825268,1.41981947,0.178286016,-0.0489115976,0,-0.682535589,-0.120814353,-0.332555473,0.618928909,0.896135747,-0.82575953,0,-0.0533790924,-0.538130045,-1.0675199,-1.1134119,0.692432463,0.468298674,-0.800828636,-0.0942896381,-0.0425597429,-0.404258102,-1.3495611,-1.82482529,0.668674052,0.192183971,-0.7543782,-0.208661944,-0.0282166321,-0.296499252,-1.10641932,-2.80747724,0.251374692,0.905849576,-0.498878568,-0.199069589,9
0,-0.32890445,-1.10410953,0.0340020917,0.291318804,-1.00733483,-0.407344818,-0.114585042,-0.0596355125,-0.623986244,-1.54148805,1.00716376,0.363859624,-1.33734202,-0.517234027,-0.125630632,-0.0399202406,-0.716925859,-1.02952302,1.5438658,-0.183222845,-1.26353872,-0.551693916,-0.110526666,0,-0.79118371,0.146062478,1.21262515,-0.330169797,-1.27510405,-0.631733954,-0.0489115976,0,-0.682535589,0.0368841328,1.09957254,0.957481444,1.0674057,0.609897077,0,-0.0533790924,-0.538130045,0.162991345,1.35087121,-1.22754025,-0.417957604,2.73207355,4.84413004,-0.0425597429,-0.404258102,-0.113633938,1.23817647,-1.0389353,0.192183971,2.54389453,2.70564985,-0.0282166321,-0.296499252,-0.909454465,-0.258292317,0.865321517,1.58321595,2.44405627,-0.199069589,6
0,-0.32890445,-1.10410953,0.0340020917,0.757503033,0.0571627617,-0.407344818,-0.114585042,-0.0596355125,-0.623986244,-0.989608109,1.00716376,0.572134435,1.13404715,-0.517234027,-0.125630632,-0.0399202406,-0.716925859,-1.38214171,1.5438658,1.43526709,0.66748637,-0.238752022,-0.110526666,0,-0.79118371,-1.47728431,0.357350856,0.969825268,1.08295405,-0.361727297,-0.0489115976,0,-0.682535589,-0.120814353,1.09957254,0.788205206,0.211055845,-0.82575953,0,-0.0533790924,-0.194939047,1.39350259,0.118729629,-0.907544732,1.00005245,0.376805425,-0.0942896381,-0.0425597429,-0.404258102,0.769171178,0.0895507634,-1.0389353,0.521305561,0.688616097,-0.208661944,-0.0282166321,-0.296499252,-0.712489545,-0.258292317,0.865321517,1.07519114,0.236855134,-0.199069589,8
0,-0.32890445,-1.10410953,-1.39864469,0.757503033,1.12166035,-0.103828259,-0.114585042,-0.0596355125,0.626971841,0.298111767,1.00716376,0.363859624,1.29880655,0.33786878,-0.125630632,-0.0399202406,3.4981153,1.08618891,-0.16715458,-0.506920815,1.3111614,0.38713181,-0.110526666,0,0.504605114,-0.665610969,-1.35319769,0.8073259,0.746088624,-0.631733954,-0.0489115976,0,-0.682535589,-1.22470379,-0.332555473,0.957481444,0.211055845,-0.538628221,0,-0.0533790924,-0.538130045,-0.606078148,-0.80537653,-0.587549329,1.17730367,0.847859085,-0.0942896381,-0.0425597429,-0.404258102,0.769171178,1.04673874,-0.279997826,0.356744766,2.13161039,-0.208661944,-0.0282166321,-0.296499252,-0.909454465,-0.95352453,0.660672605,1.58321595,2.19881153,-0.199069589,3
0,-0.32890445,-0.265773267,-0.443546832,0.291318804,-0.475086063,-0.407344818,-0.114585042,-0.0596355125,0.626971841,1.03395164,0.255825579,1.1969589,-0.0192677919,-0.517234027,-0.125630632,-0.0399202406,0.688087881,0.909879565,-1.19376683,1.11156917,0.506567657,-0.551693916,-0.110526666,0,0.180657908,0.957735896,1.04157031,0.969825268,1.41981947,-0.361727297,-0.0489115976,0,-0.682535589,-0.436211318,-0.0143048232,-0.396728605,0.896135747,1.47129107,0,-0.0533790924,-0.538130045,-1.0675199,-1.1134119,-1.22754025,0.645549893,1.08338594,-0.0942896381,-0.0425597429,-0.404258102,0.239488095,1.04673874,0.0994709209,0.850427151,0.688616097,-0.208661944,-0.0282166321,-0.296499252,-0.318559766,-0.0265482478,0.456023633,0.736508012,-0.00838943198,-0.199069589,9
0,-0.32890445,-0.265773267,0.0340020917,0.291318804,-0.120253511,-0.407344818,-0.114585042,-0.0596355125,-0.623986244,0.666031718,1.00716376,1.1969589,1.29880655,0.622903049,-0.125630632,-0.0399202406,0.969090581,0.557260871,-0.851562738,-0.992467821,0.506567657,1.95184135,-0.110526666,0,1.15249956,0.308397144,-1.52425253,-1.63016486,0.0723577365,1.52831924,-0.0489115976,0,0.475678682,1.29847205,-1.44643283,-1.75093865,0.211055845,1.47129107,0,-0.0533790924,0.834633946,1.39350259,-0.497341156,0.0524415746,1.35455489,-0.0942482054,-0.0942896381,-0.0425597429,-0.404258102,1.47541523,1.23817647,1.23787713,0.521305561,-0.7543782,-0.208661944,-0.0282166321,-0.296499252,-0.318559766,0.668684006,0.456023633,-0.618224859,-0.498878568,-0.199069589,0
0,-0.32890445,0.572562933,0.98909992,-0.174865454,-0.829918623,-0.407344818,-0.114585042,-0.0596355125,-0.623986244,0.666031718,-2.49908113,-1.09406424,0.145491496,-0.517234027,-0.125630632,-0.0399202406,-0.716925859,0.733570218,-1.02266479,-0.345071852,0.66748637,-0.551693916,-0.110526666,0,-0.79118371,-0.503276289,1.21262515,0.969825268,1.08295405,-0.361727297,-0.0489115976,0,-0.682535589,-1.22470379,-0.969056785,-0.566004872,0.211055845,1.18415976,0,-0.0533790924,-0.538130045,-1.0675199,-1.1134119,-1.22754025,-0.772460103,2.02549314,-0.0942896381,-0.0425597429,-0.404258102,-0.290194958,-1.63338768,-1.79787278,-1.12430239,2.13161039,-0.208661944,-0.0282166321,-0.296499252,0.666264713,0.900428057,0.865321517,1.58321595,2.44405627,-0.199069589,9
0,-0.32890445,-0.265773267,-0.443546832,0.291318804,0.0571627617,-0.407344818,-0.114585042,-0.0596355125,-0.311246723,1.03395164,0.50627166,0.363859624,1.29880655,0.33786878,-0.125630632,-0.0399202406,0.407085121,1.08618891,-0.16715458,-0.668769836,1.3111614,0.700073719,-0.110526666,0,-0.79118371,0.470731825,1.21262515,0.969825268,1.41981947,0.718299329,-0.0489115976,0,-0.682535589,-1.22470379,-0.809931457,-1.07383358,1.23867571,1.47129107,0,-0.0533790924,-0.538130045,-1.0675199,-1.1134119,-1.22754025,1.17730367,0.376805425,-0.0942896381,-0.0425597429,-0.404258102,-0.466755986,-0.484762043,-0.469732195,1.17954874,0.0701899752,-0.208661944,-0.0282166321,-0.296499252,-0.712489545,0.436939895,0.660672605,0.397824794,-0.498878568,-0.199069589,9
0,-0.32890445,-0.684941351,0.0340020917,-0.407957584,-1.00733483,-0.407344818,-0.114585042,-0.0596355125,-0.623986244,0.114151776,0.50627166,0.780409276,0.145491496,-0.517234027,-0.125630632,-0.0399202406,0.126082376,0.909879565,-1.02266479,0.464173138,0.184730127,-0.551693916,-0.110526666,0,-0.143289298,-0.340941578,-1.52425253,-0.00517102238,0.0723577365,-0.631733954,-0.0489115976,0,-0.682535589,-1.22470379,-1.12818217,0.957481444,-1.15910399,-0.82575953,0,-0.0533790924,-0.538130045,-1.0675199,0.426765025,1.33242333,-0.417957604,-0.800828636,-0.0942896381,-0.0425597429,-0.404258102,-0.113633938,1.23817647,0.668674052,0.850427151,2.54389453,3.67708707,-0.0282166321,-0.296499252,-0.318559766,0.668684006,-2.40906167,-1.12624967,0.727344275,1.83532453,2
0,-0.32890445,-1.10410953,-2.83129144,0.524410903,1.29907668,-0.103828259,-0.114585042,-0.0596355125,-0.623986244,-1.90940797,-1.74774301,1.1969589,1.29880655,0.0528345145,-0.125630632,-0.0399202406,-0.716925859,-1.73476028,1.20166171,1.43526709,0.66748637,-0.551693916,-0.110526666,0,-0.467236519,0.146062478,1.21262515,0.969825268,0.746088624,-0.631733954,-0.0489115976,0,0.186125115,0.667678058,0.781321824,0.957481444,0.0397858657,-0.82575953,0,-0.0533790924,-0.538130045,-1.0675199,-0.343323469,1.33242333,1.17730367,-0.800828636,-0.0942896381,-0.0425597429,-0.404258102,-1.3495611,-1.05907488,1.23787713,0.850427151,-0.7543782,-0.208661944,-0.0282166321,-0.296499252,-1.10641932,-2.57573318,0.251374692,1.58321595,-0.253634006,-0.199069589,1
0,-0.32890445,-1.10410953,-1.15987015,0.990595162,1.12166035,-0.407344818,-0.114585042,-0.0596355125,-0.623986244,-0.621688128,1.00716376,1.1969589,0.639769375,-0.517234027,-0.125630632,-0.0399202406,0.126082376,1.08618891,1.5438658,1.43526709,0.0238113683,-0.551693916,-0.110526666,0,1.47644675,1.12007058,1.21262515,0.969825268,0.0723577365,-0.631733954,-0.0489115976,0,-0.682535589,-1.22470379,0.303945839,0.957481444,0.553595781,-0.82575953,0,-0.0533790924,-0.538130045,-1.0675199,-0.0352880657,1.33242333,1.17730367,-0.800828636,-0.0942896381,-0.0425597429,-0.404258102,-1.3495611,-0.676199675,1.23787713,1.17954874,0.276332021,-0.208661944,-0.0282166321,-0.296499252,-1.10641932,-1.41701269,0.660672605,1.41387439,-0.00838943198,-0.199069589,1
0,-0.32890445,-0.894525409,-0.204772368,0.524410903,-0.120253511,-0.407344818,-0.114585042,-0.0596355125,-0.623986244,-1.90940797,0.756717741,1.1969589,0.475010067,-0.517234027,-0.125630632,-0.0399202406,-0.716925859,-0.853213727,1.5438658,1.43526709,0.0238113683,-0.551693916,-0.110526666,0,-0.79118371,-0.665610969,1.21262515,0.969825268,-0.432940423,-0.631733954,-0.0489115976,0,-0.682535589,-0.5939098,1.09957254,0.957481444,-0.987833977,-0.82575953,0,-0.0533790924,-0.538130045,0.316805243,1.35087121,1.33242333,-1.12696266,-0.800828636,-0.0942896381,-0.0425597429,-0.404258102,0.0629270747,1.23817647,0.858408391,-1.45342398,-0.7543782,-0.208661944,-0.0282166321,-0.296499252,-0.712489545,0.205195829,0.865321517,0.397824794,-0.498878568,-0.199069589,1
0,7.2669754,1.41089916,0.511551023,0.990595162,0.411995322,-0.407344818,-0.114585042,-0.0596355125,1.87792993,1.03395164,0.50627166,0.988684118,0.475010067,-0.517234027,-0.125630632,-0.0399202406,-0.154920369,0.204642251,-0.851562738,1.43526709,-0.298026145,-0.551693916,-0.110526666,0,-0.79118371,-1.47728431,0.0152411638,0.969825268,0.0723577365,0.718299329,-0.0489115976,0,1.63389289,0.82537657,1.09957254,0.957481444,0.553595781,0.609897077,0,-0.0533790924,1.86420691,1.39350259,0.734800398,-0.74754703,-1.4814651,-0.800828636,-0.0942896381,-0.0425597429,1.81474817,1.47541523,-1.05907488,-1.79787278,-1.45342398,-0.7543782,-0.208661944,-0.0282166321,9.28720379,1.25715935,-2.80747724,-2.40906167,-1.12624967,-0.498878568,-0.199069589,7
0,-0.32890445,-0.894525409,-0.443546832,-2.73887897,-1.00733483,-0.407344818,-0.114585042,-0.0596355125,-0.623986244,-0.621688128,0.00537951011,-2.13543844,-1.33734202,-0.517234027,-0.125630632,-0.0399202406,-0.716925859,0.380951583,0.00394746149,-1.15431678,-1.26353872,-0.551693916,-0.110526666,0,-0.79118371,0.795401216,-1.01108789,-1.63016486,-1.27510405,-0.631733954,-0.0489115976,0,-0.682535589,1.14077353,-0.0143048232,0.280376405,0.211055845,-0.251496881,0,-0.0533790924,-0.538130045,1.39350259,0.888818085,0.0524415746,-0.0634551048,1.78996634,-0.0942896381,-0.0425597429,-0.404258102,0.945732176,0.0895507634,-1.0389353,0.0276231728,2.33775258,-0.208661944,-0.0282166321,-0.296499252,-0.515524685,-0.490036398,0.660672605,0.397824794,-0.00838943198,-0.199069589,6
0,-0.32890445,2.03965139,0.98909992,-0.174865454,-0.475086063,-0.407344818,-0.114585042,-0.0596355125,-0.623986244,-1.17356813,-0.495512635,0.988684118,1.13404715,0.33786878,-0.125630632,-0.0399202406,-0.716925859,-1.73476028,-1.19376683,1.11156917,1.3111614,1.01301563,-0.110526666,0,-0.79118371,-1.47728431,-0.668978274,0.969825268,0.746088624,-0.631733954,-0.0489115976,0,-0.682535589,-1.22470379,-0.969056785,0.957481444,0.382325828,-0.538628221,0,-0.0533790924,-0.538130045,-1.0675199,-0.80537653,0.852430165,1.35455489,1.31891274,-0.0942896381,-0.0425597429,-0.404258102,-0.290194958,1.04673874,1.23787713,0.521305561,-0.13595207,-0.208661944,-0.0282166321,-0.296499252,1.84805405,0.436939895,-0.976518989,-0.956908047,-0.498878568,-0.199069589,3
0,-0.32890445,-0.0561892018,-0.68232125,0.291318804,1.83132553,1.41375458,-0.114585042,-0.0596355125,-0.623986244,0.298111767,0.00537951011,-0.677514553,1.29880655,0.907937288,-0.125630632,-0.0399202406,-0.716925859,-1.73476028,-1.19376683,-0.183222845,1.3111614,0.38713181,-0.110526666,0,-0.79118371,-0.99028033,0.528405726,0.8073259,1.41981947,3.14835906,-0.0489115976,0,-0.682535589,-0.120814353,1.09957254,0.788205206,-0.645294011,-0.538628221,0,-0.0533790924,-0.538130045,-1.0675199,0.426765025,0.37243703,-1.4814651,-0.800828636,-0.0942896381,-0.0425597429,-0.404258102,-0.99643904,1.04673874,-0.849200904,-1.45342398,-0.7543782,-0.208661944,-0.0282166321,-0.296499252,0.0753700212,0.436939895,-2.40906167,-1.12624967,-0.498878568,-0.199069589,7
0,-0.32890445,0.572562933,0.98909992,0.990595162,1.83132553,0.503204882,-0.114585042,-0.0596355125,-0.623986244,-0.805648148,-0.996404767,-0.469239712,1.13404715,2.33310866,-0.125630632,-0.0399202406,-0.716925859,-1.73476028,-1.19376683,-0.0213738531,1.3111614,1.01301563,-0.110526666,0,-0.79118371,-1.31494963,0.186296016,0.969825268,0.240790457,-0.631733954,-0.0489115976,0,-0.682535589,-1.22470379,0.940447152,0.957481444,0.553595781,-0.82575953,0,-0.0533790924,-0.538130045,-1.0675199,-0.959394217,0.852430165,1.35455489,0.376805425,-0.0942896381,-0.0425597429,-0.404258102,-0.113633938,-0.293324441,0.289205283,1.17954874,-0.342094123,-0.208661944,-0.0282166321,-0.296499252,0.0753700212,0.900428057,0.865321517,0.736508012,-0.498878568,-0.199069589,3
0,-0.32890445,0.572562933,0.98909992,0.990595162,0.944244146,-0.407344818,-0.114585042,-0.0596355125,-0.623986244,-1.17356813,-0.996404767,0.572134435,0.969287932,-0.517234027,-0.125630632,-0.0399202406,-0.716925859,-1.73476028,-1.19376683,0.949720144,0.0238113683,-0.551693916,-0.110526666,0,-0.79118371,-0.99028033,0.528405726,0.969825268,0.0723577365,-0.0917206332,-0.0489115976,0,-0.682535589,-0.278512836,1.09957254,0.957481444,1.23867571,1.75842237,0,-0.0533790924,-0.538130045,-1.0675199,1.04283583,0.0524415746,-1.12696266,-0.800828636,-0.0942896381,-0.0425597429,-0.404258102,-0.819878042,1.23817647,-1.60813844,-1.45342398,-0.7543782,-0.208661944,-0.0282166321,-0.296499252,1.06019449,-0.0265482478,-2.40906167,-1.12624967,-0.498878568,-0.199069589,7
0,-0.32890445,1.62048328,0.98909992,-0.641049683,-0.297669798,-0.407344818,-0.114585042,-0.0596355125,-0.623986244,0.849991679,-0.745958686,-0.2609649,1.13404715,-0.232199743,-0.125630632,-0.0399202406,-0.716925859,0.204642251,0.346151531,0.949720144,0.506567657,-0.551693916,-0.110526666,0,-0.79118371,-0.665610969,1.21262515,0.644826531,-1.10667133,-0.631733954,-0.0489115976,0,-0.682535589,-0.120814353,1.09957254,-0.0581760854,-1.5016439,-0.82575953,0,-0.0533790924,-0.538130045,1.0858748,0.426765025,1.33242333,-1.12696266,-0.800828636,-0.0942896381,-0.0425597429,-0.404258102,1.47541523,-1.05907488,1.04814279,-0.301498413,-0.7543782,-0.208661944,-0.0282166321,-0.296499252,1.06019449,0.900428057,0.865321517,-0.618224859,-0.498878568,-0.199069589,8
0,-0.32890445,1.20131516,0.98909992,0.990595162,0.944244146,-0.407344818,-0.114585042,-0.0596355125,-0.623986244,-0.0698082,1.00716376,-0.677514553,-1.00782347,-0.517234027,-0.125630632,-0.0399202406,-0.4359231,1.08618891,0.346151531,-1.15431678,-1.26353872,-0.551693916,-0.110526666,0,-0.79118371,0.633066535,1.21262515,-0.330169797,-1.27510405,-0.631733954,-0.0489115976,0,-0.682535589,-1.22470379,-0.809931457,0.788205206,-0.816564023,-0.82575953,0,-0.0533790924,-0.538130045,-1.0675199,-1.1134119,1.01242793,-0.0634551048,-0.800828636,-0.0942896381,-0.0425597429,-0.404258102,-0.819878042,-0.293324441,1.23787713,-0.795180798,-0.7543782,-0.208661944,-0.0282166321,-0.296499252,1.65108919,0.900428057,-0.567221105,-1.12624967,-0.498878568,-0.199069589,5
0,-0.32890445,-0.684941351,0.272776544,0.291318804,-1.00733483,-0.407344818,-0.114585042,-0.0596355125,-0.623986244,-0.253768176,1.00716376,-0.885789394,-1.33734202,-0.517234027,-0.125630632,-0.0399202406,-0.716925859,0.733570218,1.5438658,-0.830618858,-1.26353872,0.700073719,-0.110526666,0,0.828552306,1.12007058,0.186296016,-1.46766543,0.914521337,3.41836572,-0.0489115976,0,1.34433937,1.29847205,1.09957254,0.957481444,1.23867571,0.322765768,0,-0.0533790924,-0.538130045,0.162991345,1.19685352,1.33242333,-0.0634551048,-0.800828636,-0.0942896381,-0.0425597429,-0.404258102,-1.3495611,0.855301201,0.0994709209,-1.45342398,-0.7543782,-0.208661944,-0.0282166321,-0.296499252,-0.909454465,0.900428057,-0.157923222,-1.12624967,-0.498878568,-0.199069589,4
0,-0.32890445,0.78214699,0.98909992,0.990595162,1.65390921,0.806721449,-0.114585042,-0.0596355125,1.87792993,1.03395164,-0.745958686,-0.677514553,0.969287932,2.61814284,-0.125630632,-0.0399202406,0.688087881,-0.853213727,-1.02266479,0.949720144,1.15024269,-0.238752022,-0.110526666,0,-0.79118371,-1.47728431,0.186296016,0.969825268,-0.0960749909,-0.631733954,-0.0489115976,0,-0.682535589,-1.22470379,-1.2873075,0.111100167,1.23867571,0.322765768,0,-0.0533790924,-0.538130045,-1.0675199,-1.1134119,-1.22754025,1.00005245,1.08338594,-0.0942896381,-0.0425597429,-0.404258102,-0.819878042,-1.05907488,-0.659466565,1.17954874,0.0701899752,-0.208661944,-0.0282166321,-0.296499252,1.65108919,0.900428057,0.865321517,0.228483185,-0.498878568,-0.199069589,3
0,-0.32890445,-1.10410953,0.272776544,0.757503033,0.411995322,-0.407344818,-0.114585042,-0.0596355125,-0.623986244,-1.72544801,1.00716376,1.1969589,0.310250789,-0.517234027,-0.125630632,-0.0399202406,-0.716925859,-1.55845106,1.5438658,1.43526709,0.0238113683,-0.551693916,-0.110526666,0,-0.79118371,-0.82794565,1.21262515,0.969825268,-0.938238621,-0.631733954,-0.0489115976,0,-0.682535589,0.509979606,1.09957254,0.618928909,-1.5016439,-0.82575953,0,-0.0533790924,0.148251966,1.39350259,1.35087121,0.37243703,-1.4814651,-0.800828636,-0.0942896381,-0.0425597429,-0.404258102,0.945732176,1.23817647,1.04814279,-1.12430239,-0.7543782,-0.208661944,-0.0282166321,-0.296499252,-0.909454465,0.205195829,0.865321517,-0.448883235,-0.498878568,-0.199069589,1
0,-0.32890445,-0.894525409,0.0340020917,-1.107234,-1.00733483,-0.407344818,-0.114585042,-0.0596355125,-0.623986244,-0.437728167,0.50627166,-1.9271636,-1.33734202,-0.517234027,-0.125630632,-0.0399202406,-0.716925859,0.909879565,0.00394746149,-1.15431678,-0.780782402,1.01301563,-0.110526666,0,0.828552306,1.12007058,-1.52425253,-0.980167329,1.25138676,0.448292673,-0.0489115976,0,0.765232265,1.29847205,1.09957254,0.957481444,1.0674057,-0.251496881,0,-0.0533790924,-0.538130045,0.624433041,0.734800398,1.33242333,-0.0634551048,-0.800828636,-0.0942896381,-0.0425597429,-0.404258102,-1.3495611,-0.867637277,1.23787713,-0.959741592,-0.7543782,-0.208661944,-0.0282166321,-0.296499252,-1.10641932,0.205195829,-0.362572163,-1.12624967,-0.498878568,-0.199069589,4
0,-0.32890445,-1.10410953,-0.204772368,0.990595162,1.12166035,-0.103828259,-0.114585042,-0.0596355125,-0.623986244,-0.989608109,1.00716376,-0.0526900552,1.29880655,0.622903049,-0.125630632,-0.0399202406,-0.154920369,0.909879565,0.517253578,-1.15431678,0.0238113683,-0.238752022,-0.110526666,0,0.828552306,1.12007058,0.0152411638,-1.46766543,-1.27510405,-0.631733954,-0.0489115976,0,1.63389289,1.29847205,1.09957254,-0.227452338,-1.5016439,-0.82575953,0,-0.0533790924,0.148251966,1.39350259,0.426765025,1.33242333,-0.417957604,-0.800828636,-0.0942896381,-0.0425597429,-0.404258102,0.592610121,1.23817647,1.23787713,-0.301498413,-0.7543782,-0.208661944,-0.0282166321,-0.296499252,-0.909454465,-0.95352453,0.251374692,-1.12624967,-0.498878568,-0.199069589,6
0,-0.32890445,-1.10410953,-0.443546832,-0.174865454,-1.00733483,-0.407344818,-0.114585042,-0.0596355125,-0.623986244,-0.253768176,1.00716376,-0.885789394,-1.33734202,-0.517234027,-0.125630632,-0.0399202406,-0.716925859,0.909879565,1.03055966,-1.15431678,-1.26353872,-0.551693916,-0.110526666,0,-0.79118371,0.795401216,0.186296016,-1.63016486,-1.27510405,-0.631733954,-0.0489115976,0,-0.392982006,1.14077353,0.463071167,-0.396728605,-1.15910399,-0.82575953,0,-0.0533790924,-0.538130045,0.778246939,1.35087121,1.33242333,1.35455489,1.55443954,4.84413004,-0.0425597429,-0.404258102,-0.113633938,1.23817647,0.478939652,0.521305561,2.54389453,3.67708707,-0.0282166321,-0.296499252,-1.10641932,-0.721780479,0.660672605,0.905849576,0.727344275,-0.199069589,6
0,-0.32890445,1.83006728,-0.443546832,-2.73887897,-1.00733483,-0.407344818,-0.114585042,-0.0596355125,-0.623986244,0.849991679,0.255825579,-2.13543844,-1.33734202,-0.517234027,-0.125630632,-0.0399202406,2.37410426,1.08618891,1.5438658,-0.830618858,-1.26353872,-0.551693916,-0.110526666,0,0.180657908,0.146062478,1.21262515,-0.817667961,-1.27510405,-0.631733954,-0.0489115976,0,-0.682535589,-1.22470379,0.781321824,-0.0581760854,-1.5016439,-0.82575953,0,-0.0533790924,-0.538130045,-1.0675199,0.426765025,1.01242793,-1.4814651,-0.800828636,-0.0942896381,-0.0425597429,-0.404258102,0.239488095,0.855301201,1.23787713,0.356744766,0.482474059,-0.208661944,-0.0282166321,-0.296499252,1.25715935,0.900428057,0.865321517,1.58321595,3.42503452,4.37831736,1
0,1.84134698,0.991731048,0.511551023,-0.174865454,-0.829918623,-0.407344818,-0.114585042,-0.0596355125,1.56519043,0.849991679,-0.996404767,1.1969589,-0.678304911,-0.517234027,-0.125630632,-0.0399202406,-0.4359231,-1.55845106,-0.16715458,1.27341807,-1.10261989,-0.551693916,-0.110526666,0,-0.79118371,-1.47728431,1.04157031,-0.167670414,-1.27510405,-0.631733954,-0.0489115976,0,-0.682535589,-1.06700528,1.09957254,0.788205206,0.0397858657,-0.538628221,0,-0.0533790924,-0.538130045,-1.0675199,-0.959394217,-0.267553866,1.17730367,1.08338594,-0.0942896381,-0.0425597429,0.705245078,0.0629270747,-1.05907488,-0.659466565,1.01498795,0.688616097,-0.208661944,-0.0282166321,1.83321249,1.45412421,0.900428057,0.660672605,0.397824794,-0.498878568,-0.199069589,3
0,-0.32890445,-0.684941351,0.511551023,-0.641049683,-0.829918623,-0.407344818,-0.114585042,-0.0596355125,-0.311246723,0.298111767,0.00537951011,0.155584782,-0.0192677919,-0.517234027,-0.125630632,-0.0399202406,0.407085121,0.733570218,-1.02266479,-1.15431678,0.828405142,0.38713181,-0.110526666,0,1.80039394,0.633066535,-1.52425253,-1.63016486,0.409223169,0.988305986,-0.0489115976,0,0.765232265,1.29847205,-1.2873075,-1.75093865,-0.131484106,1.75842237,0,-0.0533790924,-0.538130045,1.39350259,-1.1134119,-1.22754025,0.468298674,1.31891274,-0.0942896381,-0.0425597429,-0.404258102,0.945732176,0.280988365,0.0994709209,1.01498795,0.0701899752,-0.208661944,-0.0282166321,-0.296499252,-0.515524685,0.668684006,0.865321517,-0.279541612,-0.498878568,-0.199069589,0
0,-0.32890445,-0.265773267,0.511551023,0.990595162,-0.120253511,-0.407344818,-0.114585042,-0.0596355125,0.626971841,1.03395164,1.00716376,1.1969589,-0.0192677919,-0.517234027,-0.125630632,-0.0399202406,2.65510702,0.380951583,-1.19376683,1.27341807,0.0238113683,-0.551693916,-0.110526666,0,-0.143289298,-1.31494963,-0.668978274,0.969825268,0.914521337,-0.361727297,-0.0489115976,0,-0.682535589,-1.22470379,-1.2873075,0.111100167,1.0674057,2.33268499,0,-0.0533790924,-0.538130045,-1.0675199,-1.1134119,-1.22754025,0.468298674,2.02549314,-0.0942896381,-0.0425597429,-0.404258102,-0.99643904,0.663863599,0.478939652,1.17954874,0.688616097,-0.208661944,-0.0282166321,-0.296499252,-0.515524685,0.900428057,0.660672605,0.228483185,-0.498878568,-0.199069589,3
0,-0.32890445,-0.894525409,-0.443546832,0.757503033,0.944244146,1.71727109,-0.114585042,-0.0596355125,-0.623986244,-0.989608109,1.00716376,1.1969589,1.29880655,2.61814284,-0.125630632,-0.0399202406,-0.716925859,-0.67690438,1.5438658,1.43526709,1.3111614,1.32595754,-0.110526666,0,-0.79118371,0.470731825,1.21262515,0.969825268,0.746088624,-0.631733954,-0.0489115976,0,-0.103428438,1.29847205,1.09957254,0.957481444,-0.474024057,-0.82575953,0,-0.0533790924,0.148251966,0.778246939,1.35087121,0.692432463,-1.4814651,-0.800828636,-0.0942896381,-0.0425597429,-0.404258102,0.239488095,1.23817647,1.23787713,-0.301498413,-0.7543782,-0.208661944,-0.0282166321,-0.296499252,-0.515524685,-0.0265482478,0.865321517,-0.787566423,-0.498878568,-0.199069589,1
0,-0.32890445,-0.0561892018,0.98909992,0.990595162,1.83132553,2.32430434,-0.114585042,-0.0596355125,-0.623986244,-1.72544801,-1.49729693,-1.30233908,0.639769375,3.47324562,-0.125630632,-0.0399202406,-0.716925859,-1.73476028,-1.19376683,-1.15431678,1.15024269,2.26478338,-0.110526666,0,-0.79118371,-0.82794565,-0.497923404,0.157328367,1.41981947,-0.361727297,-0.0489115976,0,-0.682535589,1.14077353,1.09957254,0.957481444,1.23867571,1.75842237,0,-0.0533790924,-0.538130045,-0.759892046,0.426765025,0.532434762,-1.4814651,-0.565301836,-0.0942896381,-0.0425597429,-0.404258102,-0.99643904,1.04673874,-1.22866964,-1.45342398,-0.7543782,-0.208661944,-0.0282166321,-0.296499252,1.06019449,-0.490036398,-2.40906167,-1.12624967,-0.498878568,-0.199069589,7
0,-0.32890445,-1.10410953,-0.921095729,0.757503033,-0.829918623,-0.407344818,-0.114585042,-0.0596355125,-0.623986244,-1.72544801,0.50627166,0.572134435,-1.17258275,-0.232199743,-0.125630632,-0.0399202406,-0.716925859,0.0283329226,1.37276375,-0.668769836,1.15024269,2.8906672,-0.110526666,0,1.47644675,1.12007058,-0.326868534,-1.46766543,1.41981947,1.52831924,-0.0489115976,0,1.92344654,1.29847205,0.622196496,0.618928909,1.23867571,0.609897077,0,-0.0533790924,-0.194939047,0.470619142,1.19685352,1.33242333,1.00005245,-0.800828636,-0.0942896381,-0.0425597429,-0.404258102,-1.3495611,-1.63338768,1.23787713,0.192183971,-0.7543782,-0.208661944,-0.0282166321,-0.296499252,-1.10641932,-0.490036398,0.660672605,-0.448883235,-0.498878568,-0.199069589,4
0,-0.32890445,-1.10410953,0.750325441,0.0582266748,-0.829918623,-0.407344818,-0.114585042,-0.0596355125,-0.623986244,-0.989608109,1.00716376,1.1969589,-0.348786354,-0.517234027,-0.125630632,-0.0399202406,-0.716925859,-1.38214171,1.5438658,1.43526709,-0.780782402,-0.551693916,-0.110526666,0,-0.79118371,-1.15261495,1.21262515,0.969825268,-1.10667133,-0.631733954,-0.0489115976,0,-0.682535589,-0.278512836,1.09957254,0.449652672,-1.5016439,-0.82575953,0,-0.0533790924,-0.538130045,-0.913705945,1.35087121,1.33242333,-1.12696266,-0.800828636,-0.0942896381,-0.0425597429,-0.404258102,-0.819878042,1.23817647,1.04814279,-0.959741592,-0.7543782,-0.208661944,-0.0282166321,-0.296499252,-1.10641932,0.668684006,0.865321517,-0.956908047,-0.498878568,-0.199069589,1
0,-0.32890445,0.153394848,0.0340020917,0.0582266748,0.0571627617,-0.407344818,-0.114585042,-0.0596355125,-0.623986244,0.114151776,1.00716376,1.1969589,0.804528654,-0.517234027,-0.125630632,-0.0399202406,-0.716925859,0.380951583,1.5438658,1.43526709,0.0238113683,-0.551693916,-0.110526666,0,-0.79118371,-0.178606898,1.21262515,0.969825268,0.746088624,-0.631733954,-0.0489115976,0,-0.103428438,0.82537657,1.09957254,0.957481444,0.553595781,-0.82575953,0,-0.0533790924,-0.194939047,1.39350259,1.35087121,1.33242333,0.291047394,-0.800828636,-0.0942896381,-0.0425597429,-0.404258102,1.47541523,1.23817647,1.23787713,-0.136937618,-0.7543782,-0.208661944,-0.0282166321,-0.296499252,-0.712489545,-0.258292317,-0.362572163,-0.448883235,-0.498878568,-0.199069589,1
0,-0.32890445,0.153394848,0.511551023,0.291318804,-0.829918623,-0.407344818,-0.114585042,-0.0596355125,0.31423232,1.03395164,-0.495512635,-1.09406424,0.475010067,-0.517234027,-0.125630632,-0.0399202406,0.688087881,1.08618891,-1.19376683,-1.15431678,0.828405142,-0.551693916,-0.110526666,0,1.15249956,0.470731825,-1.52425253,-1.63016486,0.746088624,0.178286016,-0.0489115976,0,1.34433937,0.667678058,-1.44643283,-1.75093865,0.724865794,0.0356344357,0,-0.0533790924,0.491442949,0.624433041,-1.1134119,-0.427551597,0.645549893,-0.800828636,-0.0942896381,-0.0425597429,-0.404258102,0.945732176,-1.05907488,1.04814279,-0.795180798,-0.7543782,-0.208661944,-0.0282166321,-0.296499252,-0.121594876,0.900428057,-1.18116796,-1.12624967,-0.498878568,-0.199069589,0
0,-0.32890445,-1.10410953,-2.11496806,0.757503033,0.234579042,-0.407344818,-0.114585042,-0.0596355125,-0.623986244,-1.90940797,0.255825579,0.780409276,-0.843064249,-0.517234027,-0.125630632,-0.0399202406,-0.716925859,-0.67690438,1.37276375,-0.830618858,-0.298026145,1.32595754,-0.110526666,0,-0.143289298,0.957735896,-0.840033114,-1.63016486,1.25138676,1.52831924,-0.0489115976,0,1.63389289,0.667678058,-1.44643283,-1.07383358,1.23867571,-0.538628221,0,-0.0533790924,3.2369709,1.0858748,0.734800398,1.33242333,0.291047394,-0.800828636,-0.0942896381,-0.0425597429,0.705245078,0.0629270747,-0.484762043,1.04814279,-0.795180798,-0.7543782,-0.208661944,-0.0282166321,-0.296499252,-1.10641932,-2.11224484,0.865321517,-0.787566423,-0.498878568,-0.199069589,4
0,-0.32890445,-0.894525409,-0.204772368,0.0582266748,0.589411557,1.11023796,-0.114585042,-0.0596355125,-0.623986244,0.666031718,-1.49729693,-1.9271636,1.13404715,2.33310866,-0.125630632,-0.0399202406,-0.154920369,0.380951583,-0.509358644,0.787871122,-0.137107387,2.57772517,-0.110526666,0,-0.467236519,0.633066535,0.528405726,-1.1426667,-0.601373136,1.52831924,-0.0489115976,0,-0.682535589,-1.22470379,-1.44643283,-1.75093865,-0.816564023,1.47129107,0,-0.0533790924,-0.538130045,-0.606078148,-0.497341156,-1.22754025,-0.240706354,0.612332284,-0.0942896381,-0.0425597429,-0.404258102,0.769171178,-0.484762043,-1.22866964,0.356744766,-0.7543782,-0.208661944,-0.0282166321,-0.296499252,-0.515524685,0.205195829,0.660672605,-0.618224859,-0.498878568,-0.199069589,9
0,-0.32890445,-0.475357324,0.0340020917,-0.874141812,-0.475086063,-0.407344818,-0.114585042,-0.0596355125,-0.623986244,-0.621688128,1.00716376,0.572134435,0.804528654,-0.232199743,-0.125630632,-0.0399202406,-0.716925859,0.557260871,0.175049499,-1.15431678,0.184730127,0.700073719,-0.110526666,0,-0.79118371,1.12007058,-1.18214285,-1.63016486,-0.264507711,0.988305986,-0.0489115976,0,0.475678682,0.667678058,-1.44643283,-1.75093865,0.211055845,0.0356344357,0,-0.0533790924,0.491442949,0.778246939,-1.1134119,-1.22754025,0.822801173,-0.329775035,-0.0942896381,-0.0425597429,-0.404258102,0.769171178,-1.05907488,0.478939652,0.192183971,-0.7543782,-0.208661944,-0.0282166321,-0.296499252,-0.121594876,0.900428057,0.251374692,-0.787566423,-0.498878568,-0.199069589,0
0,2.92647266,2.03965139,0.98909992,-0.874141812,-1.00733483,-0.407344818,-0.114585042,-0.0596355125,3.75436711,0.482071757,-0.495512635,1.1969589,-1.00782347,-0.517234027,-0.125630632,-0.0399202406,0.688087881,-1.20583236,-0.851562738,1.43526709,-0.941701174,-0.551693916,-0.110526666,0,-0.79118371,-1.47728431,-1.01108789,0.969825268,-0.938238621,-0.631733954,-0.0489115976,0,-0.682535589,-1.22470379,-0.0143048232,0.280376405,-1.5016439,-0.82575953,0,-0.0533790924,-0.538130045,-0.913705945,1.35087121,0.0524415746,-1.4814651,-0.329775035,-0.0942896381,-0.0425597429,-0.404258102,0.0629270747,1.23817647,0.858408391,1.17954874,2.33775258,-0.208661944,-0.0282166321,1.83321249,2.04501891,0.900428057,0.660672605,0.905849576,1.70832253,-0.199069589,2
0,-0.32890445,-1.10410953,-1.39864469,0.291318804,1.83132553,4.44892025,8.35796833,-0.0596355125,-0.623986244,-0.805648148,1.00716376,0.780409276,0.475010067,4.04331398,10.9175653,-0.0399202406,-0.716925859,-1.38214171,-0.680460691,-1.15431678,-0.619863689,4.1424346,8.57272434,0,-0.79118371,-1.15261495,0.0152411638,0.319827735,1.41981947,2.8783524,-0.0489115976,0,-0.103428438,1.14077353,1.09957254,0.957481444,1.23867571,0.0356344357,0,-0.0533790924,0.834633946,0.316805243,-0.651358843,0.37243703,0.291047394,-0.800828636,-0.0942896381,-0.0425597429,-0.404258102,-1.3495611,-1.63338768,1.23787713,-1.12430239,-0.7543782,-0.208661944,-0.0282166321,-0.296499252,-1.10641932,-1.18526864,-0.567221105,-1.12624967,-0.498878568,-0.199069589,7
0,1.84134698,2.03965139,0.272776544,-2.27269459,-1.00733483,-0.407344818,-0.114585042,-0.0596355125,1.56519043,1.03395164,0.255825579,0.988684118,-1.33734202,-0.517234027,-0.125630632,-0.0399202406,2.37410426,0.204642251,-0.338256598,1.43526709,-0.619863689,-0.551693916,-0.110526666,0,-0.467236519,-1.31494963,-0.326868534,0.969825268,-1.10667133,-0.631733954,-0.0489115976,0,-0.682535589,-1.22470379,0.463071167,0.111100167,-1.5016439,-0.82575953,0,-0.0533790924,-0.538130045,-0.452264249,1.35087121,0.0524415746,-0.0634551048,-0.329775035,-0.0942896381,-0.0425597429,-0.404258102,0.769171178,1.23817647,1.23787713,1.17954874,1.51318431,-0.208661944,-0.0282166321,1.83321249,1.84805405,0.205195829,-1.18116796,-0.448883235,-0.253634006,-0.199069589,2
0,-0.32890445,-0.265773267,0.750325441,0.990595162,0.0571627617,-0.407344818,-0.114585042,-0.0596355125,-0.623986244,0.482071757,-0.245066568,0.155584782,1.13404715,-0.517234027,-0.125630632,-0.0399202406,-0.716925859,0.909879565,1.03055966,1.27341807,1.3111614,1.63889945,-0.110526666,0,-0.79118371,-0.340941578,1.21262515,0.969825268,0.577655911,-0.0917206332,-0.0489115976,0,-0.682535589,-0.436211318,0.940447152,0.957481444,-1.15910399,-0.82575953,0,-0.0533790924,-0.538130045,1.39350259,0.272747338,0.692432463,0.468298674,-0.800828636,-0.0942896381,-0.0425597429,0.705245078,1.47541523,-0.676199675,-0.279997826,1.17954874,-0.7543782,-0.208661944,-0.0282166321,-0.296499252,0.272334903,0.436939895,0.251374692,0.228483185,-0.498878568,-0.199069589,8
0,-0.32890445,0.572562933,0.272776544,0.0582266748,-0.475086063,-0.407344818,-0.114585042,-0.0596355125,1.25245082,0.849991679,-1.24685085,-0.2609649,0.639769375,-0.517234027,-0.125630632,-0.0399202406,-0.716925859,-1.73476028,-1.19376683,-0.0213738531,0.506567657,-0.551693916,-0.110526666,0,-0.79118371,-1.47728431,-0.840033114,0.8073259,-0.769805908,-0.631733954,-0.0489115976,0,-0.682535589,-1.22470379,0.144820511,0.957481444,0.0397858657,-0.82575953,0,-0.0533790924,-0.538130045,-1.0675199,-1.1134119,-0.587549329,1.17730367,0.847859085,-0.0942896381,-0.0425597429,-0.404258102,0.592610121,-1.44195008,-1.60813844,1.01498795,0.688616097,-0.208661944,-0.0282166321,-0.296499252,0.469299793,0.900428057,0.865321517,0.905849576,-0.498878568,-0.199069589,3
0,-0.32890445,-0.475357324,-0.204772368,0.757503033,0.411995322,-0.407344818,-0.114585042,-0.0596355125,0.626971841,0.666031718,-0.996404767,0.572134435,0.969287932,-0.517234027,-0.125630632,-0.0399202406,1.5310961,0.204642251,-0.680460691,1.27341807,-0.298026145,-0.551693916,-0.110526666,0,-0.467236519,-1.31494963,0.0152411638,0.644826531,-1.27510405,-0.631733954,-0.0489115976,0,-0.682535589,-1.22470379,-1.44643283,0.449652672,0.211055845,-0.82575953,0,-0.0533790924,-0.538130045,-1.0675199,-1.1134119,-1.06754243,0.822801173,0.847859085,-0.0942896381,-0.0425597429,-0.404258102,0.239488095,-0.293324441,-1.41840398,-0.466059208,1.51318431,-0.208661944,-0.0282166321,-0.296499252,-0.318559766,-0.490036398,0.456023633,1.58321595,1.95356703,-0.199069589,3
0,-0.32890445,-0.684941351,0.0340020917,-0.641049683,-1.00733483,-0.407344818,-0.114585042,-0.0596355125,-0.623986244,0.114151776,0.756717741,0.363859624,-0.513545632,-0.517234027,-0.125630632,-0.0399202406,-0.716925859,0.909879565,-0.338256598,-1.15431678,0.989323914,-0.551693916,-0.110526666,0,-0.143289298,0.957735896,-1.35319769,-1.63016486,0.240790457,1.25831258,-0.0489115976,0,0.475678682,0.352281094,-1.44643283,-1.75093865,-0.302754074,1.47129107,0,-0.0533790924,-0.538130045,0.778246939,-1.1134119,-1.22754025,-0.0634551048,1.55443954,-0.0942896381,-0.0425597429,0.705245078,1.29885423,-0.867637277,0.0994709209,1.17954874,-0.548236191,-0.208661944,-0.0282166321,-0.296499252,-0.121594876,0.436939895,0.0467257351,-0.448883235,-0.498878568,-0.199069589,0
0,-0.32890445,0.572562933,-1.15987015,-2.73887897,-1.00733483,-0.407344818,-0.114585042,-0.0596355125,-0.623986244,0.114151776,0.00537951011,-2.13543844,-1.33734202,-0.517234027,-0.125630632,-0.0399202406,-0.716925859,0.909879565,0.346151531,-1.15431678,-1.26353872,-0.551693916,-0.110526666,0,1.47644675,1.12007058,1.21262515,-0.167670414,-0.601373136,-0.631733954,-0.0489115976,0,0.765232265,1.29847205,0.781321824,0.111100167,1.23867571,0.609897077,0,-0.0533790924,0.148251966,1.39350259,1.35087121,-1.22754025,0.645549893,1.08338594,-0.0942896381,-0.0425597429,-0.404258102,1.29885423,1.04673874,-1.60813844,1.01498795,0.482474059,-0.208661944,-0.0282166321,-0.296499252,0.272334903,0.436939895,0.865321517,1.07519114,-0.253634006,-0.199069589,6
0,-0.32890445,-0.475357324,0.511551023,0.990595162,0.411995322,-0.407344818,-0.114585042,-0.0596355125,0.31423232,0.849991679,-0.996404767,-1.30233908,1.13404715,-0.232199743,-0.125630632,-0.0399202406,1.5310961,0.0283329226,-1.19376683,-0.668769836,1.3111614,1.95184135,-0.110526666,0,0.180657908,0.957735896,0.699460566,0.969825268,1.08295405,-0.361727297,-0.0489115976,0,-0.682535589,-0.909306765,-0.650806129,0.957481444,-0.816564023,-0.82575953,0,-0.0533790924,-0.538130045,-1.0675199,0.118729629,0.532434762,-1.4814651,-0.800828636,-0.0942896381,-0.0425597429,-0.404258102,-1.3495611,1.04673874,-1.41840398,-1.45342398,-0.7543782,-0.208661944,-0.0282166321,-0.296499252,-0.712489545,0.205195829,-2.40906167,-1.12624967,-0.498878568,-0.199069589,9
0,-0.32890445,0.78214699,0.98909992,-1.34032607,-1.00733483,-0.407344818,-0.114585042,-0.0596355125,0.31423232,1.03395164,-2.74952722,1.1969589,0.310250789,1.76304007,-0.125630632,-0.0399202406,-0.716925859,0.909879565,-0.16715458,1.43526709,0.0238113683,-0.551693916,-0.110526666,0,-0.79118371,-0.99028033,1.21262515,0.157328367,-1.27510405,-0.631733954,-0.0489115976,0,-0.682535589,-1.06700528,0.781321824,0.280376405,-1.5016439,-0.82575953,0,-0.0533790924,-0.538130045,-0.144636467,0.272747338,0.532434762,-1.12696266,-0.800828636,-0.0942896381,-0.0425597429,-0.404258102,0.769171178,-1.63338768,0.668674052,-1.45342398,-0.7543782,-0.208661944,-0.0282166321,-0.296499252,1.25715935,0.436939895,-1.79511487,-1.12624967,-0.498878568,-0.199069589,8
0,-0.32890445,-1.10410953,-2.35374236,0.291318804,-0.829918623,-0.407344818,-0.114585042,-0.0596355125,-0.623986244,-1.90940797,-0.745958686,0.988684118,-1.00782347,-0.517234027,-0.125630632,-0.0399202406,-0.716925859,-1.02952302,1.5438658,1.43526709,0.0238113683,-0.551693916,-0.110526666,0,-0.79118371,0.470731825,0.0152411638,0.644826531,-0.264507711,-0.631733954,-0.0489115976,0,0.765232265,0.983075023,-1.44643283,0.449652672,-0.302754074,-0.538628221,0,-0.0533790924,2.55058908,1.23968863,0.734800398,1.33242333,1.35455489,0.141278625,-0.0942896381,-0.0425597429,0.705245078,0.0629270747,-0.101886839,1.23787713,0.192183971,-0.548236191,-0.208661944,-0.0282166321,-0.296499252,-1.10641932,-2.57573318,0.251374692,-0.787566423,-0.498878568,-0.199069589,4
0,-0.32890445,0.153394848,0.750325441,0.291318804,-0.475086063,-0.407344818,-0.114585042,-0.0596355125,-0.623986244,0.482071757,0.50627166,0.988684118,0.639769375,-0.517234027,-0.125630632,-0.0399202406,-0.716925859,0.733570218,0.688355625,0.949720144,1.15024269,1.01301563,-0.110526666,0,-0.79118371,-0.0162722114,1.21262515,0.8073259,0.0723577365,-0.631733954,-0.0489115976,0,-0.103428438,1.29847205,1.09957254,0.957481444,-1.15910399,-0.82575953,0,-0.0533790924,2.20739794,1.39350259,-0.80537653,1.01242793,0.291047394,-0.800828636,-0.0942896381,-0.0425597429,2.36949968,1.47541523,-0.101886839,0.858408391,0.356744766,-0.7543782,-0.208661944,-0.0282166321,-0.296499252,0.469299793,0.436939895,0.251374692,-0.787566423,-0.498878568,-0.199069589,8
0,0.756221235,1.20131516,0.98909992,0.990595162,-0.297669798,-0.407344818,-0.114585042,-0.0596355125,1.56519043,1.03395164,-0.996404767,0.780409276,0.475010067,-0.517234027,-0.125630632,-0.0399202406,-0.716925859,-1.73476028,0.517253578,1.43526709,-0.298026145,-0.551693916,-0.110526666,0,-0.79118371,-1.47728431,1.04157031,0.969825268,-0.264507711,-0.631733954,-0.0489115976,0,-0.682535589,-1.22470379,-1.44643283,-0.396728605,1.23867571,-0.251496881,0,-0.0533790924,-0.194939047,-0.298450351,-1.1134119,-1.22754025,1.00005245,1.31891274,-0.0942896381,-0.0425597429,1.81474817,1.47541523,0.0895507634,0.289205283,1.17954874,0.482474059,-0.208661944,-0.0282166321,0.768356621,1.45412421,0.900428057,0.865321517,0.567166388,-0.498878568,-0.199069589,3
0,-0.32890445,-0.265773267,-0.68232125,0.291318804,-0.120253511,-0.407344818,-0.114585042,-0.0596355125,-0.311246723,1.03395164,1.00716376,0.363859624,0.475010067,-0.517234027,-0.125630632,-0.0399202406,-0.716925859,0.204642251,0.175049499,-0.345071852,1.3111614,-0.551693916,-0.110526666,0,-0.79118371,-0.340941578,0.186296016,0.482327133,0.409223169,-0.631733954,-0.0489115976,0,-0.682535589,-0.5939098,1.09957254,0.449652672,-1.5016439,-0.82575953,0,-0.0533790924,-0.538130045,0.932060838,1.19685352,0.692432463,-1.4814651,-0.800828636,-0.0942896381,-0.0425597429,-0.404258102,0.592610121,-0.101886839,0.858408391,-0.630620003,-0.7543782,-0.208661944,-0.0282166321,-0.296499252,-1.10641932,-0.490036398,0.865321517,0.228483185,-0.498878568,-0.199069589,8
0,-0.32890445,-1.10410953,0.0340020917,-1.107234,-1.00733483,-0.407344818,-0.114585042,-0.0596355125,-0.623986244,-0.805648148,0.756717741,-1.9271636,-1.17258275,-0.517234027,-0.125630632,-0.0399202406,-0.4359231,0.733570218,0.175049499,0.464173138,0.0238113683,-0.551693916,-0.110526666,0,1.15249956,0.957735896,-1.52425253,0.482327133,0.746088624,0.988305986,-0.0489115976,0,3.37121439,1.14077353,0.463071167,0.957481444,1.23867571,1.75842237,0,-0.0533790924,2.89377999,1.39350259,1.19685352,1.33242333,-0.0634551048,-0.565301836,-0.0942896381,-0.0425597429,-0.404258102,-1.3495611,0.0895507634,1.23787713,-1.28886318,-0.7543782,-0.208661944,-0.0282166321,-0.296499252,-1.10641932,-0.0265482478,-0.567221105,-1.12624967,-0.498878568,-0.199069589,4
0,-0.32890445,0.78214699,0.750325441,0.524410903,-0.652502358,-0.407344818,-0.114585042,-0.0596355125,-0.623986244,-0.253768176,-2.24863505,-0.2609649,-0.0192677919,-0.517234027,-0.125630632,-0.0399202406,-0.716925859,-1.73476028,-1.19376683,-0.183222845,0.345648885,-0.551693916,-0.110526666,0,-0.79118371,-1.47728431,0.186296016,0.8073259,-0.938238621,-0.631733954,-0.0489115976,0,-0.682535589,-0.909306765,0.144820511,0.111100167,1.0674057,-0.251496881,0,-0.0533790924,0.491442949,-0.913705945,-1.1134119,-1.22754025,1.00005245,0.141278625,-0.0942896381,-0.0425597429,5.14325762,0.945732176,-0.484762043,-1.41840398,0.521305561,0.0701899752,-0.208661944,-0.0282166321,-0.296499252,0.272334903,0.436939895,0.865321517,0.567166388,-0.498878568,-0.199069589,3
0,-0.32890445,-1.10410953,-0.68232125,0.990595162,0.766827881,-0.407344818,-0.114585042,-0.0596355125,-0.623986244,-1.72544801,0.756717741,-1.09406424,1.29880655,0.33786878,-0.125630632,-0.0399202406,-0.716925859,0.557260871,-0.509358644,-1.15431678,1.15024269,1.01301563,-0.110526666,0,-0.79118371,0.957735896,0.357350856,0.644826531,1.41981947,-0.0917206332,-0.0489115976,0,1.63389289,1.29847205,1.09957254,0.449652672,-0.645294011,-0.82575953,0,-0.0533790924,0.491442949,1.23968863,1.19685352,-1.06754243,-1.4814651,-0.800828636,-0.0942896381,-0.0425597429,-0.404258102,0.239488095,1.23817647,0.0994709209,-1.45342398,-0.7543782,-0.208661944,-0.0282166321,-0.296499252,-1.10641932,-0.490036398,0.660672605,-1.12624967,-0.498878568,-0.199069589,8
0,-0.32890445,1.62048328,0.511551023,-0.874141812,-0.829918623,-0.407344818,-0.114585042,-0.0596355125,-0.311246723,1.03395164,1.00716376,1.1969589,-0.348786354,-0.517234027,-0.125630632,-0.0399202406,-0.716925859,-1.20583236,-0.338256598,1.43526709,0.0238113683,-0.551693916,-0.110526666,0,-0.79118371,-1.47728431,0.0152411638,0.969825268,-0.938238621,-0.631733954,-0.0489115976,0,-0.682535589,-1.06700528,1.09957254,-0.227452338,-1.5016439,-0.82575953,0,-0.0533790924,-0.194939047,1.39350259,0.888818085,-1.22754025,-1.4814651,-0.800828636,-0.0942896381,-0.0425597429,2.36949968,1.47541523,0.280988365,-1.0389353,-0.795180798,-0.7543782,-0.208661944,-0.0282166321,0.768356621,1.45412421,0.436939895,0.0467257351,0.905849576,-0.498878568,-0.199069589,2
0,-0.32890445,-0.475357324,0.98909992,-0.174865454,-1.00733483,-0.407344818,-0.114585042,-0.0596355125,-0.623986244,-1.90940797,1.00716376,1.1969589,-0.348786354,-0.517234027,-0.125630632,-0.0399202406,-0.716925859,-1.73476028,1.03055966,1.43526709,-0.137107387,-0.551693916,-0.110526666,0,-0.79118371,-1.47728431,0.357350856,0.969825268,0.409223169,-0.631733954,-0.0489115976,0,-0.682535589,-1.22470379,0.463071167,0.957481444,-0.474024057,-0.82575953,0,-0.0533790924,-0.538130045,-0.606078148,1.35087121,1.33242333,-1.12696266,-0.800828636,-0.0942896381,-0.0425597429,-0.404258102,-0.466755986,1.23817647,1.04814279,-1.45342398,-0.7543782,-0.208661944,-0.0282166321,-0.296499252,-0.515524685,0.205195829,0.660672605,-1.12624967,-0.498878568,-0.199069589,1
0,-0.32890445,-0.265773267,0.98909992,0.757503033,-0.652502358,-0.407344818,-0.114585042,-0.0596355125,-0.623986244,0.114151776,1.00716376,0.572134435,0.804528654,-0.517234027,-0.125630632,-0.0399202406,-0.4359231,1.08618891,0.175049499,-0.992467821,1.3111614,0.0741898865,-0.110526666,0,1.47644675,1.12007058,-0.497923404,-1.63016486,0.577655911,1.52831924,-0.0489115976,0,1.34433937,1.29847205,-0.809931457,-1.75093865,0.382325828,1.47129107,0,-0.0533790924,0.834633946,1.23968863,-0.959394217,-1.06754243,1.17730367,0.847859085,-0.0942896381,-0.0425597429,-0.404258102,0.945732176,0.472425967,0.858408391,1.01498795,-0.548236191,-0.208661944,-0.0282166321,-0.296499252,-0.515524685,0.436939895,0.865321517,-0.110200025,-0.498878568,-0.199069589,0
0,-0.32890445,0.362978905,0.511551023,0.291318804,0.411995322,-0.407344818,-0.114585042,-0.0596355125,-0.311246723,0.849991679,0.255825579,0.780409276,0.969287932,-0.517234027,-0.125630632,-0.0399202406,-0.716925859,0.557260871,1.03055966,0.949720144,1.3111614,0.38713181,-0.110526666,0,-0.79118371,-0.82794565,0.870515406,0.482327133,1.41981947,0.448292673,-0.0489115976,0,-0.682535589,-1.22470379,-1.44643283,-1.75093865,0.553595781,0.322765768,0,-0.0533790924,-0.538130045,-1.0675199,-1.1134119,-1.22754025,1.00005245,0.141278625,-0.0942896381,-0.0425597429,3.47900295,1.47541523,-0.101886839,0.0994709209,1.01498795,-0.342094123,-0.208661944,-0.0282166321,0.768356621,0.469299793,0.205195829,0.660672605,0.228483185,-0.498878568,-0.199069589,9
0,-0.32890445,-1.10410953,-2.83129144,0.291318804,-0.475086063,-0.407344818,-0.114585042,-0.0596355125,-0.623986244,-1.90940797,-0.245066568,0.572134435,-0.678304911,-0.517234027,-0.125630632,-0.0399202406,-0.716925859,-0.67690438,1.20166171,-0.506920815,1.3111614,-0.238752022,-0.110526666,0,-0.143289298,0.795401216,-1.01108789,-0.655168533,1.08295405,-0.631733954,-0.0489115976,0,1.05478585,1.29847205,0.303945839,0.280376405,0.553595781,-0.82575953,0,-0.0533790924,0.148251966,0.00917744078,1.04283583,1.33242333,1.00005245,-0.800828636,-0.0942896381,-0.0425597429,-0.404258102,-1.3495611,-1.82482529,0.478939652,-0.136937618,-0.7543782,-0.208661944,-0.0282166321,-0.296499252,-1.10641932,-2.80747724,0.660672605,-0.618224859,-0.498878568,-0.199069589,4
0,0.756221235,1.41089916,0.98909992,0.990595162,1.65390921,-0.407344818,-0.114585042,-0.0596355125,1.56519043,1.03395164,-0.745958686,-1.30233908,-0.843064249,-0.517234027,-0.125630632,-0.0399202406,2.0931015,0.909879565,-1.02266479,-1.15431678,-1.26353872,-0.551693916,-0.110526666,0,2.77223563,0.957735896,-0.155813694,-0.492669165,-1.10667133,-0.631733954,-0.0489115976,0,-0.103428438,0.82537657,1.09957254,0.957481444,1.0674057,0.609897077,0,-0.0533790924,-0.538130045,-1.0675199,-1.1134119,-1.22754025,0.822801173,2.49654675,-0.0942896381,-0.0425597429,-0.404258102,-0.99643904,-0.484762043,0.668674052,1.17954874,1.10090017,-0.208661944,-0.0282166321,-0.296499252,1.65108919,0.900428057,0.0467257351,-0.279541612,-0.498878568,-0.199069589,5
0,-0.32890445,0.362978905,0.511551023,0.990595162,-0.120253511,-0.407344818,-0.114585042,-0.0596355125,-0.623986244,1.03395164,0.00537951011,0.988684118,0.639769375,-0.517234027,-0.125630632,-0.0399202406,-0.716925859,-1.20583236,-1.19376683,1.11156917,0.184730127,-0.551693916,-0.110526666,0,-0.79118371,-0.665610969,0.528405726,0.969825268,1.25138676,2.06833267,-0.0489115976,0,1.63389289,1.29847205,1.09957254,0.449652672,-0.474024057,-0.82575953,0,-0.0533790924,0.491442949,0.316805243,1.35087121,-0.267553866,-1.4814651,-0.800828636,-0.0942896381,-0.0425597429,-0.404258102,0.416049123,0.472425967,-1.60813844,-1.45342398,-0.7543782,-0.208661944,-0.0282166321,-0.296499252,1.25715935,-1.64875674,-2.40906167,-1.12624967,-0.498878568,-0.199069589,7
0,-0.32890445,-1.10410953,0.511551023,0.524410903,0.589411557,-0.407344818,-0.114585042,-0.0596355125,-0.623986244,-1.17356813,1.00716376,1.1969589,0.310250789,-0.517234027,-0.125630632,-0.0399202406,-0.716925859,0.557260871,1.5438658,1.27341807,-0.941701174,-0.551693916,-0.110526666,0,-0.467236519,0.957735896,1.21262515,0.157328367,-1.27510405,-0.631733954,-0.0489115976,0,1.34433937,1.29847205,1.09957254,-0.904557347,-1.5016439,-0.82575953,0,-0.0533790924,0.491442949,1.39350259,1.35087121,-0.107556142,-1.4814651,-0.800828636,-0.0942896381,-0.0425597429,-0.404258102,1.47541523,1.23817647,-0.279997826,-1.45342398,-0.7543782,-0.208661944,-0.0282166321,-0.296499252,-0.515524685,-0.0265482478,0.0467257351,-1.12624967,-0.498878568,-0.199069589,1
0,-0.32890445,-0.265773267,-0.204772368,0.524410903,-0.297669798,-0.407344818,-0.114585042,-0.0596355125,0.939711332,0.482071757,-1.99818909,-0.2609649,-0.184027076,-0.517234027,-0.125630632,-0.0399202406,1.25009334,0.0283329226,0.517253578,0.949720144,-0.941701174,-0.551693916,-0.110526666,0,-0.467236519,-0.0162722114,1.21262515,0.8073259,-0.938238621,-0.631733954,-0.0489115976,0,-0.682535589,0.0368841328,-0.332555473,-0.227452338,0.553595781,-0.82575953,0,-0.0533790924,-0.538130045,0.778246939,-1.1134119,-1.06754243,1.00005245,0.376805425,-0.0942896381,-0.0425597429,-0.404258102,0.592610121,-0.676199675,-1.79787278,-0.301498413,0.894758165,-0.208661944,-0.0282166321,-0.296499252,-0.712489545,0.668684006,0.865321517,1.41387439,0.482099682,-0.199069589,8
0,-0.32890445,-0.684941351,0.0340020917,0.524410903,-0.297669798,-0.407344818,-0.114585042,-0.0596355125,-0.623986244,0.849991679,0.00537951011,0.155584782,0.804528654,-0.517234027,-0.125630632,-0.0399202406,0.407085121,1.08618891,-0.509358644,-0.992467821,0.989323914,1.32595754,-0.110526666,0,0.504605114,0.470731825,-1.52425253,-1.63016486,0.0723577365,1.52831924,-0.0489115976,0,1.05478585,0.194582611,-1.44643283,-1.75093865,-0.645294011,1.47129107,0,-0.0533790924,0.491442949,0.778246939,-0.959394217,-1.22754025,0.645549893,1.08338594,-0.0942896381,-0.0425597429,-0.404258102,0.0629270747,0.472425967,-0.0902634487,1.17954874,-0.13595207,-0.208661944,-0.0282166321,-0.296499252,-1.10641932,-0.490036398,0.251374692,-0.618224859,-0.498878568,-0.199069589,0
0,-0.32890445,1.41089916,0.98909992,0.757503033,0.0571627617,-0.407344818,-0.114585042,-0.0596355125,-0.623986244,0.849991679,0.00537951011,-0.677514553,1.13404715,-0.232199743,-0.125630632,-0.0399202406,-0.4359231,0.909879565,1.37276375,-0.0213738531,1.3111614,0.700073719,-0.110526666,0,-0.467236519,0.470731825,1.21262515,0.969825268,1.08295405,-0.361727297,-0.0489115976,0,-0.682535589,-1.22470379,-0.809931457,-0.0581760854,0.724865794,-0.82575953,0,-0.0533790924,-0.538130045,-1.0675199,-1.1134119,-1.06754243,1.17730367,-0.0942482054,-0.0942896381,-0.0425597429,-0.404258102,-0.819878042,-1.82482529,-1.41840398,1.17954874,0.482474059,-0.208661944,-0.0282166321,-0.296499252,1.45412421,0.900428057,0.865321517,1.41387439,-0.253634006,-0.199069589,9
0,-0.32890445,-1.10410953,0.272776544,-0.641049683,-1.00733483,-0.407344818,-0.114585042,-0.0596355125,-0.623986244,-1.90940797,0.50627166,0.988684118,-1.17258275,-0.517234027,-0.125630632,-0.0399202406,-0.716925859,-1.73476028,1.03055966,1.43526709,-1.26353872,-0.551693916,-0.110526666,0,-0.79118371,-1.47728431,0.357350856,0.969825268,-1.27510405,-0.631733954,-0.0489115976,0,-0.682535589,-1.22470379,0.144820511,0.957481444,-1.15910399,-0.82575953,0,-0.0533790924,-0.538130045,-1.0675199,1.04283583,1.33242333,-1.30421388,-0.800828636,-0.0942896381,-0.0425597429,-0.404258102,-1.3495611,1.04673874,1.23787713,-1.28886318,-0.7543782,-0.208661944,-0.0282166321,-0.296499252,-1.10641932,-0.0265482478,0.660672605,-1.12624967,-0.498878568,-0.199069589,1
0,-0.32890445,-0.265773267,0.0340020917,-0.407957584,-0.829918623,-0.407344818,-0.114585042,-0.0596355125,0.31423232,1.03395164,0.255825579,0.988684118,0.310250789,-0.517234027,-0.125630632,-0.0399202406,0.688087881,1.08618891,-0.851562738,-0.992467821,0.989323914,0.38713181,-0.110526666,0,1.80039394,0.633066535,-1.52425253,-1.63016486,0.409223169,1.52831924,-0.0489115976,0,1.63389289,0.667678058,-1.44643283,-1.75093865,-0.131484106,1.47129107,0,-0.0533790924,2.20739794,1.0858748,-1.1134119,-1.22754025,0.468298674,1.08338594,-0.0942896381,-0.0425597429,1.25999665,1.47541523,0.855301201,0.668674052,1.17954874,-0.342094123,-0.208661944,-0.0282166321,-0.296499252,0.469299793,0.900428057,0.251374692,-0.279541612,-0.498878568,-0.199069589,0
0,1.84134698,0.991731048,0.511551023,0.990595162,1.12166035,-0.407344818,-0.114585042,-0.0596355125,2.50340891,0.298111767,-1.24685085,-0.0526900552,0.639769375,-0.517234027,-0.125630632,-0.0399202406,-0.716925859,-1.73476028,-1.19376683,0.949720144,0.345648885,-0.551693916,-0.110526666,0,-0.79118371,-1.47728431,-1.01108789,0.969825268,-0.769805908,-0.631733954,-0.0489115976,0,-0.682535589,-1.22470379,0.622196496,-0.0581760854,-1.5016439,-0.82575953,0,-0.0533790924,-0.538130045,-0.298450351,1.35087121,-1.06754243,-1.4814651,-0.800828636,-0.0942896381,-0.0425597429,-0.404258102,1.12229323,1.04673874,0.478939652,1.17954874,1.30704224,-0.208661944,-0.0282166321,0.768356621,2.04501891,0.205195829,-0.567221105,-0.618224859,-0.498878568,-0.199069589,2
0,-0.32890445,-0.894525409,0.750325441,0.757503033,-0.652502358,-0.407344818,-0.114585042,-0.0596355125,-0.623986244,-1.35752809,0.00537951011,1.1969589,-0.348786354,-0.517234027,-0.125630632,-0.0399202406,-0.716925859,-1.73476028,-0.509358644,1.43526709,-0.619863689,-0.551693916,-0.110526666,0,-0.79118371,-0.99028033,-0.155813694,0.969825268,-0.601373136,-0.631733954,-0.0489115976,0,2.21300006,1.29847205,1.09957254,0.957481444,1.23867571,1.47129107,0,-0.0533790924,2.20739794,0.624433041,1.04283583,1.01242793,-0.595208883,-0.565301836,-0.0942896381,-0.0425597429,-0.404258102,-1.3495611,1.04673874,-0.659466565,-1.45342398,-0.7543782,-0.208661944,-0.0282166321,-0.296499252,-0.909454465,0.668684006,-1.99976373,-1.12624967,-0.498878568,-0.199069589,7
0,-0.32890445,-0.894525409,-0.443546832,0.291318804,1.12166035,1.11023796,-0.114585042,-0.0596355125,-0.623986244,0.482071757,0.255825579,-1.30233908,-0.678304911,2.90317702,-0.125630632,-0.0399202406,0.126082376,1.08618891,0.00394746149,-0.506920815,0.66748637,1.32595754,-0.110526666,0,-0.143289298,0.957735896,1.21262515,0.8073259,-0.432940423,-0.631733954,-0.0489115976,0,-0.682535589,-1.06700528,-0.0143048232,0.957481444,-1.5016439,-0.82575953,0,-0.0533790924,-0.538130045,-1.0675199,-0.80537653,1.17242563,-1.4814651,-0.800828636,-0.0942896381,-0.0425597429,-0.404258102,-1.3495611,0.280988365,-0.659466565,-1.45342398,-0.7543782,-0.208661944,-0.0282166321,-0.296499252,-1.10641932,0.668684006,-2.40906167,-1.12624967,-0.498878568,-0.199069589,9
0,-0.32890445,-1.10410953,-1.15987015,0.291318804,-0.652502358,-0.407344818,-0.114585042,-0.0596355125,-0.623986244,-1.90940797,0.50627166,0.780409276,-1.00782347,-0.517234027,-0.125630632,-0.0399202406,-0.716925859,-0.853213727,1.5438658,-0.506920815,-1.26353872,-0.551693916,-0.110526666,0,-0.467236519,0.308397144,1.21262515,-0.980167329,-1.27510405,-0.631733954,-0.0489115976,0,0.765232265,1.29847205,1.09957254,0.788205206,0.553595781,-0.82575953,0,-0.0533790924,-0.538130045,0.316805243,1.35087121,-1.06754243,0.822801173,0.847859085,-0.0942896381,-0.0425597429,-0.404258102,-0.643316984,1.23817647,-0.659466565,1.01498795,0.276332021,-0.208661944,-0.0282166321,-0.296499252,-1.10641932,-1.41701269,0.456023633,1.24453282,-0.253634006,-0.199069589,6
0,-0.32890445,1.83006728,0.0340020917,0.0582266748,1.12166035,1.41375458,-0.114585042,-0.0596355125,0.00149279006,0.849991679,-0.996404767,-0.469239712,-0.0192677919,0.622903049,-0.125630632,-0.0399202406,0.688087881,0.380951583,-1.19376683,-1.15431678,-1.26353872,-0.551693916,-0.110526666,0,1.80039394,1.12007058,0.528405726,0.157328367,-0.0960749909,-0.631733954,-0.0489115976,0,-0.392982006,-0.5939098,-0.809931457,-0.227452338,1.0674057,1.18415976,0,-0.0533790924,-0.538130045,-1.0675199,-1.1134119,-1.22754025,-0.0634551048,1.08338594,-0.0942896381,-0.0425597429,0.150493473,0.592610121,-1.05907488,-0.849200904,0.850427151,0.688616097,-0.208661944,-0.0282166321,-0.296499252,1.25715935,0.900428057,0.865321517,0.228483185,-0.253634006,-0.199069589,5
0,-0.32890445,-1.10410953,0.0340020917,0.757503033,-0.829918623,-0.407344818,-0.114585042,-0.0596355125,-0.623986244,-1.17356813,1.00716376,0.572134435,-1.17258275,-0.517234027,-0.125630632,-0.0399202406,-0.4359231,0.733570218,1.37276375,-0.830618858,-1.26353872,-0.551693916,-0.110526666,0,0.504605114,1.12007058,1.04157031,-0.00517102238,-0.0960749909,-0.631733954,-0.0489115976,0,1.34433937,1.29847205,1.09957254,0.280376405,1.23867571,0.897028387,0,-0.0533790924,0.491442949,1.39350259,0.888818085,-1.22754025,1.35455489,2.02549314,-0.0942896381,-0.0425597429,-0.404258102,0.592610121,1.23817647,0.668674052,1.17954874,1.71932638,-0.208661944,-0.0282166321,-0.296499252,-0.909454465,-0.721780479,0.251374692,0.905849576,0.482099682,-0.199069589,6
0,-0.32890445,-0.894525409,0.0340020917,0.0582266748,-0.475086063,-0.407344818,-0.114585042,-0.0596355125,-0.623986244,-0.253768176,0.255825579,-1.09406424,0.969287932,-0.517234027,-0.125630632,-0.0399202406,-0.716925859,0.909879565,-0.680460691,-1.15431678,0.345648885,0.0741898865,-0.110526666,0,0.180657908,1.12007058,-0.840033114,-1.63016486,0.240790457,0.448292673,-0.0489115976,0,0.475678682,0.82537657,-1.44643283,-1.75093865,0.0397858657,-0.251496881,0,-0.0533790924,0.491442949,0.932060838,-1.1134119,-1.06754243,1.17730367,-0.800828636,-0.0942896381,-0.0425597429,-0.404258102,0.945732176,-0.676199675,-0.279997826,0.0276231728,-0.7543782,-0.208661944,-0.0282166321,-0.296499252,-0.712489545,0.436939895,0.0467257351,-0.787566423,-0.498878568,-0.199069589,0
0,-0.32890445,-1.10410953,-2.5925169,0.291318804,-0.829918623,-0.407344818,-0.114585042,-0.0596355125,-0.623986244,-1.72544801,0.50627166,0.988684118,-1.33734202,-0.517234027,-0.125630632,-0.0399202406,-0.716925859,-1.20583236,1.5438658,-0.183222845,-1.26353872,-0.551693916,-0.110526666,0,-0.79118371,-0.503276289,0.528405726,-1.63016486,-1.27510405,-0.631733954,-0.0489115976,0,-0.682535589,0.194582611,0.781321824,-0.0581760854,-0.987833977,-0.82575953,0,-0.0533790924,-0.538130045,0.162991345,1.35087121,1.33242333,1.35455489,-0.565301836,-0.0942896381,-0.0425597429,-0.404258102,0.0629270747,1.23817647,1.04814279,1.17954874,0.276332021,-0.208661944,-0.0282166321,-0.296499252,-1.10641932,-2.34398913,-0.157923222,0.736508012,-0.253634006,-0.199069589,6
0,-0.32890445,1.20131516,-0.443546832,0.0582266748,-0.297669798,-0.407344818,-0.114585042,-0.0596355125,-0.623986244,0.298111767,0.255825579,-0.2609649,1.29880655,-0.232199743,-0.125630632,-0.0399202406,-0.716925859,-0.500595033,1.03055966,0.62602216,1.3111614,-0.551693916,-0.110526666,0,-0.79118371,-1.31494963,1.21262515,0.644826531,-0.601373136,-0.631733954,-0.0489115976,0,-0.682535589,0.352281094,1.09957254,0.449652672,-1.5016439,-0.82575953,0,-0.0533790924,-0.538130045,1.0858748,-0.0352880657,0.692432463,-0.240706354,-0.800828636,-0.0942896381,-0.0425597429,1.81474817,1.12229323,-1.05907488,0.478939652,0.685866356,-0.7543782,-0.208661944,-0.0282166321,0.768356621,1.06019449,0.436939895,0.0467257351,-0.448883235,-0.498878568,-0.199069589,8
0,-0.32890445,-0.265773267,0.750325441,0.291318804,-0.652502358,-0.407344818,-0.114585042,-0.0596355125,0.626971841,1.03395164,0.756717741,-0.677514553,0.475010067,-0.517234027,-0.125630632,-0.0399202406,1.5310961,0.733570218,1.20166171,-1.15431678,0.989323914,0.0741898865,-0.110526666,0,1.47644675,-0.0162722114,0.528405726,-0.980167329,0.0723577365,1.25831258,-0.0489115976,0,1.05478585,0.509979606,-1.44643283,-1.75093865,-0.302754074,1.75842237,0,-0.0533790924,0.148251966,1.23968863,-0.959394217,-1.22754025,0.291047394,1.08338594,-0.0942896381,-0.0425597429,-0.404258102,0.592610121,-0.293324441,-1.0389353,1.01498795,0.0701899752,-0.208661944,-0.0282166321,-0.296499252,-0.712489545,0.436939895,0.865321517,0.567166388,-0.498878568,-0.199069589,0
0,-0.32890445,-1.10410953,-2.83129144,-1.34032607,1.65390921,0.1996883,-0.114585042,-0.0596355125,-0.623986244,-1.90940797,-1.74774301,1.1969589,1.29880655,0.0528345145,-0.125630632,-0.0399202406,-0.716925859,-1.02952302,1.5438658,0.787871122,1.3111614,-0.551693916,-0.110526666,0,0.504605114,0.957735896,-0.497923404,-0.492669165,0.914521337,-0.631733954,-0.0489115976,0,2.5025537,1.14077353,0.940447152,0.957481444,1.23867571,1.75842237,0,-0.0533790924,2.55058908,0.932060838,0.734800398,0.852430165,1.00005245,-0.0942482054,-0.0942896381,-0.0425597429,-0.404258102,-1.3495611,-1.82482529,-0.0902634487,-0.136937618,-0.7543782,-0.208661944,-0.0282166321,-0.296499252,-1.10641932,-2.80747724,-0.771870077,0.228483185,-0.498878568,-0.199069589,4
0,-0.32890445,-0.684941351,0.750325441,-1.34032607,-1.00733483,-0.407344818,-0.114585042,-0.0596355125,-0.623986244,-0.0698082,0.50627166,-2.13543844,-0.513545632,-0.517234027,-0.125630632,-0.0399202406,-0.716925859,0.557260871,0.346151531,0.302324146,1.3111614,0.38713181,-0.110526666,0,1.15249956,0.957735896,-0.497923404,0.969825268,-0.769805908,-0.631733954,-0.0489115976,0,1.92344654,0.82537657,0.463071167,0.788205206,0.553595781,1.47129107,0,-0.0533790924,2.55058908,1.39350259,1.35087121,1.01242793,-0.240706354,-0.329775035,-0.0942896381,-0.0425597429,0.150493473,-0.113633938,1.23817647,-0.469732195,-1.45342398,-0.7543782,-0.208661944,-0.0282166321,-0.296499252,-0.712489545,0.900428057,-0.976518989,-1.12624967,-0.498878568,-0.199069589,4
0,-0.32890445,0.78214699,0.272776544,0.990595162,1.83132553,0.806721449,-0.114585042,-0.0596355125,0.00149279006,0.298111767,-1.74774301,-1.30233908,0.969287932,0.622903049,-0.125630632,-0.0399202406,-0.716925859,-1.73476028,-1.19376683,-0.345071852,0.828405142,-0.551693916,-0.110526666,0,-0.79118371,-1.47728431,-1.01108789,0.482327133,0.746088624,0.718299329,-0.0489115976,0,-0.682535589,-1.22470379,0.622196496,0.618928909,0.553595781,1.47129107,0,-0.0533790924,-0.538130045,-1.0675199,0.888818085,-0.267553866,-1.4814651,-0.800828636,-0.0942896381,-0.0425597429,-0.404258102,-0.643316984,0.855301201,-1.60813844,-1.45342398,-0.7543782,-0.208661944,-0.0282166321,-0.296499252,1.65108919,-1.18526864,-2.40906167,-1.12624967,-0.498878568,-0.199069589,7
0,-0.32890445,-1.10410953,-0.443546832,0.990595162,0.234579042,-0.407344818,-0.114585042,-0.0596355125,-0.623986244,-1.54148805,0.756717741,-1.30233908,0.969287932,0.0528345145,-0.125630632,-0.0399202406,-0.716925859,-1.73476028,1.03055966,0.140475139,1.3111614,-0.551693916,-0.110526666,0,-0.79118371,-1.47728431,0.186296016,0.969825268,1.08295405,-0.361727297,-0.0489115976,0,-0.682535589,0.0368841328,1.09957254,0.957481444,-0.302754074,-0.82575953,0,-0.0533790924,-0.194939047,1.23968863,-0.189305753,0.0524415746,0.645549893,-0.800828636,-0.0942896381,-0.0425597429,0.150493473,0.945732176,-0.867637277,0.478939652,0.0276231728,-0.7543782,-0.208661944,-0.0282166321,-0.296499252,-0.909454465,-0.258292317,0.660672605,-0.110200025,-0.498878568,-0.199069589,8
0,-0.32890445,-0.684941351,0.0340020917,0.0582266748,-1.00733483,-0.407344818,-0.114585042,-0.0596355125,-0.623986244,-0.621688128,1.00716376,0.988684118,0.145491496,-0.232199743,-0.125630632,-0.0399202406,-0.716925859,-0.67690438,1.20166171,0.949720144,1.15024269,0.38713181,-0.110526666,0,-0.79118371,-1.31494963,1.21262515,0.969825268,-0.601373136,-0.631733954,-0.0489115976,0,-0.682535589,-0.120814353,1.09957254,0.618928909,-1.5016439,-0.82575953,0,-0.0533790924,-0.194939047,1.23968863,0.272747338,1.33242333,-0.595208883,-0.800828636,-0.0942896381,-0.0425597429,0.705245078,0.945732176,0.663863599,1.23787713,0.192183971,-0.7543782,-0.208661944,-0.0282166321,-0.296499252,-0.909454465,-0.258292317,0.0467257351,-0.279541612,-0.498878568,-0.199069589,8
0,-0.32890445,0.153394848,0.98909992,0.757503033,-0.120253511,-0.407344818,-0.114585042,-0.0596355125,-0.623986244,-1.54148805,0.255825579,0.780409276,0.804528654,-0.517234027,-0.125630632,-0.0399202406,-0.716925859,-1.73476028,-0.851562738,1.11156917,0.989323914,-0.238752022,-0.110526666,0,-0.79118371,-1.47728431,-1.01108789,0.969825268,0.409223169,-0.631733954,-0.0489115976,0,-0.682535589,-1.22470379,-1.44643283,0.618928909,0.211055845,-0.82575953,0,-0.0533790924,-0.538130045,-1.0675199,-1.1134119,0.37243703,1.00005245,-0.800828636,-0.0942896381,-0.0425597429,-0.404258102,0.0629270747,-0.484762043,0.478939652,1.17954874,-0.7543782,-0.208661944,-0.0282166321,-0.296499252,0.0753700212,0.900428057,0.865321517,0.905849576,-0.253634006,-0.199069589,3
0,-0.32890445,0.362978905,-0.921095729,0.0582266748,0.0571627617,-0.407344818,-0.114585042,-0.0596355125,-0.311246723,0.666031718,-0.245066568,0.363859624,1.13404715,-0.517234027,-0.125630632,-0.0399202406,0.126082376,0.909879565,-1.19376683,-1.15431678,0.345648885,1.01301563,-0.110526666,0,0.504605114,-0.0162722114,-1.52425253,-1.63016486,0.0723577365,0.448292673,-0.0489115976,0,1.63389289,0.0368841328,-1.44643283,-1.75093865,0.724865794,-0.82575953,0,-0.0533790924,1.86420691,0.316805243,-1.1134119,0.212439299,0.468298674,-0.800828636,-0.0942896381,-0.0425597429,0.705245078,1.12229323,0.0895507634,0.858408391,-0.630620003,-0.7543782,-0.208661944,-0.0282166321,-0.296499252,0.666264713,0.668684006,-1.18116796,-1.12624967,-0.498878568,-0.199069589,0
0,-0.32890445,-0.684941351,0.98909992,-1.57341826,-1.00733483,-0.407344818,-0.114585042,-0.0596355125,-0.623986244,-1.17356813,1.00716376,-0.0526900552,-1.33734202,-0.517234027,-0.125630632,-0.0399202406,-0.716925859,-0.853213727,1.5438658,-0.0213738531,-1.26353872,-0.551693916,-0.110526666,0,-0.79118371,-0.178606898,1.21262515,-0.167670414,-1.27510405,-0.631733954,-0.0489115976,0,-0.682535589,1.14077353,1.09957254,0.618928909,-1.15910399,-0.82575953,0,-0.0533790924,-0.538130045,0.00917744078,0.118729629,1.01242793,0.291047394,-0.800828636,-0.0942896381,-0.0425597429,-0.404258102,0.769171178,1.04673874,0.858408391,1.17954874,2.13161039,8.53427315,-0.0282166321,-0.296499252,-0.712489545,-0.490036398,0.251374692,1.58321595,1.95356703,1.32672596,1
0,0.756221235,1.62048328,0.98909992,0.990595162,0.944244146,-0.407344818,-0.114585042,-0.0596355125,2.50340891,1.03395164,-1.24685085,-2.13543844,-1.33734202,-0.517234027,-0.125630632,-0.0399202406,0.688087881,0.909879565,-0.509358644,-1.15431678,-1.26353872,-0.551693916,-0.110526666,0,-0.143289298,1.12007058,0.870515406,-0.817667961,-1.27510405,-0.631733954,-0.0489115976,0,0.186125115,1.14077353,1.09957254,0.957481444,-0.987833977,-0.82575953,0,-0.0533790924,-0.538130045,-0.913705945,-1.1134119,0.532434762,0.468298674,-0.800828636,-0.0942896381,-0.0425597429,-0.404258102,-1.1730001,-0.867637277,1.04814279,0.0276231728,-0.7543782,-0.208661944,-0.0282166321,-0.296499252,1.45412421,0.900428057,0.251374692,-0.956908047,-0.498878568,-0.199069589,5
0,5.09672403,2.24923539,0.750325441,-1.57341826,-1.00733483,-0.407344818,-0.114585042,-0.0596355125,0.00149279006,0.298111767,0.756717741,1.1969589,-1.33734202,-0.517234027,-0.125630632,-0.0399202406,-0.716925859,-1.73476028,1.20166171,1.11156917,-0.941701174,-0.551693916,-0.110526666,0,-0.79118371,-1.15261495,1.21262515,-0.167670414,-1.27510405,-0.631733954,-0.0489115976,0,-0.682535589,0.509979606,1.09957254,-1.41238606,-1.5016439,-0.82575953,0,-0.0533790924,0.834633946,1.39350259,0.118729629,-1.22754025,-1.4814651,-0.800828636,-0.0942896381,-0.0425597429,6.80751228,1.47541523,0.280988365,-0.279997826,-0.136937618,-0.13595207,-0.208661944,-0.0282166321,6.09263611,2.04501891,0.900428057,0.865321517,1.58321595,1.2178334,-0.199069589,2
0,-0.32890445,-1.10410953,-0.921095729,-0.407957584,1.476493,0.503204882,-0.114585042,-0.0596355125,-0.311246723,0.482071757,0.255825579,-0.2609649,0.639769375,1.76304007,-0.125630632,-0.0399202406,0.969090581,1.08618891,0.175049499,0.140475139,1.3111614,0.700073719,-0.110526666,0,0.828552306,1.12007058,1.21262515,0.969825268,0.240790457,-0.631733954,-0.0489115976,0,-0.682535589,-0.436211318,-0.17343016,0.618928909,0.553595781,-0.82575953,0,-0.0533790924,-0.538130045,-1.0675199,-0.651358843,1.33242333,-0.595208883,-0.800828636,-0.0942896381,-0.0425597429,-0.404258102,-1.3495611,1.04673874,-0.279997826,-1.45342398,-0.7543782,-0.208661944,-0.0282166321,-0.296499252,-0.909454465,-0.0265482478,-1.99976373,-1.12624967,-0.498878568,-0.199069589,9
0,-0.32890445,1.20131516,0.0340020917,-2.73887897,-1.00733483,-0.407344818,-0.114585042,-0.0596355125,1.56519043,1.03395164,1.00716376,-1.09406424,-1.33734202,-0.517234027,-0.125630632,-0.0399202406,0.688087881,0.557260871,1.5438658,0.140475139,-1.26353872,-0.551693916,-0.110526666,0,-0.79118371,-1.31494963,1.21262515,-0.330169797,-1.27510405,-0.631733954,-0.0489115976,0,-0.682535589,-0.120814353,1.09957254,-0.904557347,-1.5016439,-0.82575953,0,-0.0533790924,-0.538130045,0.316805243,1.19685352,-1.06754243,-1.4814651,-0.800828636,-0.0942896381,-0.0425597429,-0.404258102,1.47541523,1.04673874,-0.0902634487,-0.301498413,-0.342094123,-0.208661944,-0.0282166321,-0.296499252,1.25715935,0.436939895,0.251374692,0.905849576,0.727344275,-0.199069589,2
0,0.756221235,0.991731048,0.98909992,-2.03960252,-1.00733483,-0.407344818,-0.114585042,-0.0596355125,0.939711332,1.03395164,0.50627166,-0.469239712,-1.33734202,-0.517234027,-0.125630632,-0.0399202406,2.0931015,0.204642251,0.175049499,0.787871122,-1.26353872,-0.551693916,-0.110526666,0,-0.467236519,-1.31494963,-0.155813694,0.319827735,-1.27510405,-0.631733954,-0.0489115976,0,-0.682535589,-1.22470379,0.463071167,-0.396728605,-1.5016439,-0.82575953,0,-0.0533790924,-0.538130045,-0.759892046,1.19685352,-0.427551597,-1.30421388,-0.329775035,-0.0942896381,-0.0425597429,-0.404258102,0.416049123,1.23817647,0.858408391,0.850427151,1.71932638,-0.208661944,-0.0282166321,-0.296499252,1.65108919,0.900428057,0.865321517,1.07519114,1.2178334,-0.199069589,2
0,-0.32890445,1.20131516,-0.921095729,-1.80651033,1.29907668,4.44892025,2.70959926,-0.0596355125,0.00149279006,1.03395164,1.00716376,1.1969589,0.969287932,2.04807425,0.978688955,-0.0399202406,0.407085121,0.557260871,-0.16715458,1.43526709,-0.619863689,-0.551693916,-0.110526666,0,-0.79118371,-1.15261495,1.04157031,-0.00517102238,-1.27510405,-0.631733954,-0.0489115976,0,0.765232265,0.82537657,1.09957254,0.618928909,0.553595781,-0.251496881,0,-0.0533790924,2.20739794,1.23968863,1.19685352,0.692432463,0.645549893,-0.329775035,-0.0942896381,-0.0425597429,-0.404258102,1.29885423,-0.101886839,-1.79787278,-1.45342398,-0.7543782,-0.208661944,-0.0282166321,-0.296499252,2.04501891,-1.18526864,-2.40906167,-1.12624967,-0.498878568,-0.199069589,7
0,-0.32890445,0.153394848,0.750325441,0.990595162,-0.475086063,-0.407344818,-0.114585042,-0.0596355125,0.31423232,1.03395164,0.00537951011,0.988684118,-0.0192677919,-0.517234027,-0.125630632,-0.0399202406,-0.716925859,-1.02952302,-1.19376683,1.11156917,-0.298026145,-0.551693916,-0.110526666,0,-0.79118371,-1.47728431,-1.18214285,0.969825268,-0.264507711,-0.0917206332,-0.0489115976,0,-0.682535589,-0.5939098,0.781321824,0.957481444,1.23867571,1.47129107,0,-0.0533790924,-0.538130045,1.23968863,1.35087121,-0.107556142,-1.4814651,-0.800828636,-0.0942896381,-0.0425597429,-0.404258102,-0.290194958,1.23817647,-1.79787278,-1.45342398,-0.7543782,-0.208661944,-0.0282166321,-0.296499252,0.272334903,-0.721780479,-2.40906167,-1.12624967,-0.498878568,-0.199069589,7
0,-0.32890445,-0.265773267,0.98909992,-2.50578666,-1.00733483,-0.407344818,-0.114585042,-0.0596355125,-0.623986244,0.298111767,0.255825579,-2.13543844,-1.17258275,-0.232199743,-0.125630632,-0.0399202406,0.126082376,1.08618891,0.175049499,-0.345071852,1.3111614,1.32595754,-0.110526666,0,2.12434125,1.12007058,-0.497923404,0.644826531,1.41981947,-0.0917206332,-0.0489115976,0,2.5025537,1.29847205,1.09957254,0.957481444,0.0397858657,-0.82575953,0,-0.0533790924,-0.538130045,0.470619142,1.19685352,1.17242563,-1.12696266,-0.800828636,-0.0942896381,-0.0425597429,-0.404258102,-0.819878042,1.23817647,-0.0902634487,-1.45342398,-0.7543782,-0.208661944,-0.0282166321,-0.296499252,-0.121594876,0.900428057,-1.79511487,-1.12624967,-0.498878568,-0.199069589,4
0,-0.32890445,-0.0561892018,0.272776544,0.990595162,1.476493,-0.407344818,-0.114585042,-0.0596355125,-0.311246723,0.666031718,-0.996404767,-1.09406424,1.29880655,0.0528345145,-0.125630632,-0.0399202406,-0.716925859,-1.55845106,-1.19376683,-0.830618858,1.15024269,0.0741898865,-0.110526666,0,-0.79118371,-1.47728431,-1.18214285,-0.330169797,1.25138676,0.178286016,-0.0489115976,0,-0.682535589,-1.22470379,0.940447152,0.957481444,0.724865794,1.47129107,0,-0.0533790924,-0.538130045,-1.0675199,-0.189305753,1.01242793,-1.4814651,-0.800828636,-0.0942896381,-0.0425597429,-0.404258102,-1.3495611,0.663863599,-0.469732195,-1.45342398,-0.7543782,-0.208661944,-0.0282166321,-0.296499252,0.272334903,0.436939895,-2.40906167,-1.12624967,-0.498878568,-0.199069589,7
0,-0.32890445,-1.10410953,-0.921095729,0.524410903,-1.00733483,-0.407344818,-0.114585042,-0.0596355125,-0.623986244,-0.989608109,1.00716376,-0.677514553,-1.17258275,2.04807425,3.1873281,-0.0399202406,-0.154920369,0.909879565,0.859457612,-1.15431678,0.828405142,4.45537663,8.57272434,0,2.12434125,1.12007058,0.186296016,-0.00517102238,1.41981947,2.33833909,-0.0489115976,0,0.475678682,1.14077353,1.09957254,0.957481444,0.896135747,-0.538628221,0,-0.0533790924,-0.538130045,-1.0675199,-0.959394217,1.17242563,0.113796152,-0.800828636,-0.0942896381,-0.0425597429,-0.404258102,-1.3495611,-0.867637277,1.23787713,-0.959741592,-0.7543782,-0.208661944,-0.0282166321,-0.296499252,-1.10641932,-0.258292317,0.456023633,-1.12624967,-0.498878568,-0.199069589,4
0,-0.32890445,-0.475357324,0.98909992,0.0582266748,-0.829918623,-0.407344818,-0.114585042,-0.0596355125,-0.623986244,-1.35752809,1.00716376,1.1969589,-0.513545632,-0.517234027,-0.125630632,-0.0399202406,-0.716925859,-1.38214171,1.5438658,1.43526709,-0.458944917,-0.551693916,-0.110526666,0,-0.79118371,-1.47728431,1.21262515,0.969825268,-0.432940423,-0.631733954,-0.0489115976,0,-0.682535589,-0.5939098,1.09957254,0.957481444,-1.15910399,-0.82575953,0,-0.0533790924,-0.538130045,-0.452264249,1.35087121,1.01242793,-1.4814651,-0.800828636,-0.0942896381,-0.0425597429,-0.404258102,-0.290194958,1.23817647,0.858408391,-1.45342398,-0.7543782,-0.208661944,-0.0282166321,-0.296499252,-0.712489545,0.900428057,0.456023633,-1.12624967,-0.498878568,-0.199069589,1
0,-0.32890445,-1.10410953,-0.68232125,0.0582266748,-1.00733483,-0.407344818,-0.114585042,-0.0596355125,-0.623986244,-1.17356813,1.00716376,-1.09406424,-1.33734202,-0.232199743,-0.125630632,-0.0399202406,-0.154920369,0.733570218,0.346151531,-1.15431678,-0.458944917,4.1424346,2.06028628,0,1.80039394,1.12007058,0.0152411638,0.319827735,1.41981947,1.7983259,-0.0489115976,0,0.765232265,1.29847205,0.622196496,0.449652672,0.724865794,-0.82575953,0,-0.0533790924,-0.538130045,-1.0675199,-0.959394217,1.17242563,-0.240706354,-0.800828636,-0.0942896381,-0.0425597429,-0.404258102,-1.3495611,-1.05907488,1.23787713,-1.28886318,-0.7543782,-0.208661944,-0.0282166321,-0.296499252,-1.10641932,-0.0265482478,0.0467257351,-1.12624967,-0.498878568,-0.199069589,4
0,-0.32890445,-1.10410953,-2.5925169,0.757503033,1.12166035,-0.407344818,-0.114585042,-0.0596355125,-0.623986244,-1.90940797,0.00537951011,1.1969589,0.804528654,-0.517234027,-0.125630632,-0.0399202406,-0.716925859,0.204642251,1.5438658,1.43526709,0.828405142,-0.551693916,-0.110526666,0,2.77223563,1.12007058,0.357350856,0.482327133,0.914521337,-0.631733954,-0.0489115976,0,0.186125115,-0.120814353,-1.44643283,0.280376405,0.896135747,-0.82575953,0,-0.0533790924,-0.538130045,-1.0675199,-1.1134119,0.532434762,0.822801173,-0.800828636,-0.0942896381,-0.0425597429,-0.404258102,-1.3495611,-1.82482529,1.04814279,0.685866356,-0.7543782,-0.208661944,-0.0282166321,-0.296499252,-1.10641932,-2.34398913,0.660672605,1.07519114,-0.498878568,-0.199069589,1
0,-0.32890445,-1.10410953,-0.204772368,0.990595162,-0.652502358,-0.407344818,-0.114585042,-0.0596355125,-0.623986244,-0.621688128,1.00716376,-0.469239712,-1.00782347,-0.517234027,-0.125630632,-0.0399202406,-0.716925859,0.909879565,0.00394746149,-1.15431678,-1.26353872,-0.551693916,-0.110526666,0,-0.79118371,1.12007058,-0.840033114,-1.1426667,-1.10667133,-0.631733954,-0.0489115976,0,-0.392982006,1.29847205,1.09957254,0.957481444,1.23867571,0.322765768,0,-0.0533790924,-0.538130045,1.0858748,0.734800398,-0.587549329,-0.417957604,2.02549314,-0.0942896381,-0.0425597429,-0.404258102,0.416049123,1.23817647,-0.849200904,0.192183971,2.33775258,-0.208661944,-0.0282166321,-0.296499252,-0.712489545,-0.258292317,0.865321517,0.905849576,1.4630779,-0.199069589,6
0,-0.32890445,-0.0561892018,-0.204772368,-0.874141812,0.234579042,-0.407344818,-0.114585042,-0.0596355125,0.31423232,1.03395164,-0.245066568,-0.2609649,1.29880655,0.622903049,-0.125630632,-0.0399202406,-0.716925859,0.733570218,-0.680460691,-0.0213738531,1.15024269,-0.551693916,-0.110526666,0,-0.79118371,-0.665610969,1.04157031,0.8073259,-0.769805908,-0.631733954,-0.0489115976,0,-0.682535589,0.352281094,0.940447152,0.618928909,-1.33037388,-0.82575953,0,-0.0533790924,0.834633946,0.932060838,-1.1134119,0.212439299,-0.240706354,-0.800828636,-0.0942896381,-0.0425597429,1.25999665,0.592610121,-0.867637277,0.668674052,-0.301498413,-0.7543782,-0.208661944,-0.0282166321,-0.296499252,0.0753700212,-0.490036398,-1.18116796,-1.12624967,-0.498878568,-0.199069589,8
0,-0.32890445,0.78214699,0.98909992,0.990595162,0.589411557,-0.407344818,-0.114585042,-0.0596355125,0.939711332,1.03395164,0.50627166,0.988684118,1.29880655,-0.232199743,-0.125630632,-0.0399202406,-0.154920369,0.204642251,-1.02266479,0.464173138,1.15024269,-0.551693916,-0.110526666,0,-0.79118371,-1.47728431,-1.35319769,0.8073259,0.0723577365,-0.631733954,-0.0489115976,0,-0.682535589,-1.22470379,-0.17343016,0.788205206,-1.33037388,-0.82575953,0,-0.0533790924,-0.538130045,-0.144636467,1.35087121,-0.107556142,-0.0634551048,0.847859085,-0.0942896381,-0.0425597429,-0.404258102,0.239488095,1.23817647,1.04814279,0.850427151,-0.342094123,-0.208661944,-0.0282166321,-0.296499252,0.666264713,0.900428057,0.251374692,-0.956908047,-0.498878568,-0.199069589,2
0,0.756221235,1.41089916,0.272776544,0.291318804,-1.00733483,-0.407344818,-0.114585042,-0.0596355125,0.626971841,0.114151776,-1.49729693,-1.51061392,-1.33734202,-0.517234027,-0.125630632,-0.0399202406,1.25009334,0.204642251,0.175049499,-0.183222845,-1.10261989,-0.551693916,-0.110526666,0,0.828552306,0.957735896,0.528405726,0.482327133,0.746088624,-0.631733954,-0.0489115976,0,-0.682535589,-1.22470379,-1.44643283,-1.75093865,0.724865794,0.322765768,0,-0.0533790924,-0.538130045,-1.0675199,-1.1134119,-1.22754025,-0.0634551048,1.08338594,-0.0942896381,-0.0425597429,0.705245078,0.416049123,-0.293324441,-0.469732195,1.01498795,-0.13595207,-0.208661944,-0.0282166321,0.768356621,1.45412421,0.900428057,0.0467257351,-0.279541612,-0.498878568,-0.199069589,5
0,-0.32890445,-0.894525409,0.0340020917,-0.874141812,-1.00733483,-0.407344818,-0.114585042,-0.0596355125,-0.623986244,0.114151776,0.756717741,-1.09406424,-1.33734202,-0.517234027,-0.125630632,-0.0399202406,-0.154920369,1.08618891,-0.338256598,-1.15431678,-1.26353872,-0.551693916,-0.110526666,0,0.828552306,1.12007058,-1.52425253,-1.63016486,-1.27510405,-0.631733954,-0.0489115976,0,0.765232265,0.667678058,-0.17343016,0.618928909,0.896135747,0.0356344357,0,-0.0533790924,0.834633946,1.39350259,1.35087121,0.212439299,0.645549893,1.08338594,-0.0942896381,-0.0425597429,-0.404258102,0.945732176,-0.293324441,-1.79787278,0.356744766,0.894758165,-0.208661944,-0.0282166321,-0.296499252,-0.909454465,0.436939895,0.865321517,0.736508012,-0.253634006,-0.199069589,6
0,-0.32890445,-0.475357324,0.98909992,-0.641049683,-1.00733483,-0.407344818,-0.114585042,-0.0596355125,0.626971841,0.849991679,0.756717741,1.1969589,-0.184027076,-0.517234027,-0.125630632,-0.0399202406,1.5310961,1.08618891,-0.680460691,-0.0213738531,0.66748637,-0.551693916,-0.110526666,0,1.15249956,1.12007058,-1.01108789,-1.63016486,0.914521337,0.178286016,-0.0489115976,0,1.63389289,0.352281094,-1.44643283,-1.75093865,0.553595781,1.47129107,0,-0.0533790924,-0.194939047,1.23968863,-0.80537653,-1.22754025,0.113796152,1.78996634,-0.0942896381,-0.0425597429,-0.404258102,0.945732176,0.855301201,0.0994709209,1.01498795,1.71932638,-0.208661944,-0.0282166321,-0.296499252,-0.515524685,-0.490036398,0.865321517,1.24453282,0.236855134,-0.199069589,0
0,-0.32890445,-0.894525409,0.0340020917,0.524410903,-0.475086063,-0.407344818,-0.114585042,-0.0596355125,-0.311246723,0.482071757,-0.245066568,-0.2609649,0.804528654,-0.517234027,-0.125630632,-0.0399202406,1.25009334,0.204642251,-1.19376683,-0.992467821,1.3111614,0.700073719,-0.110526666,0,1.80039394,-0.503276289,-1.52425253,-1.30516613,1.25138676,-0.631733954,-0.0489115976,0,0.475678682,0.667678058,-1.44643283,-1.75093865,1.0674057,-0.82575953,0,-0.0533790924,-0.538130045,1.23968863,-0.959394217,-1.06754243,1.17730367,-0.800828636,-0.0942896381,-0.0425597429,-0.404258102,-0.113633938,0.0895507634,-0.469732195,0.685866356,-0.7543782,-0.208661944,-0.0282166321,-0.296499252,-0.909454465,0.205195829,0.865321517,0.0591415763,-0.498878568,-0.199069589,0
0,-0.32890445,0.362978905,0.98909992,0.990595162,1.83132553,1.41375458,-0.114585042,-0.0596355125,-0.623986244,0.298111767,0.255825579,-1.09406424,-1.17258275,-0.517234027,-0.125630632,-0.0399202406,-0.716925859,0.909879565,0.00394746149,-0.992467821,-1.26353872,-0.551693916,-0.110526666,0,0.180657908,1.12007058,1.21262515,0.482327133,-1.27510405,-0.631733954,-0.0489115976,0,2.5025537,1.14077353,-0.650806129,0.957481444,-0.816564023,-0.82575953,0,-0.0533790924,1.17782497,-0.606078148,-0.959394217,1.33242333,-0.949711382,-0.800828636,-0.0942896381,-0.0425597429,-0.404258102,-1.3495611,0.280988365,0.478939652,-1.45342398,-0.7543782,-0.208661944,-0.0282166321,-0.296499252,0.272334903,0.668684006,-2.2044127,-1.12624967,-0.498878568,-0.199069589,5
0,-0.32890445,-0.475357324,-0.443546832,0.524410903,-0.475086063,-0.407344818,-0.114585042,-0.0596355125,0.626971841,1.03395164,0.255825579,0.988684118,0.475010067,-0.517234027,-0.125630632,-0.0399202406,1.5310961,0.557260871,-1.02266479,0.949720144,1.3111614,0.0741898865,-0.110526666,0,1.15249956,1.12007058,0.870515406,0.644826531,1.08295405,0.988305986,-0.0489115976,0,-0.682535589,-0.436211318,-0.332555473,-1.58166242,0.382325828,1.47129107,0,-0.0533790924,-0.194939047,0.162991345,-0.959394217,-1.22754025,-0.0634551048,1.08338594,-0.0942896381,-0.0425597429,0.705245078,1.47541523,0.280988365,-0.279997826,0.850427151,0.688616097,-0.208661944,-0.0282166321,-0.296499252,-0.121594876,-0.0265482478,0.456023633,0.397824794,-0.253634006,-0.199069589,9
0,-0.32890445,-1.10410953,-1.6374191,0.757503033,-0.297669798,-0.407344818,-0.114585042,-0.0596355125,-0.623986244,-1.72544801,0.756717741,0.155584782,-1.33734202,-0.517234027,-0.125630632,-0.0399202406,-0.716925859,0.380951583,1.20166171,-0.830618858,-1.26353872,-0.551693916,-0.110526666,0,0.828552306,1.12007058,-0.326868534,-0.492669165,0.409223169,-0.631733954,-0.0489115976,0,2.79210711,1.29847205,1.09957254,0.957481444,0.553595781,-0.82575953,0,-0.0533790924,3.2369709,0.778246939,1.04283583,1.33242333,1.00005245,-0.565301836,-0.0942896381,-0.0425597429,-0.404258102,-1.3495611,-1.82482529,1.23787713,0.0276231728,-0.7543782,-0.208661944,-0.0282166321,-0.296499252,-1.10641932,-1.88050091,0.865321517,-0.110200025,-0.498878568,-0.199069589,4
0,-0.32890445,-0.894525409,-1.39864469,-0.874141812,0.589411557,0.503204882,-0.114585042,-0.0596355125,-0.623986244,0.482071757,0.756717741,0.363859624,0.475010067,1.47800589,-0.125630632,-0.0399202406,-0.716925859,0.557260871,0.688355625,-1.15431678,0.184730127,1.63889945,-0.110526666,0,-0.79118371,-0.665610969,1.04157031,0.8073259,1.25138676,-0.631733954,-0.0489115976,0,-0.682535589,-1.06700528,0.781321824,0.957481444,1.23867571,-0.82575953,0,-0.0533790924,-0.538130045,0.624433041,0.272747338,-1.22754025,1.35455489,-0.565301836,-0.0942896381,-0.0425597429,-0.404258102,0.239488095,0.0895507634,0.0994709209,0.685866356,-0.7543782,-0.208661944,-0.0282166321,-0.296499252,-0.515524685,-0.258292317,-0.567221105,-0.787566423,-0.498878568,-0.199069589,8
0,-0.32890445,-1.10410953,0.511551023,0.291318804,-0.829918623,-0.407344818,-0.114585042,-0.0596355125,-0.623986244,-1.17356813,1.00716376,0.155584782,-1.33734202,-0.517234027,-0.125630632,-0.0399202406,-0.716925859,0.380951583,1.5438658,-0.992467821,-1.26353872,-0.551693916,-0.110526666,0,-0.467236519,0.957735896,1.21262515,0.644826531,-1.10667133,-0.631733954,-0.0489115976,0,0.475678682,1.29847205,0.463071167,-0.396728605,0.553595781,1.18415976,0,-0.0533790924,0.148251966,1.23968863,0.118729629,-1.22754025,-0.0634551048,2.96760058,9.78254986,-0.0425597429,-0.404258102,0.416049123,0.855301201,-0.0902634487,1.01498795,2.33775258,0.762775302,-0.0282166321,-0.296499252,-0.909454465,0.436939895,0.865321517,1.24453282,-0.00838943198,-0.199069589,6
0,-0.32890445,-1.10410953,-1.39864469,0.524410903,-0.475086063,-0.407344818,-0.114585042,-0.0596355125,-0.623986244,-1.54148805,1.00716376,0.155584782,-1.33734202,-0.517234027,-0.125630632,-0.0399202406,-0.716925859,0.204642251,1.37276375,-0.830618858,-1.26353872,-0.551693916,-0.110526666,0,-0.467236519,0.957735896,0.699460566,-1.30516613,-1.27510405,-0.631733954,-0.0489115976,0,0.186125115,1.29847205,1.09957254,0.957481444,-0.302754074,-0.82575953,0,-0.0533790924,0.834633946,1.39350259,1.04283583,0.0524415746,0.822801173,0.847859085,-0.0942896381,-0.0425597429,-0.404258102,0.769171178,1.23817647,-0.849200904,0.521305561,1.30704224,-0.208661944,-0.0282166321,-0.296499252,-1.10641932,-0.95352453,0.456023633,1.07519114,0.727344275,-0.199069589,6
0,-0.32890445,-0.894525409,0.511551023,-0.874141812,-1.00733483,-0.407344818,-0.114585042,-0.0596355125,-0.623986244,-0.437728167,1.00716376,-1.30233908,-1.33734202,-0.517234027,-0.125630632,-0.0399202406,-0.4359231,1.08618891,0.346151531,-1.15431678,-1.10261989,1.01301563,-0.110526666,0,1.80039394,1.12007058,-0.668978274,-1.46766543,0.746088624,3.41836572,-0.0489115976,0,2.21300006,1.29847205,0.463071167,0.111100167,1.23867571,0.897028387,0,-0.0533790924,0.491442949,1.0858748,1.35087121,1.33242333,-0.0634551048,-0.800828636,-0.0942896381,-0.0425597429,-0.404258102,-1.3495611,0.280988365,1.23787713,-1.28886318,-0.7543782,-0.208661944,-0.0282166321,-0.296499252,-1.10641932,0.205195829,0.456023633,-1.12624967,-0.498878568,-0.199069589,4
0,0.756221235,1.41089916,0.0340020917,0.0582266748,1.65390921,1.41375458,-0.114585042,-0.0596355125,-0.311246723,0.666031718,-1.74774301,-1.09406424,-0.678304911,-0.232199743,-0.125630632,-0.0399202406,-0.716925859,0.380951583,-1.19376683,-1.15431678,-1.26353872,-0.551693916,-0.110526666,0,1.80039394,1.12007058,1.21262515,0.8073259,0.0723577365,-0.631733954,-0.0489115976,0,-0.392982006,-0.5939098,-0.809931457,-0.904557347,0.553595781,1.18415976,0,-0.0533790924,-0.538130045,-1.0675199,-1.1134119,-1.22754025,0.468298674,0.141278625,-0.0942896381,-0.0425597429,0.705245078,-0.113633938,-1.44195008,0.0994709209,0.521305561,-0.7543782,-0.208661944,-0.0282166321,1.83321249,2.04501891,0.668684006,-0.771870077,-0.956908047,-0.498878568,-0.199069589,5
0,-0.32890445,0.153394848,0.0340020917,0.291318804,0.589411557,-0.407344818,-0.114585042,-0.0596355125,1.56519043,0.666031718,-1.49729693,-0.677514553,1.29880655,0.33786878,-0.125630632,-0.0399202406,0.407085121,-0.67690438,-0.338256598,1.11156917,-0.298026145,-0.551693916,-0.110526666,0,-0.79118371,-1.47728431,0.528405726,0.644826531,-0.601373136,-0.631733954,-0.0489115976,0,-0.682535589,-1.22470379,-1.44643283,-1.24310982,0.896135747,-0.251496881,0,-0.0533790924,-0.538130045,-1.0675199,-1.1134119,-1.22754025,0.113796152,0.847859085,-0.0942896381,-0.0425597429,-0.404258102,-0.819878042,-1.63338768,-1.79787278,0.0276231728,0.894758165,-0.208661944,-0.0282166321,-0.296499252,-0.121594876,0.436939895,0.0467257351,1.07519114,-0.00838943198,-0.199069589,3
0,-0.32890445,-1.10410953,-0.921095729,0.524410903,1.65390921,1.71727109,-0.114585042,-0.0596355125,-0.623986244,-1.17356813,1.00716376,0.363859624,1.13404715,3.47324562,-0.125630632,-0.0399202406,-0.716925859,-1.55845106,-1.02266479,-1.15431678,0.506567657,3.20360899,-0.110526666,0,-0.79118371,-1.15261495,-0.840033114,-0.655168533,1.08295405,3.41836572,-0.0489115976,0,0.475678682,1.29847205,1.09957254,0.957481444,1.23867571,0.609897077,0,-0.0533790924,2.20739794,0.778246939,-0.0352880657,1.01242793,0.645549893,-0.800828636,-0.0942896381,-0.0425597429,-0.404258102,-1.3495611,-1.05907488,1.23787713,-0.959741592,-0.7543782,-0.208661944,-0.0282166321,-0.296499252,-1.10641932,-0.258292317,-0.976518989,-1.12624967,-0.498878568,-0.199069589,7
0,-0.32890445,-0.684941351,-0.443546832,0.990595162,1.29907668,-0.407344818,-0.114585042,-0.0596355125,0.31423232,1.03395164,-0.996404767,-1.71888876,1.29880655,-0.232199743,-0.125630632,-0.0399202406,1.5310961,0.557260871,-1.19376683,-0.830618858,1.3111614,1.32595754,-0.110526666,0,1.15249956,1.12007058,0.528405726,0.969825268,1.41981947,1.25831258,-0.0489115976,0,-0.682535589,-0.909306765,-0.809931457,-0.396728605,0.553595781,-0.538628221,0,-0.0533790924,-0.538130045,-1.0675199,-0.959394217,1.17242563,-0.949711382,-0.800828636,-0.0942896381,-0.0425597429,-0.404258102,-1.3495611,-0.101886839,0.0994709209,-1.45342398,-0.7543782,-0.208661944,-0.0282166321,-0.296499252,-0.909454465,0.900428057,-1.79511487,-1.12624967,-0.498878568,-0.199069589,9
0,-0.32890445,0.153394848,0.0340020917,0.291318804,-0.120253511,-0.407344818,-0.114585042,-0.0596355125,0.00149279006,1.03395164,-0.745958686,-0.469239712,1.13404715,0.0528345145,-0.125630632,-0.0399202406,1.5310961,0.380951583,-1.19376683,-0.668769836,1.15024269,1.95184135,-0.110526666,0,0.504605114,0.957735896,0.528405726,0.969825268,0.914521337,-0.361727297,-0.0489115976,0,-0.682535589,-0.909306765,-1.12818217,0.957481444,-0.474024057,-0.82575953,0,-0.0533790924,-0.538130045,-1.0675199,-0.959394217,1.33242333,-1.30421388,-0.800828636,-0.0942896381,-0.0425597429,-0.404258102,-1.3495611,-0.867637277,1.23787713,-1.45342398,-0.7543782,-0.208661944,-0.0282166321,-0.296499252,-0.515524685,0.900428057,0.456023633,-1.12624967,-0.498878568,-0.199069589,9
0,-0.32890445,-1.10410953,-0.204772368,0.990595162,0.766827881,-0.407344818,-0.114585042,-0.0596355125,-0.623986244,-0.253768176,1.00716376,-0.0526900552,-0.184027076,-0.517234027,-0.125630632,-0.0399202406,0.126082376,1.08618891,0.175049499,-1.15431678,-1.26353872,-0.551693916,-0.110526666,0,2.12434125,1.12007058,0.699460566,-0.980167329,-1.27510405,-0.631733954,-0.0489115976,0,2.21300006,1.29847205,-0.17343016,0.957481444,-0.302754074,-0.82575953,0,-0.0533790924,0.834633946,1.39350259,-0.651358843,-0.107556142,1.35455489,-0.329775035,-0.0942896381,-0.0425597429,-0.404258102,0.945732176,0.663863599,-0.279997826,1.17954874,0.276332021,-0.208661944,-0.0282166321,-0.296499252,-0.909454465,-0.258292317,0.865321517,1.58321595,-0.253634006,-0.199069589,6
0,-0.32890445,-0.894525409,-0.204772368,0.990595162,1.83132553,2.02078772,-0.114585042,-0.0596355125,-0.623986244,-0.989608109,-0.245066568,-0.2609649,1.29880655,2.61814284,-0.125630632,-0.0399202406,-0.716925859,-1.73476028,-1.19376683,-0.830618858,1.3111614,1.32595754,-0.110526666,0,-0.79118371,-0.503276289,0.0152411638,0.319827735,1.41981947,1.7983259,-0.0489115976,0,-0.392982006,1.29847205,1.09957254,0.957481444,0.896135747,0.0356344357,0,-0.0533790924,-0.538130045,-0.606078148,-0.343323469,1.33242333,-0.240706354,-0.800828636,-0.0942896381,-0.0425597429,-0.404258102,-1.3495611,-0.293324441,0.858408391,-1.45342398,-0.7543782,-0.208661944,-0.0282166321,-0.296499252,-0.909454465,0.900428057,-1.38581693,-1.12624967,-0.498878568,-0.199069589,7
0,-0.32890445,-0.894525409,-0.68232125,0.757503033,0.944244146,0.503204882,-0.114585042,-0.0596355125,-0.623986244,0.298111767,-0.745958686,-1.9271636,0.475010067,1.19297159,-0.125630632,-0.0399202406,-0.716925859,0.557260871,0.00394746149,-0.183222845,1.3111614,1.95184135,-0.110526666,0,-0.79118371,-0.82794565,0.186296016,0.319827735,1.25138676,0.448292673,-0.0489115976,0,-0.682535589,-1.22470379,-1.44643283,-1.75093865,0.553595781,0.897028387,0,-0.0533790924,2.20739794,0.00917744078,-1.1134119,-1.22754025,1.17730367,0.376805425,-0.0942896381,-0.0425597429,0.150493473,0.769171178,0.0895507634,-1.0389353,1.17954874,-0.13595207,-0.208661944,-0.0282166321,-0.296499252,-1.10641932,0.205195829,0.865321517,0.228483185,-0.498878568,-0.199069589,9
0,-0.32890445,-0.894525409,-0.204772368,0.524410903,1.65390921,0.503204882,-0.114585042,-0.0596355125,-0.311246723,0.482071757,1.00716376,0.363859624,1.29880655,1.76304007,-0.125630632,-0.0399202406,1.5310961,1.08618891,-0.509358644,-0.183222845,1.3111614,1.01301563,-0.110526666,0,0.828552306,0.957735896,0.357350856,0.482327133,1.08295405,-0.631733954,-0.0489115976,0,-0.682535589,-0.909306765,0.463071167,0.957481444,0.724865794,-0.82575953,0,-0.0533790924,-0.538130045,-1.0675199,0.888818085,1.33242333,1.35455489,0.612332284,-0.0942896381,-0.0425597429,-0.404258102,-1.3495611,1.23817647,1.23787713,1.17954874,0.688616097,-0.208661944,-0.0282166321,-0.296499252,-1.10641932,-0.258292317,0.251374692,0.905849576,-0.253634006,-0.199069589,8
0,-0.32890445,-0.265773267,0.511551023,0.757503033,0.0571627617,-0.407344818,-0.114585042,-0.0596355125,0.939711332,1.03395164,1.00716376,1.1969589,1.29880655,-0.517234027,-0.125630632,-0.0399202406,0.688087881,1.08618891,1.5438658,1.43526709,1.3111614,0.38713181,-0.110526666,0,-0.79118371,-1.15261495,-0.155813694,0.482327133,1.41981947,0.718299329,-0.0489115976,0,-0.682535589,-1.22470379,-1.44643283,-0.396728605,1.23867571,0.897028387,0,-0.0533790924,-0.538130045,-1.0675199,-1.1134119,-0.587549329,1.35455489,1.08338594,-0.0942896381,-0.0425597429,-0.404258102,-1.1730001,-0.676199675,0.668674052,1.17954874,0.482474059,-0.208661944,-0.0282166321,-0.296499252,-0.318559766,0.205195829,0.660672605,0.397824794,-0.498878568,-0.199069589,9
0,-0.32890445,-0.475357324,0.0340020917,0.990595162,1.83132553,1.41375458,-0.114585042,-0.0596355125,-0.623986244,-0.0698082,-0.245066568,-0.677514553,1.29880655,2.61814284,-0.125630632,-0.0399202406,-0.716925859,-1.73476028,-1.19376683,-0.830618858,0.989323914,2.57772517,-0.110526666,0,0.828552306,0.308397144,-0.155813694,-0.167670414,1.41981947,0.178286016,-0.0489115976,0,1.92344654,1.29847205,1.09957254,0.957481444,1.23867571,1.75842237,0,-0.0533790924,-0.194939047,-0.452264249,0.272747338,1.33242333,-0.417957604,-0.800828636,-0.0942896381,-0.0425597429,-0.404258102,-1.3495611,0.280988365,0.858408391,-1.45342398,-0.7543782,-0.208661944,-0.0282166321,-0.296499252,-0.318559766,0.900428057,-1.38581693,-1.12624967,-0.498878568,-0.199069589,7
0,-0.32890445,1.41089916,-0.68232125,-0.641049683,0.411995322,-0.103828259,-0.114585042,-0.0596355125,0.00149279006,0.849991679,-0.996404767,-0.469239712,-0.0192677919,0.0528345145,-0.125630632,-0.0399202406,1.5310961,0.380951583,0.175049499,-0.345071852,-1.26353872,-0.551693916,-0.110526666,0,1.80039394,0.957735896,0.0152411638,0.644826531,0.240790457,-0.631733954,-0.0489115976,0,-0.103428438,-1.06700528,-1.44643283,-1.58166242,0.896135747,0.0356344357,0,-0.0533790924,-0.538130045,-1.0675199,-1.1134119,-1.22754025,-0.417957604,1.78996634,-0.0942896381,-0.0425597429,0.150493473,0.0629270747,-1.05907488,-0.849200904,0.850427151,1.10090017,-0.208661944,-0.0282166321,0.768356621,1.06019449,0.900428057,0.0467257351,0.0591415763,-0.498878568,-0.199069589,5
0,-0.32890445,-0.894525409,-0.443546832,-2.73887897,-1.00733483,-0.407344818,-0.114585042,-0.0596355125,-0.623986244,-1.17356813,0.756717741,-2.13543844,-1.33734202,-0.517234027,-0.125630632,-0.0399202406,-0.716925859,0.0283329226,0.688355625,-1.15431678,-1.26353872,-0.551693916,-0.110526666,0,-0.79118371,0.633066535,0.0152411638,-1.1426667,-0.938238621,-0.631733954,-0.0489115976,0,-0.682535589,0.82537657,1.09957254,0.957481444,1.0674057,0.322765768,0,-0.0533790924,-0.538130045,0.932060838,0.888818085,-0.267553866,-0.772460103,2.02549314,-0.0942896381,-0.0425597429,-0.404258102,0.239488095,0.280988365,-0.849200904,0.0276231728,2.33775258,1.73421252,-0.0282166321,-0.296499252,-0.712489545,-0.0265482478,0.865321517,0.905849576,0.972588837,-0.199069589,6
0,-0.32890445,-0.684941351,0.272776544,0.291318804,-0.829918623,-0.407344818,-0.114585042,-0.0596355125,-0.623986244,-0.253768176,0.255825579,-1.09406424,-1.33734202,-0.517234027,-0.125630632,-0.0399202406,-0.716925859,0.557260871,-0.338256598,-1.15431678,-1.26353872,-0.551693916,-0.110526666,0,-0.79118371,0.957735896,-1.18214285,-1.63016486,-1.27510405,-0.631733954,-0.0489115976,0,-0.682535589,1.14077353,0.144820511,-0.227452338,0.0397858657,-0.251496881,0,-0.0533790924,-0.538130045,1.39350259,0.580782712,0.0524415746,0.468298674,2.02549314,-0.0942896381,-0.0425597429,0.150493473,1.12229323,0.280988365,-1.60813844,-0.795180798,1.92546833,-0.208661944,-0.0282166321,-0.296499252,-0.515524685,-0.258292317,0.865321517,1.41387439,0.482099682,-0.199069589,6
0,-0.32890445,-1.10410953,-1.15987015,-1.34032607,-1.00733483,-0.407344818,-0.114585042,-0.0596355125,-0.623986244,-1.72544801,0.756717741,1.1969589,-0.184027076,-0.517234027,-0.125630632,-0.0399202406,-0.716925859,-0.324285716,1.03055966,1.27341807,-0.298026145,-0.551693916,-0.110526666,0,0.180657908,1.12007058,-1.01108789,0.319827735,-0.0960749909,-0.361727297,-0.0489115976,0,0.475678682,0.983075023,-0.0143048232,0.788205206,1.23867571,1.47129107,0,-0.0533790924,0.834633946,0.778246939,0.734800398,1.33242333,0.291047394,-0.329775035,-0.0942896381,-0.0425597429,-0.404258102,-1.3495611,-0.867637277,1.23787713,-1.45342398,-0.7543782,-0.208661944,-0.0282166321,-0.296499252,-1.10641932,-1.88050091,0.456023633,-1.12624967,-0.498878568,-0.199069589,4
0,-0.32890445,2.03965139,0.272776544,-2.50578666,-1.00733483,-0.407344818,-0.114585042,-0.0596355125,-0.623986244,0.666031718,0.50627166,-1.30233908,-1.33734202,-0.517234027,-0.125630632,-0.0399202406,-0.716925859,-1.55845106,-0.509358644,0.787871122,-1.26353872,-0.551693916,-0.110526666,0,-0.79118371,-1.47728431,-0.497923404,0.319827735,-1.27510405,-0.631733954,-0.0489115976,0,-0.682535589,-1.22470379,0.303945839,-0.0581760854,-1.5016439,-0.82575953,0,-0.0533790924,-0.538130045,-0.913705945,1.35087121,0.0524415746,-0.417957604,0.376805425,-0.0942896381,-0.0425597429,-0.404258102,0.945732176,1.23817647,1.23787713,1.17954874,2.13161039,-0.208661944,-0.0282166321,-0.296499252,0.863229573,0.205195829,-0.362572163,-0.110200025,-0.00838943198,-0.199069589,2
0,-0.32890445,-1.10410953,-0.921095729,0.757503033,-1.00733483,-0.407344818,-0.114585042,-0.0596355125,-0.623986244,-1.35752809,0.756717741,-1.51061392,-1.33734202,-0.517234027,-0.125630632,-0.0399202406,-0.716925859,0.380951583,0.517253578,-1.15431678,-1.10261989,-0.551693916,-0.110526666,0,0.504605114,1.12007058,-0.840033114,0.157328367,0.577655911,-0.631733954,-0.0489115976,0,2.5025537,1.14077353,-1.12818217,0.618928909,0.211055845,-0.538628221,0,-0.0533790924,3.92335296,1.39350259,1.35087121,1.33242333,0.822801173,-0.565301836,-0.0942896381,-0.0425597429,-0.404258102,-0.643316984,0.472425967,0.478939652,-1.45342398,-0.7543782,-0.208661944,-0.0282166321,-0.296499252,-1.10641932,-0.258292317,-0.567221105,-1.12624967,-0.498878568,-0.199069589,4
0,4.01159859,2.24923539,0.98909992,-2.03960252,-1.00733483,-0.407344818,-0.114585042,-0.0596355125,2.81614852,0.666031718,-0.245066568,0.155584782,-1.33734202,-0.517234027,-0.125630632,-0.0399202406,2.37410426,-0.500595033,-0.851562738,1.43526709,-1.10261989,-0.551693916,-0.110526666,0,-0.79118371,-1.47728431,-1.01108789,0.969825268,-1.27510405,-0.631733954,-0.0489115976,0,-0.682535589,-1.22470379,0.144820511,0.280376405,-1.5016439,-0.82575953,0,-0.0533790924,-0.538130045,-0.606078148,1.35087121,0.0524415746,-0.595208883,-0.0942482054,-0.0942896381,-0.0425597429,-0.404258102,0.769171178,1.23817647,1.23787713,1.17954874,2.54389453,-0.208661944,-0.0282166321,2.89806843,2.04501891,0.668684006,-0.771870077,0.0591415763,0.482099682,-0.199069589,2
0,-0.32890445,-1.10410953,0.511551023,-0.174865454,-1.00733483,-0.407344818,-0.114585042,-0.0596355125,-0.623986244,-1.90940797,0.00537951011,1.1969589,-1.00782347,-0.517234027,-0.125630632,-0.0399202406,-0.716925859,-1.73476028,0.859457612,1.43526709,-0.941701174,-0.551693916,-0.110526666,0,-0.79118371,-1.47728431,1.04157031,0.969825268,-1.10667133,-0.631733954,-0.0489115976,0,-0.682535589,-1.22470379,1.09957254,0.957481444,-1.33037388,-0.82575953,0,-0.0533790924,-0.538130045,-0.606078148,1.35087121,1.17242563,-1.4814651,-0.800828636,-0.0942896381,-0.0425597429,-0.404258102,-0.643316984,1.23817647,0.858408391,-1.45342398,-0.7543782,-0.208661944,-0.0282166321,-0.296499252,-0.909454465,0.436939895,0.865321517,-0.448883235,-0.498878568,-0.199069589,1
0,-0.32890445,-0.894525409,0.511551023,0.757503033,-0.297669798,-0.407344818,-0.114585042,-0.0596355125,-0.623986244,-0.253768176,1.00716376,-0.0526900552,-0.513545632,-0.517234027,-0.125630632,-0.0399202406,-0.4359231,1.08618891,0.517253578,-1.15431678,-1.26353872,-0.551693916,-0.110526666,0,0.180657908,1.12007058,0.528405726,-0.817667961,-1.27510405,-0.631733954,-0.0489115976,0,0.475678682,1.29847205,1.09957254,0.957481444,-0.131484106,-0.82575953,0,-0.0533790924,-0.194939047,1.23968863,-0.0352880657,-0.587549329,1.35455489,0.141278625,-0.0942896381,-0.0425597429,-0.404258102,0.592610121,0.663863599,-1.0389353,1.17954874,1.10090017,-0.208661944,-0.0282166321,-0.296499252,-0.909454465,-0.0265482478,0.865321517,1.58321595,1.70832253,-0.199069589,6
0,-0.32890445,-0.894525409,-0.68232125,0.757503033,-0.652502358,-0.407344818,-0.114585042,-0.0596355125,-0.623986244,-0.989608109,1.00716376,-0.677514553,-1.17258275,-0.517234027,-0.125630632,-0.0399202406,-0.716925859,0.733570218,0.175049499,-1.15431678,-1.26353872,-0.551693916,-0.110526666,0,-0.79118371,0.957735896,-0.497923404,-0.330169797,-0.601373136,-0.631733954,-0.0489115976,0,-0.682535589,1.14077353,1.09957254,0.449652672,0.896135747,1.18415976,0,-0.0533790924,-0.538130045,1.0858748,-0.651358843,-1.22754025,-0.949711382,2.02549314,-0.0942896381,-0.0425597429,-0.404258102,-0.290194958,-0.101886839,-0.469732195,0.0276231728,2.33775258,-0.208661944,-0.0282166321,-0.296499252,-1.10641932,-0.490036398,0.456023633,1.24453282,-0.00838943198,-0.199069589,6
0,-0.32890445,0.572562933,0.0340020917,0.757503033,1.83132553,1.11023796,-0.114585042,-0.0596355125,-0.623986244,-0.0698082,-0.245066568,-1.71888876,-0.843064249,-0.517234027,-0.125630632,-0.0399202406,-0.716925859,0.557260871,-0.338256598,-1.15431678,-1.26353872,-0.551693916,-0.110526666,0,-0.143289298,1.12007058,0.186296016,0.319827735,0.577655911,-0.361727297,-0.0489115976,0,-0.392982006,1.29847205,0.622196496,-0.396728605,0.896135747,1.18415976,0,-0.0533790924,-0.538130045,-0.913705945,-1.1134119,-1.22754025,0.822801173,-0.0942482054,-0.0942896381,-0.0425597429,-0.404258102,-1.1730001,-0.676199675,0.478939652,0.192183971,-0.7543782,-0.208661944,-0.0282166321,-0.296499252,0.863229573,-0.490036398,-0.976518989,-1.12624967,-0.498878568,-0.199069589,5
0,-0.32890445,0.153394848,0.750325441,0.291318804,-0.652502358,-0.407344818,-0.114585042,-0.0596355125,-0.311246723,0.849991679,-0.495512635,0.155584782,0.969287932,-0.517234027,-0.125630632,-0.0399202406,-0.154920369,1.08618891,-0.680460691,-0.992467821,1.3111614,0.700073719,-0.110526666,0,0.504605114,0.470731825,-1.52425253,-1.46766543,1.08295405,0.448292673,-0.0489115976,0,0.475678682,0.352281094,-1.44643283,-1.75093865,1.0674057,0.0356344357,0,-0.0533790924,0.834633946,0.778246939,-1.1134119,-1.22754025,1.17730367,-0.0942482054,-0.0942896381,-0.0425597429,0.150493473,0.945732176,-0.101886839,0.289205283,1.17954874,-0.342094123,-0.208661944,-0.0282166321,-0.296499252,-0.318559766,-0.0265482478,0.456023633,-0.279541612,-0.498878568,-0.199069589,0
0,-0.32890445,-0.475357324,-0.204772368,0.990595162,0.766827881,-0.407344818,-0.114585042,-0.0596355125,-0.623986244,-0.0698082,1.00716376,-0.0526900552,0.969287932,1.19297159,-0.125630632,-0.0399202406,-0.716925859,0.909879565,0.00394746149,-1.15431678,0.506567657,1.95184135,-0.110526666,0,0.180657908,1.12007058,-1.18214285,-1.63016486,0.0723577365,1.52831924,-0.0489115976,0,0.475678682,0.667678058,-1.44643283,-1.75093865,0.0397858657,1.47129107,0,-0.0533790924,1.521016,1.23968863,-0.959394217,-1.22754025,0.645549893,1.08338594,-0.0942896381,-0.0425597429,1.25999665,1.29885423,0.0895507634,-0.279997826,1.01498795,0.0701899752,-0.208661944,-0.0282166321,-0.296499252,-0.121594876,-0.0265482478,0.456023633,0.397824794,-0.498878568,-0.199069589,0
0,2.92647266,1.83006728,0.750325441,-1.34032607,-1.00733483,-0.407344818,-0.114585042,-0.0596355125,1.56519043,0.849991679,0.50627166,0.988684118,-1.33734202,-0.517234027,-0.125630632,-0.0399202406,-0.154920369,-0.500595033,-0.851562738,1.11156917,-0.780782402,-0.551693916,-0.110526666,0,-0.79118371,-1.47728431,-1.35319769,0.644826531,-0.601373136,-0.631733954,-0.0489115976,0,-0.682535589,-1.22470379,-0.332555473,0.788205206,-1.15910399,-0.82575953,0,-0.0533790924,-0.538130045,-0.298450351,1.19685352,1.01242793,-0.772460103,-0.565301836,-0.0942896381,-0.0425597429,1.81474817,1.29885423,1.23817647,1.23787713,1.17954874,0.482474059,-0.208661944,-0.0282166321,3.96292424,1.84805405,0.205195829,0.0467257351,0.736508012,-0.253634006,-0.199069589,2
0,-0.32890445,0.153394848,0.511551023,-1.80651033,-1.00733483,-0.407344818,-0.114585042,-0.0596355125,-0.623986244,0.114151776,1.00716376,-0.0526900552,-1.33734202,-0.517234027,-0.125630632,-0.0399202406,-0.716925859,-0.324285716,1.20166171,1.43526709,-0.941701174,-0.551693916,-0.110526666,0,-0.79118371,-1.31494963,0.528405726,0.319827735,0.577655911,-0.631733954,-0.0489115976,0,-0.682535589,-1.22470379,-1.44643283,-1.75093865,0.382325828,0.0356344357,0,-0.0533790924,-0.538130045,-1.0675199,-1.1134119,-1.22754025,-0.595208883,1.78996634,-0.0942896381,-0.0425597429,-0.404258102,-1.1730001,-1.05907488,-1.0389353,-0.301498413,2.54389453,1.73421252,-0.0282166321,-0.296499252,0.272334903,0.900428057,0.865321517,1.07519114,2.19881153,0.309528947,9
0,-0.32890445,-0.894525409,-1.39864469,0.0582266748,1.83132553,2.32430434,-0.114585042,-0.0596355125,-0.623986244,-0.0698082,0.756717741,-0.0526900552,0.804528654,2.04807425,-0.125630632,-0.0399202406,-0.716925859,-1.38214171,-1.02266479,-1.15431678,0.989323914,0.0741898865,-0.110526666,0,-0.79118371,-1.47728431,-0.497923404,0.319827735,1.41981947,3.41836572,-0.0489115976,0,-0.682535589,-0.436211318,1.09957254,0.957481444,0.896135747,1.18415976,0,-0.0533790924,-0.538130045,-0.606078148,-0.189305753,1.17242563,-1.4814651,-0.800828636,-0.0942896381,-0.0425597429,-0.404258102,-1.3495611,-0.484762043,-0.0902634487,-1.45342398,-0.7543782,-0.208661944,-0.0282166321,-0.296499252,-1.10641932,-0.258292317,-1.99976373,-1.12624967,-0.498878568,-0.199069589,7
0,-0.32890445,-0.475357324,0.750325441,0.0582266748,-0.652502358,-0.407344818,-0.114585042,-0.0596355125,-0.623986244,-1.72544801,1.00716376,1.1969589,-0.348786354,-0.517234027,-0.125630632,-0.0399202406,-0.716925859,-1.02952302,1.5438658,1.43526709,-0.941701174,-0.551693916,-0.110526666,0,-0.79118371,-0.99028033,1.21262515,0.969825268,-0.264507711,-0.631733954,-0.0489115976,0,-0.682535589,-0.5939098,1.09957254,0.957481444,-1.5016439,-0.82575953,0,-0.0533790924,-0.538130045,-0.913705945,1.19685352,1.33242333,-0.417957604,-0.800828636,-0.0942896381,-0.0425597429,-0.404258102,-0.643316984,1.23817647,1.23787713,-0.795180798,-0.7543782,-0.208661944,-0.0282166321,-0.296499252,-0.318559766,0.900428057,0.865321517,-0.110200025,-0.498878568,-0.199069589,1
0,-0.32890445,0.78214699,0.98909992,0.990595162,1.83132553,1.71727109,-0.114585042,-0.0596355125,0.31423232,1.03395164,-0.245066568,-1.30233908,-0.678304911,-0.232199743,-0.125630632,-0.0399202406,0.969090581,1.08618891,-1.02266479,-1.15431678,-1.26353872,-0.551693916,-0.110526666,0,2.12434125,1.12007058,0.0152411638,-0.980167329,-1.27510405,-0.631733954,-0.0489115976,0,-0.682535589,-0.278512836,0.144820511,0.957481444,-0.131484106,-0.82575953,0,-0.0533790924,-0.538130045,-0.759892046,-1.1134119,0.0524415746,1.00005245,-0.800828636,-0.0942896381,-0.0425597429,-0.404258102,0.945732176,-0.484762043,-0.279997826,0.850427151,-0.7543782,-0.208661944,-0.0282166321,-0.296499252,0.863229573,0.900428057,0.865321517,-0.448883235,-0.498878568,-0.199069589,5
0,-0.32890445,-1.10410953,-0.204772368,0.990595162,-0.120253511,-0.407344818,-0.114585042,-0.0596355125,-0.623986244,-1.90940797,-0.495512635,1.1969589,-0.513545632,-0.517234027,-0.125630632,-0.0399202406,-0.716925859,-1.02952302,1.5438658,1.43526709,-0.458944917,-0.551693916,-0.110526666,0,2.77223563,1.12007058,1.21262515,0.969825268,-0.769805908,-0.631733954,-0.0489115976,0,0.765232265,0.0368841328,0.781321824,0.957481444,-1.15910399,-0.82575953,0,-0.0533790924,-0.538130045,-1.0675199,1.04283583,1.33242333,-1.12696266,-0.800828636,-0.0942896381,-0.0425597429,-0.404258102,-1.3495611,0.280988365,1.23787713,-1.12430239,-0.7543782,-0.208661944,-0.0282166321,-0.296499252,-1.10641932,-0.95352453,0.865321517,0.228483185,-0.498878568,-0.199069589,1
0,-0.32890445,-1.10410953,-0.68232125,-0.874141812,-0.829918623,-0.407344818,-0.114585042,-0.0596355125,-0.623986244,-0.989608109,1.00716376,1.1969589,-0.0192677919,-0.517234027,-0.125630632,-0.0399202406,0.407085121,1.08618891,1.37276375,-0.992467821,1.15024269,-0.551693916,-0.110526666,0,1.15249956,1.12007058,0.528405726,-1.63016486,0.746088624,-0.361727297,-0.0489115976,0,0.765232265,1.29847205,0.303945839,-1.75093865,0.382325828,0.897028387,0,-0.0533790924,-0.194939047,1.23968863,0.118729629,-0.587549329,1.17730367,0.612332284,-0.0942896381,-0.0425597429,-0.404258102,-0.466755986,1.23817647,1.23787713,1.01498795,-0.7543782,-0.208661944,-0.0282166321,-0.296499252,-1.10641932,-1.18526864,0.456023633,0.397824794,-0.498878568,-0.199069589,0
0,0.756221235,1.41089916,0.272776544,-1.80651033,-1.00733483,-0.407344818,-0.114585042,-0.0596355125,0.626971841,1.03395164,1.00716376,1.1969589,-0.843064249,-0.517234027,-0.125630632,-0.0399202406,0.407085121,1.08618891,1.5438658,1.43526709,0.345648885,-0.551693916,-0.110526666,0,-0.79118371,-0.503276289,1.21262515,0.644826531,1.41981947,-0.631733954,-0.0489115976,0,-0.682535589,-1.22470379,-1.44643283,-1.75093865,1.23867571,0.322765768,0,-0.0533790924,-0.538130045,-1.0675199,-1.1134119,-1.22754025,0.822801173,0.847859085,-0.0942896381,-0.0425597429,0.150493473,-0.99643904,-1.25051248,-0.469732195,0.850427151,1.30704224,-0.208661944,-0.0282166321,1.83321249,1.25715935,0.900428057,0.456023633,0.905849576,0.236855134,-0.199069589,9
0,-0.32890445,0.78214699,0.750325441,0.291318804,-0.475086063,-0.407344818,-0.114585042,-0.0596355125,0.00149279006,0.666031718,-2.49908113,-0.885789394,-0.513545632,-0.517234027,-0.125630632,-0.0399202406,0.407085121,-0.147976398,-1.19376683,-1.15431678,1.15024269,0.700073719,-0.110526666,0,-0.467236519,0.633066535,-0.668978274,-0.492669165,1.41981947,0.988305986,-0.0489115976,0,-0.682535589,-0.909306765,-0.332555473,-0.566004872,0.896135747,0.0356344357,0,-0.0533790924,-0.538130045,-1.0675199,-1.1134119,-1.06754243,1.00005245,-0.565301836,-0.0942896381,-0.0425597429,-0.404258102,-0.819878042,-1.63338768,0.0994709209,0.0276231728,-0.7543782,-0.208661944,-0.0282166321,-0.296499252,1.06019449,0.668684006,-0.567221105,-0.956908047,-0.498878568,-0.199069589,9
0,-0.32890445,-1.10410953,-0.68232125,0.757503033,1.83132553,2.32430434,-0.114585042,-0.0596355125,-0.623986244,-0.0698082,0.255825579,-1.30233908,0.639769375,1.47800589,-0.125630632,-0.0399202406,0.688087881,0.733570218,-1.02266479,-0.830618858,1.15024269,0.38713181,-0.110526666,0,0.504605114,0.795401216,0.528405726,0.969825268,1.25138676,-0.631733954,-0.0489115976,0,-0.682535589,-1.06700528,-1.2873075,0.449652672,-0.302754074,-0.82575953,0,-0.0533790924,-0.538130045,-1.0675199,-0.497341156,1.17242563,-1.30421388,-0.800828636,-0.0942896381,-0.0425597429,-0.404258102,-1.3495611,0.280988365,-0.279997826,-1.45342398,-0.7543782,-0.208661944,-0.0282166321,-0.296499252,-1.10641932,-0.0265482478,-1.5904659,-1.12624967,-0.498878568,-0.199069589,9
0,-0.32890445,-1.10410953,-2.5925169,-0.174865454,0.589411557,-0.407344818,-0.114585042,-0.0596355125,-0.623986244,-1.90940797,-1.24685085,1.1969589,0.804528654,-0.517234027,-0.125630632,-0.0399202406,-0.716925859,-1.02952302,1.20166171,1.43526709,0.184730127,-0.551693916,-0.110526666,0,2.44828844,1.12007058,0.357350856,0.969825268,0.0723577365,-0.631733954,-0.0489115976,0,-0.682535589,-1.22470379,-0.969056785,0.957481444,-0.474024057,-0.82575953,0,-0.0533790924,-0.538130045,-1.0675199,-0.651358843,1.33242333,-0.0634551048,-0.800828636,-0.0942896381,-0.0425597429,-0.404258102,-1.3495611,-0.867637277,1.23787713,0.192183971,-0.7543782,-0.208661944,-0.0282166321,-0.296499252,-1.10641932,-2.34398913,0.456023633,-0.110200025,-0.498878568,-0.199069589,1
0,0.756221235,0.572562933,-0.921095729,-0.641049683,1.29907668,2.02078772,-0.114585042,-0.0596355125,0.00149279006,1.03395164,1.00716376,1.1969589,0.969287932,2.04807425,-0.125630632,-0.0399202406,0.126082376,1.08618891,-0.851562738,-1.15431678,-1.26353872,-0.551693916,-0.110526666,0,0.828552306,1.12007058,1.21262515,0.8073259,-1.10667133,-0.631733954,-0.0489115976,0,0.765232265,0.352281094,-0.17343016,0.788205206,-0.645294011,-0.82575953,0,-0.0533790924,-0.538130045,-1.0675199,-1.1134119,0.852430165,-0.240706354,-0.800828636,-0.0942896381,-0.0425597429,-0.404258102,1.29885423,0.472425967,1.23787713,-1.12430239,-0.7543782,-0.208661944,-0.0282166321,-0.296499252,1.06019449,0.900428057,-0.567221105,-1.12624967,-0.498878568,-0.199069589,5
0,-0.32890445,-1.10410953,-0.443546832,0.757503033,-0.475086063,-0.407344818,-0.114585042,-0.0596355125,-0.623986244,-0.621688128,1.00716376,0.155584782,-1.33734202,-0.517234027,-0.125630632,-0.0399202406,-0.716925859,0.557260871,1.37276375,-0.992467821,-1.26353872,-0.551693916,-0.110526666,0,-0.79118371,0.957735896,0.357350856,-1.63016486,-1.27510405,-0.631733954,-0.0489115976,0,-0.682535589,1.29847205,0.622196496,-0.396728605,-1.33037388,-0.82575953,0,-0.0533790924,-0.538130045,1.23968863,1.35087121,1.33242333,1.17730367,0.612332284,-0.0942896381,-0.0425597429,-0.404258102,0.416049123,1.23817647,0.858408391,1.17954874,2.13161039,1.73421252,-0.0282166321,-0.296499252,-0.909454465,-0.721780479,0.660672605,1.58321595,2.19881153,-0.199069589,6
0,-0.32890445,-0.475357324,-0.443546832,0.990595162,-0.297669798,-0.407344818,-0.114585042,-0.0596355125,-0.311246723,0.849991679,1.00716376,1.1969589,0.310250789,-0.517234027,-0.125630632,-0.0399202406,0.969090581,0.0283329226,-0.851562738,-0.668769836,0.989323914,-0.238752022,-0.110526666,0,1.80039394,-0.503276289,-1.52425253,-1.63016486,0.409223169,0.448292673,-0.0489115976,0,0.475678682,0.0368841328,-1.44643283,-1.75093865,-0.645294011,1.47129107,0,-0.0533790924,-0.538130045,1.23968863,-1.1134119,-1.22754025,0.113796152,1.08338594,-0.0942896381,-0.0425597429,-0.404258102,0.769171178,0.855301201,0.0994709209,1.17954874,-0.13595207,-0.208661944,-0.0282166321,-0.296499252,-0.318559766,0.436939895,0.251374692,-0.279541612,-0.498878568,-0.199069589,0
0,-0.32890445,0.572562933,0.98909992,-0.874141812,-1.00733483,-0.407344818,-0.114585042,-0.0596355125,-0.623986244,1.03395164,-1.49729693,0.988684118,-1.17258275,-0.517234027,-0.125630632,-0.0399202406,0.407085121,0.0283329226,-1.19376683,0.787871122,-0.941701174,-0.551693916,-0.110526666,0,-0.79118371,-1.47728431,-0.326868534,0.969825268,-0.769805908,-0.631733954,-0.0489115976,0,-0.682535589,-1.22470379,-0.650806129,0.449652672,1.23867571,0.0356344357,0,-0.0533790924,-0.538130045,-1.0675199,-1.1134119,-1.22754025,0.468298674,0.612332284,-0.0942896381,-0.0425597429,-0.404258102,0.769171178,-0.101886839,-0.0902634487,1.17954874,-0.342094123,-0.208661944,-0.0282166321,-0.296499252,0.469299793,0.900428057,0.660672605,0.0591415763,-0.498878568,-0.199069589,3
0,-0.32890445,-0.0561892018,0.750325441,0.524410903,-0.475086063,-0.407344818,-0.114585042,-0.0596355125,0.00149279006,0.666031718,-1.24685085,-1.30233908,0.804528654,-0.517234027,-0.125630632,-0.0399202406,-0.154920369,0.909879565,-0.338256598,-0.345071852,1.3111614,-0.238752022,-0.110526666,0,-0.79118371,-0.340941578,1.04157031,0.969825268,1.41981947,0.178286016,-0.0489115976,0,-0.682535589,-1.22470379,-1.2873075,-1.24310982,-0.302754074,2.04555368,0,-0.0533790924,-0.538130045,-1.0675199,-1.1134119,-1.22754025,-1.12696266,2.49654675,-0.0942896381,-0.0425597429,-0.404258102,0.0629270747,-0.101886839,-1.0389353,-1.12430239,2.54389453,0.762775302,-0.0282166321,-0.296499252,-0.318559766,-0.258292317,0.251374692,1.58321595,2.19881153,-0.199069589,9
0,4.01159859,2.24923539,0.750325441,-2.50578666,-1.00733483,-0.407344818,-0.114585042,-0.0596355125,1.87792993,0.666031718,1.00716376,-1.30233908,-1.33734202,-0.517234027,-0.125630632,-0.0399202406,0.688087881,-0.324285716,1.5438658,-0.506920815,-1.26353872,-0.551693916,-0.110526666,0,-0.79118371,-1.47728431,0.528405726,-0.330169797,-1.27510405,-0.631733954,-0.0489115976,0,-0.682535589,-1.06700528,0.940447152,-0.566004872,-1.5016439,-0.82575953,0,-0.0533790924,-0.538130045,-0.298450351,1.35087121,-0.74754703,-0.417957604,1.31891274,-0.0942896381,-0.0425597429,1.25999665,1.29885423,1.04673874,-0.279997826,0.685866356,2.33775258,-0.208661944,-0.0282166321,3.96292424,1.84805405,0.900428057,0.865321517,1.58321595,1.2178334,-0.199069589,2
0,0.756221235,1.41089916,0.98909992,-1.57341826,-1.00733483,-0.407344818,-0.114585042,-0.0596355125,2.81614852,1.03395164,1.00716376,0.572134435,-1.33734202,-0.517234027,-0.125630632,-0.0399202406,1.25009334,-0.67690438,-0.338256598,1.11156917,-0.941701174,-0.551693916,-0.110526666,0,-0.79118371,-1.47728431,-1.52425253,0.319827735,-0.769805908,-0.631733954,-0.0489115976,0,-0.682535589,-1.22470379,-0.809931457,0.449652672,-1.5016439,-0.82575953,0,-0.0533790924,-0.538130045,-0.913705945,0.888818085,-0.427551597,-1.4814651,-0.800828636,-0.0942896381,-0.0425597429,-0.404258102,0.416049123,1.23817647,0.0994709209,-0.136937618,0.0701899752,-0.208661944,-0.0282166321,-0.296499252,1.45412421,0.668684006,0.865321517,0.905849576,1.2178334,-0.199069589,2
0,-0.32890445,-0.684941351,-0.443546832,0.524410903,0.589411557,-0.407344818,-0.114585042,-0.0596355125,0.00149279006,0.666031718,-0.245066568,0.363859624,1.29880655,-0.517234027,-0.125630632,-0.0399202406,0.407085121,1.08618891,-1.02266479,-1.15431678,1.15024269,-0.551693916,-0.110526666,0,-0.143289298,0.633066535,0.528405726,-0.492669165,0.914521337,-0.631733954,-0.0489115976,0,-0.682535589,-1.06700528,-0.17343016,0.957481444,0.553595781,-0.82575953,0,-0.0533790924,-0.538130045,-1.0675199,-0.497341156,1.01242793,1.17730367,0.141278625,-0.0942896381,-0.0425597429,-0.404258102,-1.3495611,0.663863599,-0.469732195,0.850427151,0.0701899752,-0.208661944,-0.0282166321,-0.296499252,-1.10641932,0.436939895,0.660672605,0.567166388,-0.498878568,-0.199069589,8
0,1.84134698,0.78214699,0.750325441,0.990595162,1.65390921,0.1996883,-0.114585042,-0.0596355125,2.81614852,0.114151776,-1.74774301,-0.2609649,1.29880655,0.33786878,-0.125630632,-0.0399202406,-0.716925859,-1.73476028,-1.19376683,0.302324146,0.66748637,-0.551693916,-0.110526666,0,-0.79118371,-1.47728431,-1.52425253,-0.655168533,1.25138676,-0.361727297,-0.0489115976,0,-0.682535589,-1.22470379,-1.44643283,-1.75093865,0.896135747,1.75842237,0,-0.0533790924,-0.538130045,-1.0675199,-1.1134119,-1.22754025,0.645549893,2.02549314,-0.0942896381,-0.0425597429,-0.404258102,-0.466755986,-1.25051248,-0.659466565,1.01498795,0.688616097,-0.208661944,-0.0282166321,-0.296499252,1.25715935,0.900428057,0.660672605,0.397824794,-0.253634006,-0.199069589,3
0,-0.32890445,1.62048328,0.511551023,-0.407957584,-0.652502358,-0.407344818,-0.114585042,-0.0596355125,-0.623986244,-0.805648148,1.00716376,1.1969589,1.29880655,-0.517234027,-0.125630632,-0.0399202406,-0.716925859,-1.73476028,1.5438658,1.43526709,1.3111614,0.700073719,-0.110526666,0,-0.79118371,-0.82794565,1.21262515,0.969825268,1.08295405,-0.0917206332,-0.0489115976,0,-0.682535589,0.0368841328,1.09957254,0.957481444,-0.302754074,-0.82575953,0,-0.0533790924,0.491442949,1.23968863,1.35087121,1.33242333,-0.772460103,-0.800828636,-0.0942896381,-0.0425597429,0.150493473,1.47541523,1.23817647,0.858408391,-1.28886318,-0.7543782,-0.208661944,-0.0282166321,-0.296499252,1.65108919,0.900428057,0.251374692,-0.618224859,-0.498878568,-0.199069589,1
0,-0.32890445,-0.684941351,0.750325441,0.291318804,-0.475086063,-0.407344818,-0.114585042,-0.0596355125,-0.623986244,-0.0698082,0.756717741,0.155584782,1.13404715,-0.517234027,-0.125630632,-0.0399202406,0.126082376,1.08618891,-0.16715458,-1.15431678,0.345648885,-0.551693916,-0.110526666,0,0.504605114,1.12007058,-0.155813694,-1.63016486,-0.769805908,1.52831924,-0.0489115976,0,1.63389289,0.983075023,-0.969056785,-1.75093865,-0.816564023,1.47129107,0,-0.0533790924,0.491442949,1.23968863,-0.959394217,-1.22754025,-0.949711382,0.847859085,-0.0942896381,-0.0425597429,-0.404258102,1.12229323,0.280988365,-0.659466565,0.850427151,0.276332021,-0.208661944,-0.0282166321,-0.296499252,-0.318559766,-0.0265482478,0.660672605,-0.110200025,-0.498878568,-0.199069589,0
0,-0.32890445,0.572562933,0.0340020917,-0.174865454,0.0571627617,-0.407344818,-0.114585042,-0.0596355125,-0.623986244,-0.437728167,1.00716376,1.1969589,0.804528654,0.0528345145,-0.125630632,-0.0399202406,-0.154920369,0.733570218,1.5438658,1.43526709,0.989323914,0.0741898865,-0.110526666,0,-0.143289298,0.633066535,1.21262515,0.969825268,0.0723577365,-0.631733954,-0.0489115976,0,0.475678682,1.29847205,1.09957254,0.957481444,-0.131484106,-0.82575953,0,-0.0533790924,0.834633946,1.39350259,1.35087121,1.33242333,0.291047394,-0.800828636,-0.0942896381,-0.0425597429,0.150493473,0.592610121,1.23817647,1.23787713,-0.136937618,-0.7543782,-0.208661944,-0.0282166321,-0.296499252,-0.318559766,-0.258292317,0.0467257351,0.0591415763,-0.498878568,-0.199069589,1
0,-0.32890445,0.78214699,0.272776544,-1.34032607,-1.00733483,-0.407344818,-0.114585042,-0.0596355125,-0.623986244,0.666031718,-1.24685085,0.155584782,-0.843064249,-0.517234027,-0.125630632,-0.0399202406,0.407085121,-0.500595033,0.175049499,-0.345071852,0.0238113683,-0.551693916,-0.110526666,0,1.80039394,0.146062478,1.04157031,0.644826531,0.240790457,-0.631733954,-0.0489115976,0,-0.682535589,-0.5939098,-0.332555473,-0.227452338,0.724865794,-0.538628221,0,-0.0533790924,-0.538130045,-1.0675199,-1.1134119,-1.22754025,-0.595208883,1.78996634,-0.0942896381,-0.0425597429,-0.404258102,-0.99643904,-1.82482529,-1.41840398,0.521305561,0.482474059,-0.208661944,-0.0282166321,-0.296499252,0.863229573,0.436939895,0.456023633,0.0591415763,-0.498878568,-0.199069589,9
0,-0.32890445,-1.10410953,-2.5925169,0.757503033,-0.120253511,-0.407344818,-0.114585042,-0.0596355125,-0.623986244,-1.90940797,0.00537951011,1.1969589,-1.33734202,-0.517234027,-0.125630632,-0.0399202406,-0.716925859,-0.500595033,1.5438658,1.43526709,-0.780782402,-0.551693916,-0.110526666,0,0.828552306,1.12007058,-0.155813694,0.969825268,0.0723577365,0.178286016,-0.0489115976,0,2.5025537,1.29847205,0.463071167,0.957481444,1.23867571,2.6198163,0,-0.0533790924,3.2369709,1.39350259,1.19685352,1.33242333,-0.240706354,-0.329775035,-0.0942896381,-0.0425597429,0.150493473,-0.643316984,-1.44195008,1.23787713,-1.45342398,-0.7543782,-0.208661944,-0.0282166321,-0.296499252,-1.10641932,-2.34398913,0.456023633,-1.12624967,-0.498878568,-0.199069589,4
0,-0.32890445,0.153394848,0.272776544,0.990595162,0.766827881,-0.407344818,-0.114585042,-0.0596355125,0.626971841,0.482071757,-1.74774301,-1.30233908,1.29880655,-0.517234027,-0.125630632,-0.0399202406,-0.716925859,-1.73476028,-1.02266479,0.464173138,0.0238113683,-0.551693916,-0.110526666,0,-0.79118371,-1.47728431,0.528405726,0.969825268,-0.769805908,-0.631733954,-0.0489115976,0,-0.682535589,-1.22470379,-0.969056785,-0.566004872,1.0674057,-0.538628221,0,-0.0533790924,-0.538130045,-1.0675199,-1.1134119,-1.22754025,0.113796152,1.08338594,-0.0942896381,-0.0425597429,-0.404258102,0.0629270747,-0.676199675,-1.22866964,0.356744766,0.688616097,-0.208661944,-0.0282166321,-0.296499252,-0.318559766,0.436939895,0.865321517,0.736508012,-0.253634006,-0.199069589,3
0,-0.32890445,0.153394848,0.511551023,0.757503033,0.234579042,-0.407344818,-0.114585042,-0.0596355125,0.31423232,0.849991679,-1.49729693,-1.71888876,0.969287932,0.33786878,-0.125630632,-0.0399202406,0.407085121,0.557260871,-1.19376683,-0.992467821,1.3111614,0.700073719,-0.110526666,0,-0.79118371,0.146062478,0.357350856,-0.167670414,1.41981947,0.988305986,-0.0489115976,0,-0.682535589,-1.06700528,-0.17343016,-0.0581760854,0.896135747,0.609897077,0,-0.0533790924,-0.538130045,-1.0675199,-1.1134119,-1.22754025,-0.0634551048,1.78996634,-0.0942896381,-0.0425597429,0.150493473,0.769171178,-0.867637277,-1.79787278,0.192183971,1.51318431,-0.208661944,-0.0282166321,-0.296499252,0.272334903,0.205195829,0.865321517,1.58321595,0.482099682,-0.199069589,9
0,-0.32890445,0.991731048,0.98909992,-0.174865454,-1.00733483,-0.407344818,-0.114585042,-0.0596355125,1.87792993,0.849991679,-0.495512635,0.988684118,-1.00782347,-0.517234027,-0.125630632,-0.0399202406,2.37410426,0.204642251,-0.851562738,1.43526709,-0.458944917,-0.551693916,-0.110526666,0,1.47644675,-0.665610969,-0.497923404,0.969825268,-0.769805908,-0.631733954,-0.0489115976,0,-0.682535589,-1.06700528,0.940447152,-0.0581760854,-1.5016439,-0.82575953,0,-0.0533790924,-0.538130045,0.470619142,1.35087121,-0.907544732,-1.4814651,-0.800828636,-0.0942896381,-0.0425597429,-0.404258102,0.769171178,0.855301201,-0.279997826,0.192183971,0.276332021,-0.208661944,-0.0282166321,-0.296499252,1.25715935,0.900428057,0.865321517,1.58321595,3.17978978,-0.199069589,2
0,-0.32890445,-1.10410953,-0.443546832,0.524410903,-1.00733483,-0.407344818,-0.114585042,-0.0596355125,-0.623986244,-1.72544801,1.00716376,-0.0526900552,-1.33734202,-0.517234027,-0.125630632,-0.0399202406,-0.716925859,0.0283329226,1.5438658,-0.992467821,-1.26353872,-0.551693916,-0.110526666,0,0.504605114,1.12007058,-0.155813694,-1.63016486,-0.769805908,0.718299329,-0.0489115976,0,2.21300006,1.14077353,-1.44643283,-1.41238606,1.0674057,2.04555368,0,-0.0533790924,3.58016205,1.39350259,1.04283583,1.33242333,0.822801173,-0.565301836,-0.0942896381,-0.0425597429,0.705245078,0.592610121,0.855301201,1.23787713,-0.959741592,-0.7543782,-0.208661944,-0.0282166321,-0.296499252,-1.10641932,-0.95352453,0.865321517,-0.787566423,-0.498878568,-0.199069589,4
0,-0.32890445,-1.10410953,-2.5925169,0.524410903,1.29907668,-0.103828259,-0.114585042,-0.0596355125,-0.623986244,-1.90940797,-2.74952722,1.1969589,1.29880655,0.33786878,-0.125630632,-0.0399202406,0.688087881,0.204642251,1.37276375,1.43526709,1.3111614,-0.551693916,-0.110526666,0,0.504605114,0.957735896,1.21262515,0.969825268,1.25138676,-0.631733954,-0.0489115976,0,-0.682535589,-1.22470379,-0.17343016,0.957481444,-0.302754074,-0.82575953,0,-0.0533790924,-0.538130045,-1.0675199,0.426765025,1.33242333,-0.949711382,-0.800828636,-0.0942896381,-0.0425597429,-0.404258102,-1.3495611,-0.293324441,1.23787713,-0.466059208,-0.7543782,-0.208661944,-0.0282166321,-0.296499252,-1.10641932,-2.34398913,0.251374692,1.41387439,-0.00838943198,-0.199069589,1
0,-0.32890445,-1.10410953,-0.68232125,-0.641049683,-1.00733483,-0.407344818,-0.114585042,-0.0596355125,-0.623986244,-1.35752809,0.756717741,-1.30233908,-1.33734202,-0.517234027,-0.125630632,-0.0399202406,-0.716925859,0.0283329226,0.859457612,-1.15431678,-1.26353872,-0.551693916,-0.110526666,0,-0.79118371,0.470731825,-0.155813694,-0.980167329,-0.769805908,-0.631733954,-0.0489115976,0,-0.682535589,0.983075023,1.09957254,0.280376405,0.896135747,0.609897077,0,-0.0533790924,-0.538130045,0.778246939,0.426765025,-1.22754025,-0.772460103,2.26101995,-0.0942896381,-0.0425597429,-0.404258102,0.239488095,0.280988365,-1.79787278,-0.466059208,2.54389453,0.762775302,-0.0282166321,-0.296499252,-1.10641932,-0.95352453,0.456023633,1.41387439,1.4630779,-0.199069589,6
0,-0.32890445,-0.684941351,0.272776544,0.757503033,0.411995322,-0.407344818,-0.114585042,-0.0596355125,-0.623986244,-0.0698082,0.50627166,-0.0526900552,0.475010067,1.76304007,-0.125630632,-0.0399202406,-0.716925859,1.08618891,-1.02266479,-1.15431678,-1.26353872,2.26478338,-0.110526666,0,0.180657908,0.633066535,-1.52425253,-1.63016486,-1.27510405,1.52831924,-0.0489115976,0,0.475678682,0.667678058,-1.44643283,-1.75093865,-1.33037388,1.47129107,0,-0.0533790924,1.17782497,0.778246939,-1.1134119,-1.22754025,0.291047394,-0.800828636,-0.0942896381,-0.0425597429,-0.404258102,1.29885423,-0.293324441,-0.469732195,0.192183971,-0.7543782,-0.208661944,-0.0282166321,-0.296499252,-0.318559766,0.436939895,0.456023633,-0.956908047,-0.498878568,-0.199069589,0
0,-0.32890445,-0.265773267,0.0340020917,0.990595162,0.0571627617,-0.407344818,-0.114585042,-0.0596355125,0.626971841,1.03395164,-0.495512635,-1.09406424,1.29880655,0.622903049,-0.125630632,-0.0399202406,1.5310961,0.557260871,-1.19376683,-0.345071852,1.15024269,1.01301563,-0.110526666,0,1.15249956,0.470731825,-0.326868534,0.8073259,-0.769805908,-0.631733954,-0.0489115976,0,-0.682535589,0.667678058,1.09957254,0.280376405,-1.33037388,-0.82575953,0,-0.0533790924,-0.538130045,0.624433041,0.426765025,0.212439299,0.468298674,-0.800828636,-0.0942896381,-0.0425597429,-0.404258102,0.769171178,-0.676199675,-1.79787278,0.685866356,-0.13595207,-0.208661944,-0.0282166321,-0.296499252,0.0753700212,0.205195829,0.251374692,0.228483185,-0.498878568,-0.199069589,8
0,-0.32890445,-0.0561892018,0.511551023,0.757503033,-0.297669798,-0.407344818,-0.114585042,-0.0596355125,-0.623986244,-0.437728167,1.00716376,1.1969589,0.969287932,-0.517234027,-0.125630632,-0.0399202406,-0.716925859,-0.853213727,1.5438658,1.43526709,0.184730127,-0.551693916,-0.110526666,0,-0.79118371,-1.47728431,1.04157031,0.969825268,-1.10667133,-0.631733954,-0.0489115976,0,-0.682535589,-1.06700528,1.09957254,0.449652672,-1.5016439,-0.82575953,0,-0.0533790924,-0.538130045,0.624433041,1.19685352,1.01242793,-0.595208883,-0.800828636,-0.0942896381,-0.0425597429,-0.404258102,0.769171178,0.472425967,-0.279997826,1.01498795,-0.548236191,-0.208661944,-0.0282166321,-0.296499252,-0.121594876,0.900428057,0.865321517,1.58321595,-0.00838943198,-0.199069589,8
0,0.756221235,0.991731048,0.0340020917,0.757503033,0.944244146,-0.407344818,-0.114585042,-0.0596355125,1.87792993,1.03395164,0.255825579,-0.2609649,-0.678304911,-0.517234027,-0.125630632,-0.0399202406,0.688087881,0.909879565,-1.02266479,-1.15431678,-1.26353872,-0.551693916,-0.110526666,0,1.80039394,0.146062478,-1.52425253,-1.63016486,-1.27510405,-0.631733954,-0.0489115976,0,-0.103428438,0.983075023,1.09957254,-0.566004872,-1.5016439,-0.82575953,0,-0.0533790924,-0.538130045,-0.913705945,-0.497341156,0.852430165,-0.240706354,-0.800828636,-0.0942896381,-0.0425597429,-0.404258102,-1.3495611,-0.676199675,0.289205283,0.356744766,-0.7543782,-0.208661944,-0.0282166321,-0.296499252,0.666264713,0.900428057,0.456023633,-0.787566423,-0.498878568,-0.199069589,5
0,-0.32890445,-0.0561892018,-0.204772368,0.291318804,-0.475086063,-0.407344818,-0.114585042,-0.0596355125,-0.623986244,1.03395164,0.255825579,0.988684118,0.145491496,-0.517234027,-0.125630632,-0.0399202406,0.407085121,1.08618891,-1.19376683,0.949720144,0.828405142,-0.551693916,-0.110526666,0,-0.467236519,0.308397144,1.21262515,0.8073259,1.25138676,0.178286016,-0.0489115976,0,-0.682535589,-1.22470379,-1.44643283,-1.75093865,0.553595781,1.18415976,0,-0.0533790924,-0.538130045,-1.0675199,-1.1134119,-1.22754025,-0.417957604,2.02549314,-0.0942896381,-0.0425597429,-0.404258102,-0.290194958,-1.05907488,-1.41840398,0.0276231728,1.51318431,-0.208661944,-0.0282166321,-0.296499252,0.0753700212,0.205195829,0.865321517,1.58321595,0.972588837,-0.199069589,9
0,-0.32890445,-0.265773267,-0.204772368,0.757503033,-0.652502358,-0.407344818,-0.114585042,-0.0596355125,0.00149279006,1.03395164,-0.745958686,-0.469239712,0.145491496,-0.517234027,-0.125630632,-0.0399202406,0.407085121,0.909879565,-1.19376683,-0.345071852,1.3111614,0.38713181,-0.110526666,0,-0.79118371,0.308397144,0.357350856,0.969825268,0.240790457,-0.631733954,-0.0489115976,0,-0.682535589,-0.5939098,1.09957254,0.788205206,-1.33037388,-0.82575953,0,-0.0533790924,-0.538130045,0.932060838,0.272747338,-0.267553866,0.645549893,-0.565301836,-0.0942896381,-0.0425597429,-0.404258102,1.29885423,-1.25051248,-1.79787278,0.0276231728,0.276332021,-0.208661944,-0.0282166321,-0.296499252,-0.121594876,0.205195829,0.251374692,0.905849576,0.727344275,-0.199069589,8
0,0.756221235,1.41089916,0.750325441,0.990595162,1.29907668,-0.103828259,-0.114585042,-0.0596355125,0.626971841,1.03395164,0.756717741,-0.677514553,1.13404715,0.622903049,-0.125630632,-0.0399202406,-0.716925859,1.08618891,-0.16715458,0.62602216,1.15024269,0.0741898865,-0.110526666,0,-0.79118371,-0.0162722114,1.21262515,0.8073259,-0.601373136,-0.631733954,-0.0489115976,0,-0.682535589,0.0368841328,1.09957254,-0.396728605,-1.5016439,-0.82575953,0,-0.0533790924,-0.538130045,1.23968863,1.19685352,0.532434762,-1.4814651,-0.800828636,-0.0942896381,-0.0425597429,0.705245078,1.47541523,0.0895507634,0.478939652,-1.45342398,-0.7543782,-0.208661944,-0.0282166321,1.83321249,1.45412421,0.900428057,-0.362572163,-1.12624967,-0.498878568,-0.199069589,8
0,2.92647266,2.03965139,0.750325441,-2.03960252,-1.00733483,-0.407344818,-0.114585042,-0.0596355125,1.87792993,0.666031718,0.00537951011,-0.0526900552,-1.33734202,-0.517234027,-0.125630632,-0.0399202406,0.688087881,0.204642251,-0.16715458,1.11156917,-1.26353872,-0.551693916,-0.110526666,0,-0.79118371,-1.47728431,-0.326868534,0.644826531,-1.27510405,-0.631733954,-0.0489115976,0,-0.682535589,-1.22470379,0.144820511,0.280376405,-1.5016439,-0.82575953,0,-0.0533790924,-0.538130045,-1.0675199,1.19685352,0.212439299,-1.4814651,-0.800828636,-0.0942896381,-0.0425597429,0.150493473,0.592610121,1.23817647,0.478939652,-0.136937618,0.276332021,-0.208661944,-0.0282166321,5.02778006,2.04501891,0.900428057,0.865321517,1.58321595,3.42503452,-0.199069589,2
0,-0.32890445,-1.10410953,-2.35374236,-0.641049683,1.83132553,2.62782073,-0.114585042,-0.0596355125,-0.623986244,-0.621688128,0.756717741,-0.469239712,-0.184027076,2.90317702,-0.125630632,-0.0399202406,-0.4359231,0.909879565,-0.680460691,-1.15431678,0.506567657,3.20360899,-0.110526666,0,1.80039394,0.795401216,0.0152411638,0.482327133,1.41981947,1.52831924,-0.0489115976,0,-0.392982006,-0.120814353,-0.332555473,-1.24310982,0.724865794,0.322765768,0,-0.0533790924,-0.538130045,-1.0675199,-1.1134119,-0.427551597,0.822801173,-0.800828636,-0.0942896381,-0.0425597429,-0.404258102,-1.3495611,-1.82482529,0.0994709209,0.0276231728,-0.7543782,-0.208661944,-0.0282166321,-0.296499252,-1.10641932,-2.80747724,0.456023633,-0.448883235,-0.498878568,-0.199069589,9
0,-0.32890445,-0.475357324,0.272776544,0.291318804,-0.829918623,-0.407344818,-0.114585042,-0.0596355125,-0.623986244,-0.0698082,0.756717741,1.1969589,-0.184027076,-0.517234027,-0.125630632,-0.0399202406,-0.716925859,-0.853213727,-0.680460691,1.27341807,0.345648885,-0.551693916,-0.110526666,0,-0.79118371,-1.47728431,-1.52425253,0.969825268,1.25138676,-0.361727297,-0.0489115976,0,-0.103428438,-0.120814353,-1.44643283,-1.07383358,1.23867571,1.47129107,0,-0.0533790924,1.17782497,0.932060838,-1.1134119,-1.22754025,1.00005245,1.31891274,-0.0942896381,-0.0425597429,-0.404258102,1.12229323,0.280988365,-0.0902634487,1.17954874,0.894758165,-0.208661944,-0.0282166321,-0.296499252,-0.515524685,-0.0265482478,0.251374692,0.228483185,-0.498878568,-0.199069589,3
0,-0.32890445,1.41089916,0.98909992,0.757503033,-0.829918623,-0.407344818,-0.114585042,-0.0596355125,0.939711332,1.03395164,-0.495512635,0.988684118,-0.0192677919,-0.517234027,-0.125630632,-0.0399202406,-0.4359231,-0.500595033,-0.680460691,1.11156917,-0.298026145,-0.551693916,-0.110526666,0,-0.79118371,-1.47728431,0.528405726,0.969825268,-0.0960749909,-0.631733954,-0.0489115976,0,-0.682535589,-1.22470379,-0.969056785,0.449652672,1.23867571,0.897028387,0,-0.0533790924,-0.538130045,-0.452264249,-1.1134119,-1.22754025,1.17730367,1.78996634,-0.0942896381,-0.0425597429,0.705245078,1.47541523,0.0895507634,0.289205283,1.17954874,0.688616097,-0.208661944,-0.0282166321,-0.296499252,0.863229573,0.900428057,0.865321517,0.567166388,-0.253634006,-0.199069589,3
0,-0.32890445,-0.684941351,0.750325441,0.291318804,-0.652502358,-0.407344818,-0.114585042,-0.0596355125,-0.623986244,-0.437728167,1.00716376,0.988684118,0.639769375,-0.517234027,-0.125630632,-0.0399202406,-0.716925859,-0.147976398,1.20166171,-0.992467821,1.15024269,1.01301563,-0.110526666,0,-0.79118371,0.795401216,0.699460566,-1.63016486,0.577655911,1.7983259,-0.0489115976,0,0.186125115,1.29847205,0.303945839,-1.75093865,0.553595781,1.75842237,0,-0.0533790924,0.148251966,1.39350259,-0.651358843,-0.907544732,1.35455489,0.612332284,-0.0942896381,-0.0425597429,0.150493473,0.945732176,0.280988365,1.04814279,0.850427151,-0.7543782,-0.208661944,-0.0282166321,-0.296499252,-0.318559766,0.900428057,0.660672605,-0.279541612,-0.498878568,-0.199069589,0
0,-0.32890445,0.362978905,-0.204772368,0.291318804,0.411995322,-0.103828259,-0.114585042,-0.0596355125,-0.311246723,0.849991679,-0.745958686,-0.469239712,-0.348786354,-0.517234027,-0.125630632,-0.0399202406,2.0931015,1.08618891,-1.19376683,-1.15431678,-1.26353872,-0.551693916,-0.110526666,0,1.80039394,1.12007058,1.21262515,0.969825268,0.240790457,-0.631733954,-0.0489115976,0,-0.682535589,-0.278512836,-0.650806129,-0.0581760854,0.724865794,-0.82575953,0,-0.0533790924,-0.538130045,-1.0675199,-0.959394217,1.01242793,1.35455489,-0.800828636,-0.0942896381,-0.0425597429,-0.404258102,-0.290194958,0.855301201,0.858408391,-0.795180798,-0.7543782,-0.208661944,-0.0282166321,0.768356621,0.863229573,0.436939895,-1.99976373,-1.12624967,-0.498878568,-0.199069589,5
0,-0.32890445,-0.894525409,-0.921095729,0.524410903,1.65390921,1.11023796,-0.114585042,-0.0596355125,-0.311246723,0.666031718,-0.996404767,-1.9271636,0.969287932,1.76304007,-0.125630632,-0.0399202406,1.25009334,0.380951583,-1.19376683,-0.0213738531,1.3111614,1.95184135,-0.110526666,0,0.504605114,0.795401216,0.528405726,0.319827735,0.240790457,1.52831924,-0.0489115976,0,-0.682535589,-1.06700528,-0.969056785,-1.75093865,0.0397858657,1.47129107,0,-0.0533790924,-0.538130045,-1.0675199,-1.1134119,-1.22754025,0.822801173,0.612332284,-0.0942896381,-0.0425597429,-0.404258102,0.769171178,0.0895507634,-1.0389353,1.17954874,-0.7543782,-0.208661944,-0.0282166321,-0.296499252,-0.712489545,-0.95352453,0.865321517,0.0591415763,-0.498878568,-0.199069589,9
0,-0.32890445,0.153394848,-0.204772368,0.990595162,1.29907668,1.11023796,-0.114585042,-0.0596355125,0.00149279006,1.03395164,1.00716376,1.1969589,1.29880655,2.90317702,-0.125630632,-0.0399202406,-0.716925859,-1.73476028,-1.19376683,-0.345071852,1.3111614,0.700073719,-0.110526666,0,-0.79118371,-1.47728431,0.186296016,0.8073259,-0.432940423,-0.631733954,-0.0489115976,0,-0.682535589,0.194582611,1.09957254,-1.24310982,-1.5016439,-0.82575953,0,-0.0533790924,-0.538130045,0.932060838,1.35087121,0.852430165,-1.30421388,-0.800828636,-0.0942896381,-0.0425597429,-0.404258102,-1.3495611,-0.867637277,1.23787713,0.850427151,-0.7543782,-0.208661944,-0.0282166321,-0.296499252,-0.121594876,0.436939895,-0.157923222,-0.110200025,-0.498878568,-0.199069589,3
0,-0.32890445,-1.10410953,-0.921095729,0.0582266748,-0.829918623,-0.407344818,-0.114585042,-0.0596355125,-0.623986244,-1.72544801,0.756717741,0.363859624,-1.17258275,-0.517234027,-0.125630632,-0.0399202406,-0.716925859,-0.67690438,1.5438658,-0.668769836,-1.26353872,-0.551693916,-0.110526666,0,-0.79118371,-0.340941578,1.21262515,-1.46766543,-1.27510405,-0.631733954,-0.0489115976,0,-0.392982006,1.29847205,1.09957254,0.618928909,-0.645294011,-0.82575953,0,-0.0533790924,-0.194939047,0.778246939,1.35087121,-0.267553866,1.00005245,1.31891274,-0.0942896381,-0.0425597429,-0.404258102,-0.99643904,1.23817647,-0.659466565,0.192183971,2.33775258,-0.208661944,-0.0282166321,-0.296499252,-1.10641932,-1.41701269,0.865321517,1.58321595,2.19881153,-0.199069589,6
0,-0.32890445,-1.10410953,0.0340020917,-0.407957584,-1.00733483,-0.407344818,-0.114585042,-0.0596355125,-0.623986244,-1.17356813,1.00716376,-1.09406424,-1.33734202,-0.517234027,-0.125630632,-0.0399202406,-0.716925859,0.909879565,0.00394746149,-0.830618858,0.989323914,-0.238752022,-0.110526666,0,1.15249956,1.12007058,-1.18214285,-0.167670414,1.41981947,2.33833909,-0.0489115976,0,1.92344654,0.983075023,-0.0143048232,0.957481444,1.0674057,0.897028387,0,-0.0533790924,1.17782497,1.39350259,1.35087121,1.33242333,-1.30421388,-0.800828636,-0.0942896381,-0.0425597429,-0.404258102,-0.99643904,0.280988365,0.668674052,-1.45342398,-0.7543782,-0.208661944,-0.0282166321,-0.296499252,-1.10641932,-0.0265482478,0.251374692,-1.12624967,-0.498878568,-0.199069589,4
0,-0.32890445,-0.0561892018,0.511551023,-0.407957584,0.234579042,-0.407344818,-0.114585042,-0.0596355125,-0.623986244,1.03395164,1.00716376,1.1969589,1.29880655,0.33786878,-0.125630632,-0.0399202406,0.126082376,1.08618891,0.517253578,-0.830618858,1.3111614,1.63889945,-0.110526666,0,1.47644675,1.12007058,-1.01108789,-1.63016486,0.746088624,1.52831924,-0.0489115976,0,1.63389289,1.29847205,-1.2873075,-1.75093865,0.553595781,1.47129107,0,-0.0533790924,1.86420691,1.39350259,-0.343323469,-0.907544732,1.35455489,0.141278625,-0.0942896381,-0.0425597429,0.705245078,1.47541523,1.04673874,0.858408391,0.685866356,-0.7543782,-0.208661944,-0.0282166321,-0.296499252,0.272334903,0.668684006,0.251374692,-0.787566423,-0.498878568,-0.199069589,0
0,-0.32890445,-0.684941351,0.0340020917,0.0582266748,1.12166035,2.32430434,1.76820457,-0.0596355125,-0.623986244,-0.253768176,0.756717741,0.363859624,0.804528654,4.04331398,5.39596748,-0.0399202406,-0.716925859,0.380951583,0.175049499,-1.15431678,0.0238113683,2.57772517,-0.110526666,0,-0.467236519,1.12007058,-1.01108789,-1.1426667,1.25138676,-0.0917206332,-0.0489115976,0,-0.392982006,-0.751608312,-1.44643283,0.280376405,-0.302754074,-0.82575953,0,-0.0533790924,-0.538130045,-1.0675199,-0.497341156,0.852430165,-1.4814651,-0.800828636,-0.0942896381,-0.0425597429,-0.404258102,-1.3495611,0.663863599,-0.0902634487,-1.45342398,-0.7543782,-0.208661944,-0.0282166321,-0.296499252,-0.515524685,0.668684006,-1.79511487,-1.12624967,-0.498878568,-0.199069589,7
0,2.92647266,2.24923539,0.98909992,0.0582266748,1.12166035,1.41375458,-0.114585042,-0.0596355125,-0.623986244,-1.17356813,-1.99818909,-1.09406424,0.969287932,1.76304007,-0.125630632,-0.0399202406,-0.716925859,-1.73476028,-1.19376683,0.62602216,0.506567657,-0.551693916,-0.110526666,0,-0.79118371,-1.47728431,-0.840033114,0.969825268,-0.769805908,-0.631733954,-0.0489115976,0,-0.682535589,-1.22470379,-1.44643283,0.280376405,0.382325828,-0.82575953,0,-0.0533790924,-0.538130045,-1.0675199,-1.1134119,0.212439299,1.00005245,-0.800828636,-0.0942896381,-0.0425597429,-0.404258102,-0.819878042,-0.484762043,1.04814279,-0.795180798,-0.7543782,-0.208661944,-0.0282166321,2.89806843,2.04501891,0.436939895,-1.5904659,-1.12624967,-0.498878568,-0.199069589,3
0,-0.32890445,-1.10410953,-1.39864469,0.524410903,-1.00733483,-0.407344818,-0.114585042,-0.0596355125,-0.623986244,-1.17356813,1.00716376,-0.885789394,-1.33734202,-0.517234027,-0.125630632,-0.0399202406,-0.716925859,0.733570218,0.517253578,-0.992467821,-0.941701174,-0.551693916,-0.110526666,0,1.15249956,1.12007058,-0.840033114,0.319827735,0.409223169,-0.631733954,-0.0489115976,0,3.37121439,0.509979606,-1.44643283,0.957481444,-0.131484106,-0.82575953,0,26.7856293,4.95292616,1.39350259,1.35087121,1.33242333,0.291047394,-0.800828636,-0.0942896381,10.6569595,5.69800949,0.769171178,0.472425967,1.23787713,-0.630620003,-0.7543782,-0.208661944,-0.0282166321,-0.296499252,-1.10641932,-0.95352453,0.865321517,-0.448883235,-0.498878568,-0.199069589,4
0,4.01159859,2.24923539,0.98909992,0.990595162,1.65390921,0.503204882,-0.114585042,-0.0596355125,2.81614852,1.03395164,0.50627166,-0.469239712,-0.0192677919,-0.232199743,-0.125630632,-0.0399202406,2.65510702,0.733570218,-0.680460691,-1.15431678,-1.26353872,-0.551693916,-0.110526666,0,1.80039394,1.12007058,-0.840033114,-1.63016486,-1.27510405,-0.631733954,-0.0489115976,0,-0.103428438,1.29847205,-0.0143048232,-1.75093865,-1.5016439,-0.82575953,0,-0.0533790924,-0.538130045,0.470619142,0.734800398,-1.22754025,-1.4814651,-0.800828636,-0.0942896381,-0.0425597429,0.150493473,1.12229323,0.280988365,-1.79787278,-1.45342398,-0.7543782,-0.208661944,-0.0282166321,5.02778006,2.04501891,-2.11224484,-2.40906167,-1.12624967,-0.498878568,-0.199069589,5
0,0.756221235,0.78214699,0.750325441,0.291318804,-0.297669798,-0.407344818,-0.114585042,-0.0596355125,1.87792993,0.298111767,-1.99818909,-0.469239712,-0.0192677919,-0.517234027,-0.125630632,-0.0399202406,1.81209886,0.204642251,-1.19376683,-0.345071852,1.3111614,0.38713181,-0.110526666,0,0.504605114,0.633066535,-0.155813694,0.969825268,1.41981947,0.988305986,-0.0489115976,0,-0.682535589,-0.5939098,-0.17343016,-1.41238606,0.382325828,1.75842237,0,-0.0533790924,-0.538130045,-1.0675199,-1.1134119,-1.22754025,0.291047394,1.08338594,-0.0942896381,-0.0425597429,-0.404258102,-0.113633938,-1.82482529,-1.22866964,0.850427151,0.482474059,-0.208661944,-0.0282166321,-0.296499252,0.272334903,0.900428057,0.456023633,0.228483185,-0.498878568,-0.199069589,9
0,-0.32890445,1.62048328,0.98909992,0.990595162,1.83132553,2.02078772,-0.114585042,-0.0596355125,0.00149279006,1.03395164,0.255825579,-0.469239712,-0.678304911,-0.232199743,-0.125630632,-0.0399202406,1.25009334,1.08618891,-1.02266479,-1.15431678,-1.26353872,-0.551693916,-0.110526666,0,2.77223563,0.957735896,0.528405726,-0.817667961,-1.27510405,-0.631733954,-0.0489115976,0,0.765232265,1.29847205,1.09957254,0.957481444,-0.987833977,-0.82575953,0,-0.0533790924,-0.538130045,-1.0675199,-0.189305753,1.33242333,-1.12696266,-0.800828636,-0.0942896381,-0.0425597429,-0.404258102,-0.819878042,1.04673874,-0.0902634487,-1.45342398,-0.7543782,-0.208661944,-0.0282166321,-0.296499252,1.06019449,0.436939895,-2.40906167,-1.12624967,-0.498878568,-0.199069589,5
0,-0.32890445,-0.265773267,0.511551023,-0.174865454,-1.00733483,-0.407344818,-0.114585042,-0.0596355125,-0.623986244,-1.54148805,1.00716376,1.1969589,-0.843064249,-0.517234027,-0.125630632,-0.0399202406,-0.716925859,-1.73476028,1.20166171,1.43526709,-0.458944917,-0.551693916,-0.110526666,0,-0.79118371,-1.47728431,1.21262515,0.969825268,-0.769805908,-0.631733954,-0.0489115976,0,-0.682535589,-1.06700528,0.940447152,0.957481444,-1.15910399,-0.82575953,0,-0.0533790924,-0.538130045,-0.759892046,1.19685352,0.852430165,-1.4814651,-0.800828636,-0.0942896381,-0.0425597429,-0.404258102,-0.643316984,1.23817647,0.289205283,-1.45342398,-0.7543782,-0.208661944,-0.0282166321,-0.296499252,-0.121594876,0.900428057,0.456023633,-0.956908047,-0.498878568,-0.199069589,1
0,-0.32890445,-0.684941351,-0.68232125,0.291318804,1.12166035,0.1996883,-0.114585042,-0.0596355125,-0.311246723,0.666031718,0.255825579,-0.677514553,0.310250789,1.19297159,-0.125630632,-0.0399202406,-0.716925859,0.557260871,0.175049499,-0.992467821,-0.137107387,1.63889945,-0.110526666,0,-0.79118371,-0.99028033,0.699460566,0.644826531,1.08295405,-0.631733954,-0.0489115976,0,-0.682535589,-1.22470379,-1.44643283,0.788205206,1.0674057,-0.538628221,0,-0.0533790924,-0.538130045,-1.0675199,0.272747338,-0.427551597,-0.0634551048,0.376805425,-0.0942896381,-0.0425597429,-0.404258102,-1.3495611,0.663863599,-1.0389353,0.685866356,-0.342094123,-0.208661944,-0.0282166321,-0.296499252,-1.10641932,0.205195829,0.660672605,-0.110200025,-0.498878568,-0.199069589,8
0,0.756221235,0.572562933,0.0340020917,0.757503033,1.476493,0.806721449,-0.114585042,-0.0596355125,0.31423232,0.114151776,-0.996404767,-0.469239712,0.639769375,2.90317702,-0.125630632,-0.0399202406,-0.716925859,-1.73476028,-1.19376683,-0.830618858,0.828405142,1.63889945,-0.110526666,0,-0.79118371,-1.47728431,-1.18214285,0.8073259,0.746088624,-0.361727297,-0.0489115976,0,-0.682535589,-1.22470379,-1.44643283,0.449652672,-0.645294011,-0.82575953,0,-0.0533790924,-0.538130045,-1.0675199,-1.1134119,0.212439299,0.822801173,-0.800828636,-0.0942896381,-0.0425597429,-0.404258102,-0.113633938,-0.293324441,0.858408391,1.01498795,-0.7543782,-0.208661944,-0.0282166321,-0.296499252,1.65108919,0.668684006,-0.157923222,-0.787566423,-0.498878568,-0.199069589,3
0,-0.32890445,1.62048328,0.98909992,0.757503033,-0.297669798,-0.407344818,-0.114585042,-0.0596355125,-0.623986244,-0.253768176,-0.996404767,0.572134435,1.29880655,0.33786878,-0.125630632,-0.0399202406,-0.716925859,-1.73476028,-1.19376683,0.949720144,1.3111614,1.63889945,-0.110526666,0,-0.79118371,-1.47728431,-1.35319769,0.969825268,0.746088624,-0.631733954,-0.0489115976,0,-0.682535589,-1.22470379,-1.44643283,0.788205206,0.211055845,-0.82575953,0,-0.0533790924,-0.538130045,-1.0675199,-1.1134119,0.0524415746,1.17730367,-0.800828636,-0.0942896381,-0.0425597429,-0.404258102,-0.819878042,-0.676199675,1.04814279,1.17954874,0.688616097,-0.208661944,-0.0282166321,-0.296499252,1.84805405,0.900428057,0.865321517,0.736508012,-0.253634006,-0.199069589,3
0,-0.32890445,0.362978905,0.98909992,0.990595162,1.83132553,2.02078772,-0.114585042,-0.0596355125,-0.623986244,-0.0698082,0.00537951011,-0.0526900552,1.29880655,0.0528345145,-0.125630632,-0.0399202406,-0.716925859,0.557260871,-0.16715458,-0.0213738531,0.828405142,-0.551693916,-0.110526666,0,-0.79118371,0.146062478,-1.35319769,0.482327133,-0.432940423,-0.631733954,-0.0489115976,0,-0.682535589,0.194582611,0.144820511,0.957481444,-0.131484106,0.0356344357,0,-0.0533790924,-0.194939047,0.778246939,1.19685352,1.33242333,1.35455489,0.376805425,-0.0942896381,-0.0425597429,-0.404258102,-1.1730001,1.23817647,-1.41840398,-0.959741592,-0.7543782,-0.208661944,-0.0282166321,-0.296499252,0.666264713,0.436939895,-2.40906167,-1.12624967,-0.498878568,-0.199069589,7
0,-0.32890445,-0.894525409,-0.68232125,0.757503033,-0.120253511,-0.407344818,-0.114585042,-0.0596355125,-0.623986244,0.666031718,-0.245066568,-1.09406424,0.475010067,-0.517234027,-0.125630632,-0.0399202406,0.407085121,0.909879565,-1.02266479,-0.506920815,0.989323914,-0.551693916,-0.110526666,0,-0.79118371,-0.503276289,-1.35319769,0.482327133,0.240790457,-0.631733954,-0.0489115976,0,-0.682535589,-1.22470379,-1.44643283,-0.0581760854,0.724865794,-0.538628221,0,-0.0533790924,-0.538130045,-1.0675199,-1.1134119,-1.22754025,-0.0634551048,1.55443954,-0.0942896381,-0.0425597429,-0.404258102,0.769171178,-0.101886839,-1.0389353,-0.795180798,2.33775258,-0.208661944,-0.0282166321,-0.296499252,-0.909454465,-0.490036398,0.865321517,1.41387439,2.19881153,0.309528947,3
0,-0.32890445,1.62048328,0.511551023,-0.641049683,-0.829918623,-0.407344818,-0.114585042,-0.0596355125,0.939711332,1.03395164,0.00537951011,0.363859624,0.639769375,-0.232199743,-0.125630632,-0.0399202406,0.969090581,1.08618891,-0.851562738,-0.830618858,1.3111614,1.01301563,-0.110526666,0,0.180657908,1.12007058,-0.668978274,-1.1426667,1.41981947,1.7983259,-0.0489115976,0,-0.682535589,0.194582611,1.09957254,0.957481444,1.23867571,2.04555368,0,-0.0533790924,-0.538130045,-1.0675199,-0.189305753,-0.107556142,1.17730367,1.31891274,-0.0942896381,-0.0425597429,-0.404258102,-1.3495611,-1.82482529,-0.659466565,1.17954874,0.276332021,-0.208661944,-0.0282166321,-0.296499252,0.863229573,0.900428057,0.865321517,0.905849576,-0.498878568,-0.199069589,9
0,-0.32890445,0.362978905,0.750325441,0.990595162,0.766827881,-0.407344818,-0.114585042,-0.0596355125,-0.623986244,0.666031718,-0.745958686,-0.0526900552,1.29880655,-0.232199743,-0.125630632,-0.0399202406,-0.716925859,-1.38214171,-0.338256598,1.27341807,0.989323914,-0.551693916,-0.110526666,0,-0.79118371,-1.47728431,0.357350856,0.969825268,-0.432940423,-0.631733954,-0.0489115976,0,-0.682535589,-1.22470379,-1.12818217,0.957481444,-0.131484106,-0.82575953,0,-0.0533790924,-0.538130045,-1.0675199,-1.1134119,0.37243703,0.822801173,-0.800828636,-0.0942896381,-0.0425597429,-0.404258102,0.592610121,-0.101886839,1.04814279,1.17954874,-0.548236191,-0.208661944,-0.0282166321,-0.296499252,0.469299793,0.900428057,0.865321517,0.905849576,-0.498878568,-0.199069589,3
0,-0.32890445,0.362978905,0.750325441,0.524410903,0.411995322,-0.407344818,-0.114585042,-0.0596355125,-0.311246723,0.849991679,-1.24685085,-1.09406424,0.969287932,0.907937288,-0.125630632,-0.0399202406,-0.716925859,0.909879565,0.175049499,-1.15431678,0.345648885,1.63889945,-0.110526666,0,0.180657908,1.12007058,-0.497923404,-1.63016486,0.746088624,1.52831924,-0.0489115976,0,0.765232265,1.29847205,-1.12818217,-1.75093865,0.553595781,1.47129107,0,-0.0533790924,0.834633946,1.39350259,-0.651358843,-1.06754243,1.35455489,0.141278625,-0.0942896381,-0.0425597429,2.36949968,1.47541523,0.0895507634,0.858408391,0.521305561,-0.7543782,-0.208661944,-0.0282166321,-0.296499252,0.469299793,0.668684006,0.660672605,-0.787566423,-0.498878568,-0.199069589,0
0,-0.32890445,2.03965139,0.0340020917,-2.03960252,-1.00733483,-0.407344818,-0.114585042,-0.0596355125,-0.623986244,0.849991679,-0.745958686,0.780409276,-1.17258275,-0.517234027,-0.125630632,-0.0399202406,-0.716925859,0.380951583,0.517253578,1.27341807,-1.10261989,-0.551693916,-0.110526666,0,-0.79118371,-0.665610969,1.21262515,-0.980167329,0.409223169,1.25831258,-0.0489115976,0,-0.682535589,-1.22470379,0.303945839,0.618928909,0.382325828,-0.82575953,0,-0.0533790924,-0.538130045,-0.913705945,0.734800398,0.852430165,0.468298674,-0.800828636,-0.0942896381,-0.0425597429,-0.404258102,0.769171178,-0.676199675,-1.79787278,0.0276231728,0.0701899752,-0.208661944,-0.0282166321,-0.296499252,1.84805405,-1.88050091,-1.38581693,1.07519114,0.972588837,-0.199069589,8
0,-0.32890445,0.362978905,0.272776544,-0.874141812,0.0571627617,-0.407344818,-0.114585042,-0.0596355125,-0.623986244,1.03395164,0.756717741,1.1969589,0.969287932,2.33310866,-0.125630632,-0.0399202406,0.407085121,1.08618891,1.03055966,-0.992467821,-1.26353872,-0.551693916,-0.110526666,0,-0.467236519,0.146062478,1.21262515,-0.167670414,-1.27510405,-0.631733954,-0.0489115976,0,-0.682535589,-1.22470379,-0.650806129,0.449652672,-1.5016439,-0.82575953,0,-0.0533790924,-0.538130045,-1.0675199,-0.343323469,1.17242563,-1.4814651,-0.800828636,-0.0942896381,-0.0425597429,-0.404258102,0.0629270747,0.280988365,-0.279997826,-1.45342398,-0.7543782,-0.208661944,-0.0282166321,-0.296499252,0.666264713,0.900428057,-1.79511487,-1.12624967,-0.498878568,-0.199069589,5
0,-0.32890445,-1.10410953,-1.87619352,0.524410903,1.476493,-0.103828259,-0.114585042,-0.0596355125,-0.623986244,-1.35752809,0.50627166,0.363859624,0.310250789,0.622903049,-0.125630632,-0.0399202406,0.126082376,0.557260871,-0.509358644,-1.15431678,0.0238113683,1.32595754,-0.110526666,0,0.180657908,0.957735896,0.0152411638,-1.30516613,1.25138676,-0.361727297,-0.0489115976,0,-0.682535589,-0.909306765,0.144820511,0.957481444,0.724865794,-0.82575953,0,-0.0533790924,-0.538130045,-1.0675199,-1.1134119,0.692432463,1.00005245,0.141278625,-0.0942896381,-0.0425597429,-0.404258102,-1.3495611,-1.44195008,0.478939652,0.0276231728,-0.13595207,-0.208661944,-0.0282166321,-0.296499252,-1.10641932,-2.34398913,0.865321517,1.24453282,-0.498878568,-0.199069589,8
0,-0.32890445,-0.475357324,-0.204772368,0.990595162,1.65390921,-0.103828259,-0.114585042,-0.0596355125,-0.311246723,1.03395164,0.50627166,-0.0526900552,1.29880655,0.0528345145,-0.125630632,-0.0399202406,0.688087881,0.380951583,-1.19376683,0.140475139,0.66748637,-0.551693916,-0.110526666,0,-0.79118371,-1.31494963,-1.35319769,0.482327133,0.240790457,-0.631733954,-0.0489115976,0,-0.682535589,0.509979606,1.09957254,0.957481444,0.724865794,-0.251496881,0,-0.0533790924,-0.538130045,0.624433041,1.04283583,1.17242563,0.645549893,0.376805425,-0.0942896381,-0.0425597429,-0.404258102,-1.3495611,1.04673874,-0.0902634487,-1.45342398,-0.7543782,-0.208661944,-0.0282166321,-0.296499252,-1.10641932,0.668684006,-1.38581693,-1.12624967,-0.498878568,-0.199069589,7
0,-0.32890445,-0.475357324,0.98909992,-2.73887897,-1.00733483,-0.407344818,-0.114585042,-0.0596355125,-0.623986244,-0.0698082,-0.495512635,-2.13543844,-1.33734202,-0.517234027,-0.125630632,-0.0399202406,-0.4359231,1.08618891,-0.680460691,0.949720144,-0.458944917,-0.551693916,-0.110526666,0,1.80039394,0.633066535,-1.35319769,0.969825268,-0.0960749909,0.988305986,-0.0489115976,0,3.37121439,0.82537657,-0.0143048232,0.957481444,1.23867571,2.04555368,0,-0.0533790924,3.2369709,1.39350259,1.35087121,1.01242793,0.113796152,-0.0942482054,-0.0942896381,-0.0425597429,0.150493473,-0.643316984,1.23817647,-0.279997826,-1.45342398,-0.7543782,-0.208661944,-0.0282166321,-0.296499252,-0.712489545,0.900428057,-1.18116796,-1.12624967,-0.498878568,-0.199069589,4
0,-0.32890445,-0.0561892018,-0.443546832,-0.174865454,1.29907668,3.23485398,-0.114585042,-0.0596355125,0.00149279006,0.666031718,-0.996404767,-0.469239712,0.804528654,2.33310866,-0.125630632,-0.0399202406,-0.4359231,-0.67690438,-1.19376683,-0.506920815,0.828405142,-0.551693916,-0.110526666,0,-0.79118371,-1.47728431,-1.35319769,0.8073259,-0.938238621,-0.631733954,-0.0489115976,0,-0.682535589,-1.22470379,0.303945839,0.788205206,-0.131484106,-0.538628221,0,-0.0533790924,0.148251966,1.23968863,1.19685352,0.0524415746,-0.240706354,-0.800828636,-0.0942896381,-0.0425597429,0.150493473,0.239488095,0.472425967,-1.79787278,-1.45342398,-0.7543782,-0.208661944,-0.0282166321,-0.296499252,0.272334903,-0.258292317,-2.40906167,-1.12624967,-0.498878568,-0.199069589,7
0,-0.32890445,1.20131516,-0.443546832,0.0582266748,1.476493,2.93133736,-0.114585042,-0.0596355125,-0.623986244,1.03395164,1.00716376,1.1969589,1.29880655,1.47800589,-0.125630632,-0.0399202406,-0.4359231,1.08618891,1.5438658,1.43526709,0.66748637,-0.551693916,-0.110526666,0,-0.467236519,-0.665610969,-1.18214285,0.157328367,1.25138676,-0.631733954,-0.0489115976,0,-0.682535589,-1.06700528,-1.44643283,-1.41238606,1.23867571,-0.82575953,0,-0.0533790924,0.491442949,0.778246939,-1.1134119,-0.74754703,1.17730367,-0.800828636,-0.0942896381,-0.0425597429,2.92425132,1.29885423,-0.293324441,0.668674052,0.356744766,-0.7543782,-0.208661944,-0.0282166321,-0.296499252,0.666264713,0.436939895,-0.567221105,-0.787566423,-0.498878568,-0.199069589,5
0,-0.32890445,-0.475357324,-0.921095729,0.0582266748,1.65390921,4.44892025,1.76820457,-0.0596355125,-0.623986244,0.298111767,0.50627166,-0.0526900552,0.804528654,3.75828004,-0.125630632,-0.0399202406,-0.716925859,-1.55845106,-1.02266479,-0.830618858,0.989323914,1.32595754,-0.110526666,0,-0.79118371,-1.15261495,-0.155813694,0.482327133,1.41981947,1.52831924,-0.0489115976,0,-0.682535589,0.194582611,1.09957254,0.957481444,0.211055845,0.609897077,0,-0.0533790924,-0.538130045,-0.913705945,0.118729629,0.692432463,-1.30421388,-0.800828636,-0.0942896381,-0.0425597429,-0.404258102,-1.3495611,0.855301201,-0.279997826,-1.45342398,-0.7543782,-0.208661944,-0.0282166321,-0.296499252,-0.712489545,0.900428057,-1.38581693,-1.12624967,-0.498878568,-0.199069589,7
0,-0.32890445,-0.684941351,-0.204772368,0.291318804,-0.120253511,-0.407344818,-0.114585042,-0.0596355125,-0.311246723,0.666031718,-0.745958686,-0.469239712,0.969287932,-0.517234027,-0.125630632,-0.0399202406,0.969090581,0.557260871,-1.02266479,-0.830618858,1.3111614,0.0741898865,-0.110526666,0,1.47644675,-0.340941578,-1.52425253,-1.63016486,0.746088624,0.718299329,-0.0489115976,0,1.34433937,0.194582611,-1.44643283,-1.75093865,-0.987833977,1.75842237,0,-0.0533790924,0.148251966,0.778246939,-1.1134119,-1.22754025,-0.772460103,1.78996634,-0.0942896381,-0.0425597429,-0.404258102,0.769171178,-0.676199675,-1.0389353,0.850427151,0.688616097,-0.208661944,-0.0282166321,-0.296499252,-0.515524685,0.205195829,0.865321517,0.397824794,-0.498878568,-0.199069589,0
0,-0.32890445,-1.10410953,-0.443546832,0.0582266748,-0.475086063,-0.407344818,-0.114585042,-0.0596355125,-0.623986244,-0.437728167,1.00716376,0.988684118,0.969287932,-0.517234027,-0.125630632,-0.0399202406,-0.716925859,-0.853213727,1.5438658,0.464173138,1.3111614,-0.238752022,-0.110526666,0,-0.79118371,-0.665610969,1.21262515,0.969825268,0.409223169,-0.361727297,-0.0489115976,0,-0.392982006,1.29847205,0.463071167,0.957481444,-0.131484106,-0.82575953,0,-0.0533790924,-0.194939047,1.39350259,-0.651358843,-0.587549329,1.35455489,0.141278625,-0.0942896381,-0.0425597429,-0.404258102,0.769171178,0.280988365,-1.0389353,1.17954874,1.10090017,-0.208661944,-0.0282166321,-0.296499252,-0.712489545,-0.490036398,0.456023633,1.07519114,0.482099682,-0.199069589,8
0,-0.32890445,0.362978905,0.0340020917,0.757503033,0.0571627617,-0.407344818,-0.114585042,-0.0596355125,3.75436711,1.03395164,0.756717741,-0.885789394,-1.33734202,-0.517234027,-0.125630632,-0.0399202406,3.77911806,1.08618891,1.03055966,-1.15431678,-1.26353872,-0.551693916,-0.110526666,0,2.44828844,1.12007058,0.870515406,-0.330169797,-1.27510405,-0.631733954,-0.0489115976,0,-0.682535589,-0.909306765,-0.17343016,0.449652672,-1.5016439,-0.82575953,0,-0.0533790924,-0.538130045,-1.0675199,0.426765025,1.17242563,-1.4814651,-0.800828636,-0.0942896381,-0.0425597429,-0.404258102,-0.643316984,0.663863599,1.04814279,-1.45342398,-0.7543782,-0.208661944,-0.0282166321,-0.296499252,0.272334903,0.900428057,-0.976518989,-1.12624967,-0.498878568,-0.199069589,5
0,-0.32890445,-1.10410953,0.0340020917,-1.57341826,-1.00733483,-0.407344818,-0.114585042,-0.0596355125,-0.623986244,-1.54148805,0.756717741,-0.677514553,-1.33734202,-0.517234027,-0.125630632,-0.0399202406,-0.716925859,-0.500595033,1.5438658,0.140475139,-1.26353872,-0.551693916,-0.110526666,0,-0.79118371,0.957735896,1.04157031,-0.330169797,-0.601373136,-0.631733954,-0.0489115976,0,-0.682535589,1.14077353,1.09957254,0.957481444,1.0674057,0.0356344357,0,-0.0533790924,-0.194939047,1.39350259,0.888818085,-0.587549329,0.468298674,1.78996634,-0.0942896381,-0.0425597429,-0.404258102,0.592610121,0.855301201,-0.0902634487,1.01498795,1.51318431,-0.208661944,-0.0282166321,-0.296499252,-0.909454465,0.436939895,0.865321517,1.41387439,0.972588837,-0.199069589,6
0,0.756221235,1.62048328,-0.68232125,-0.874141812,1.29907668,0.1996883,-0.114585042,-0.0596355125,2.50340891,-0.621688128,-2.9999733,-2.13543844,0.639769375,0.0528345145,-0.125630632,-0.0399202406,1.81209886,-0.67690438,-1.19376683,0.302324146,-0.298026145,-0.551693916,-0.110526666,0,-0.467236519,0.633066535,0.186296016,-0.00517102238,-1.27510405,-0.631733954,-0.0489115976,0,-0.682535589,0.194582611,1.09957254,-1.41238606,-1.5016439,-0.82575953,0,-0.0533790924,0.148251966,0.778246939,-0.343323469,0.692432463,-1.30421388,-0.800828636,-0.0942896381,-0.0425597429,1.81474817,0.239488095,-1.82482529,-0.0902634487,-0.630620003,-0.7543782,-0.208661944,-0.0282166321,0.768356621,1.25715935,-0.258292317,-0.771870077,-1.12624967,-0.498878568,-0.199069589,8
0,-0.32890445,-1.10410953,-1.87619352,0.757503033,1.12166035,-0.407344818,-0.114585042,-0.0596355125,-0.623986244,-1.35752809,1.00716376,0.988684118,0.969287932,-0.517234027,-0.125630632,-0.0399202406,-0.716925859,-0.324285716,1.03055966,0.140475139,1.3111614,-0.551693916,-0.110526666,0,-0.79118371,-1.31494963,-0.497923404,0.8073259,0.577655911,-0.631733954,-0.0489115976,0,-0.392982006,0.0368841328,0.622196496,0.788205206,-1.33037388,-0.82575953,0,-0.0533790924,2.55058908,1.39350259,1.35087121,-0.427551597,-1.4814651,-0.800828636,-0.0942896381,-0.0425597429,1.25999665,0.945732176,1.23817647,1.23787713,0.356744766,0.276332021,-0.208661944,-0.0282166321,-0.296499252,-1.10641932,-2.11224484,-0.157923222,1.58321595,1.70832253,-0.199069589,2
0,-0.32890445,-0.684941351,0.98909992,-0.407957584,-1.00733483,-0.407344818,-0.114585042,-0.0596355125,-0.623986244,-1.35752809,1.00716376,1.1969589,-1.17258275,-0.517234027,-0.125630632,-0.0399202406,-0.716925859,-0.853213727,1.5438658,1.11156917,-1.26353872,-0.551693916,-0.110526666,0,-0.79118371,-0.99028033,1.21262515,0.482327133,-1.27510405,-0.631733954,-0.0489115976,0,-0.682535589,-1.06700528,1.09957254,0.788205206,-1.5016439,-0.82575953,0,-0.0533790924,-0.538130045,-0.913705945,1.35087121,1.33242333,-1.4814651,-0.800828636,-0.0942896381,-0.0425597429,-0.404258102,-0.99643904,1.23817647,1.04814279,-1.12430239,-0.7543782,-0.208661944,-0.0282166321,-0.296499252,-1.10641932,0.668684006,0.865321517,0.736508012,-0.498878568,-0.199069589,1
0,-0.32890445,0.153394848,0.750325441,0.990595162,1.65390921,2.93133736,-0.114585042,-0.0596355125,-0.311246723,0.849991679,0.50627166,-0.469239712,-0.0192677919,1.47800589,-0.125630632,-0.0399202406,0.407085121,1.08618891,-0.338256598,-1.15431678,-1.26353872,-0.551693916,-0.110526666,0,1.47644675,1.12007058,-0.155813694,-1.63016486,-1.27510405,-0.631733954,-0.0489115976,0,-0.392982006,0.509979606,1.09957254,-0.396728605,-1.5016439,-0.82575953,0,-0.0533790924,-0.538130045,-1.0675199,1.19685352,0.532434762,-1.4814651,-0.800828636,-0.0942896381,-0.0425597429,-0.404258102,-1.3495611,0.855301201,0.289205283,-1.45342398,-0.7543782,-0.208661944,-0.0282166321,-0.296499252,0.666264713,0.900428057,-1.38581693,-1.12624967,-0.498878568,-0.199069589,5
0,-0.32890445,0.78214699,0.98909992,0.990595162,0.766827881,-0.407344818,-0.114585042,-0.0596355125,0.00149279006,1.03395164,-0.745958686,0.155584782,0.475010067,-0.517234027,-0.125630632,-0.0399202406,-0.716925859,0.909879565,0.00394746149,0.787871122,1.3111614,0.38713181,-0.110526666,0,-0.79118371,-0.340941578,1.21262515,0.8073259,1.25138676,1.25831258,-0.0489115976,0,-0.682535589,-1.22470379,-1.44643283,-1.75093865,0.211055845,2.04555368,0,-0.0533790924,-0.538130045,-1.0675199,-1.1134119,-1.22754025,0.468298674,1.55443954,-0.0942896381,-0.0425597429,-0.404258102,0.592610121,-1.44195008,-0.659466565,1.17954874,0.482474059,-0.208661944,-0.0282166321,-0.296499252,0.666264713,0.900428057,0.865321517,0.736508012,-0.253634006,-0.199069589,9
0,-0.32890445,-0.684941351,0.750325441,-1.57341826,-1.00733483,-0.407344818,-0.114585042,-0.0596355125,-0.623986244,-0.253768176,0.756717741,-2.13543844,-1.17258275,-0.517234027,-0.125630632,-0.0399202406,-0.716925859,0.733570218,0.346151531,0.302324146,0.184730127,-0.551693916,-0.110526666,0,1.80039394,1.12007058,-0.840033114,0.969825268,0.914521337,2.60834575,-0.0489115976,0,3.08166075,1.29847205,1.09957254,0.957481444,1.0674057,1.18415976,0,-0.0533790924,0.491442949,0.162991345,0.888818085,0.692432463,-1.12696266,-0.800828636,-0.0942896381,-0.0425597429,-0.404258102,-1.3495611,0.855301201,0.0994709209,-1.45342398,-0.7543782,-0.208661944,-0.0282166321,-0.296499252,-0.515524685,0.900428057,-0.976518989,-1.12624967,-0.498878568,-0.199069589,4
0,8.35210133,2.24923539,0.0340020917,0.757503033,1.83132553,1.71727109,-0.114585042,-0.0596355125,3.4416275,1.03395164,0.50627166,-0.885789394,-0.678304911,-0.232199743,-0.125630632,-0.0399202406,2.65510702,0.0283329226,-1.19376683,-1.15431678,-1.26353872,-0.551693916,-0.110526666,0,0.180657908,1.12007058,0.186296016,-1.63016486,-1.27510405,-0.631733954,-0.0489115976,0,-0.682535589,-0.278512836,0.940447152,-0.227452338,-1.5016439,-0.82575953,0,-0.0533790924,-0.538130045,-1.0675199,-0.497341156,1.33242333,-1.12696266,-0.800828636,-0.0942896381,-0.0425597429,0.150493473,-0.643316984,-0.676199675,1.23787713,-0.630620003,-0.7543782,-0.208661944,-0.0282166321,7.15749168,2.04501891,0.900428057,-0.362572163,-1.12624967,-0.498878568,-0.199069589,5
0,-0.32890445,0.362978905,0.98909992,0.990595162,0.411995322,-0.407344818,-0.114585042,-0.0596355125,-0.623986244,0.666031718,0.00537951011,0.155584782,0.969287932,-0.517234027,-0.125630632,-0.0399202406,-0.716925859,0.204642251,1.37276375,1.43526709,0.66748637,-0.551693916,-0.110526666,0,-0.79118371,-0.665610969,1.04157031,0.8073259,-0.601373136,-0.631733954,-0.0489115976,0,-0.682535589,-1.22470379,-0.969056785,0.280376405,0.896135747,-0.82575953,0,-0.0533790924,-0.194939047,0.470619142,-1.1134119,-0.107556142,1.17730367,-0.800828636,-0.0942896381,-0.0425597429,0.150493473,1.12229323,-0.676199675,0.668674052,0.521305561,-0.7543782,-0.208661944,-0.0282166321,-0.296499252,0.272334903,0.900428057,0.865321517,0.736508012,-0.498878568,-0.199069589,9
0,-0.32890445,-0.894525409,0.272776544,-0.407957584,-0.829918623,-0.407344818,-0.114585042,-0.0596355125,-0.623986244,0.298111767,-1.49729693,-0.677514553,0.310250789,-0.517234027,-0.125630632,-0.0399202406,-0.716925859,0.0283329226,0.517253578,0.62602216,1.15024269,-0.551693916,-0.110526666,0,-0.79118371,-1.31494963,0.870515406,0.969825268,1.41981947,0.718299329,-0.0489115976,0,-0.682535589,-1.22470379,-1.44643283,-1.75093865,0.211055845,2.04555368,0,-0.0533790924,-0.538130045,-1.0675199,-1.1134119,-1.22754025,-0.595208883,1.78996634,-0.0942896381,-0.0425597429,-0.404258102,-0.99643904,-1.05907488,-1.0389353,0.850427151,1.51318431,-0.208661944,-0.0282166321,-0.296499252,-0.712489545,-0.258292317,0.660672605,1.58321595,0.727344275,-0.199069589,9
0,1.84134698,2.03965139,0.98909992,0.990595162,1.29907668,0.1996883,-0.114585042,-0.0596355125,-0.311246723,-0.0698082,-0.996404767,0.780409276,1.29880655,1.76304007,-0.125630632,-0.0399202406,-0.716925859,-1.73476028,-1.19376683,1.43526709,1.15024269,-0.238752022,-0.110526666,0,-0.79118371,-1.47728431,-1.52425253,0.969825268,0.0723577365,-0.631733954,-0.0489115976,0,-0.682535589,-1.22470379,-1.44643283,0.618928909,0.896135747,-0.82575953,0,-0.0533790924,-0.538130045,-1.0675199,-1.1134119,0.532434762,1.35455489,-0.565301836,-0.0942896381,-0.0425597429,0.705245078,1.12229323,0.663863599,1.23787713,1.17954874,-0.13595207,-0.208661944,-0.0282166321,1.83321249,1.84805405,0.900428057,0.456023633,-0.279541612,-0.498878568,-0.199069589,3
0,-0.32890445,1.20131516,-0.443546832,-2.73887897,-1.00733483,-0.407344818,-0.114585042,-0.0596355125,-0.623986244,0.482071757,0.756717741,-2.13543844,-1.33734202,-0.517234027,-0.125630632,-0.0399202406,-0.716925859,0.380951583,1.5438658,-0.345071852,-1.26353872,-0.551693916,-0.110526666,0,-0.467236519,0.957735896,1.21262515,-0.817667961,-1.27510405,-0.631733954,-0.0489115976,0,-0.682535589,-0.751608312,0.622196496,-0.0581760854,-1.5016439,-0.82575953,0,-0.0533790924,-0.538130045,-1.0675199,0.426765025,1.01242793,-1.4814651,-0.800828636,-0.0942896381,-0.0425597429,-0.404258102,-0.466755986,0.280988365,1.23787713,0.0276231728,0.276332021,0.762775302,-0.0282166321,-0.296499252,1.25715935,0.900428057,0.865321517,1.58321595,3.42503452,5.90411282,1
0,-0.32890445,-0.0561892018,0.0340020917,-0.407957584,-0.297669798,-0.407344818,-0.114585042,-0.0596355125,-0.623986244,-0.989608109,1.00716376,1.1969589,1.29880655,0.33786878,-0.125630632,-0.0399202406,-0.716925859,-1.73476028,1.5438658,1.43526709,1.3111614,-0.551693916,-0.110526666,0,-0.79118371,-0.99028033,1.21262515,0.969825268,0.914521337,-0.631733954,-0.0489115976,0,-0.682535589,-0.5939098,1.09957254,0.957481444,0.553595781,-0.82575953,0,-0.0533790924,-0.538130045,0.162991345,1.35087121,1.33242333,-0.0634551048,-0.800828636,-0.0942896381,-0.0425597429,-0.404258102,0.416049123,1.23817647,1.23787713,-0.301498413,-0.7543782,-0.208661944,-0.0282166321,-0.296499252,0.469299793,-0.0265482478,0.0467257351,-0.448883235,-0.498878568,-0.199069589,1
0,-0.32890445,-1.10410953,-1.6374191,-0.174865454,-0.829918623,-0.407344818,-0.114585042,-0.0596355125,-0.623986244,-1.90940797,0.50627166,0.780409276,-1.00782347,-0.517234027,-0.125630632,-0.0399202406,-0.716925859,-0.853213727,1.5438658,-0.345071852,-1.26353872,-0.551693916,-0.110526666,0,-0.79118371,-0.178606898,1.04157031,-1.30516613,-1.27510405,-0.631733954,-0.0489115976,0,-0.682535589,0.352281094,0.622196496,-1.75093865,-1.5016439,-0.82575953,0,-0.0533790924,-0.538130045,1.0858748,1.35087121,1.33242333,-0.0634551048,-0.800828636,-0.0942896381,-0.0425597429,-0.404258102,-0.290194958,1.23817647,-0.0902634487,1.01498795,0.482474059,-0.208661944,-0.0282166321,-0.296499252,-1.10641932,-1.41701269,0.456023633,1.58321595,1.4630779,-0.199069589,6
0,-0.32890445,-1.10410953,-2.83129144,-1.57341826,1.65390921,-0.103828259,-0.114585042,-0.0596355125,-0.623986244,-1.90940797,-2.9999733,0.155584782,1.29880655,-0.232199743,-0.125630632,-0.0399202406,-0.716925859,-1.73476028,0.175049499,1.27341807,1.3111614,0.38713181,-0.110526666,0,-0.143289298,0.633066535,1.04157031,-0.817667961,1.41981947,-0.631733954,-0.0489115976,0,1.63389289,0.983075023,-1.12818217,-1.24310982,1.23867571,-0.82575953,0,-0.0533790924,-0.538130045,-1.0675199,-1.1134119,-0.587549329,1.17730367,-0.800828636,-0.0942896381,-0.0425597429,-0.404258102,-1.3495611,-1.82482529,-0.849200904,1.01498795,-0.7543782,-0.208661944,-0.0282166321,-0.296499252,-1.10641932,-2.80747724,-1.38581693,1.58321595,-0.253634006,-0.199069589,1
0,-0.32890445,0.991731048,0.272776544,-1.57341826,-1.00733483,-0.407344818,-0.114585042,-0.0596355125,0.31423232,1.03395164,1.00716376,1.1969589,0.310250789,-0.517234027,-0.125630632,-0.0399202406,1.5310961,1.08618891,-1.02266479,-0.183222845,1.3111614,1.01301563,-0.110526666,0,1.80039394,0.308397144,-1.52425253,-1.63016486,0.240790457,2.60834575,-0.0489115976,0,2.21300006,0.0368841328,-1.44643283,-1.75093865,-0.131484106,2.6198163,0,-0.0533790924,2.20739794,0.624433041,-1.1134119,-1.22754025,-0.0634551048,1.78996634,-0.0942896381,-0.0425597429,1.25999665,1.47541523,0.0895507634,-0.279997826,1.01498795,1.10090017,-0.208661944,-0.0282166321,-0.296499252,0.666264713,0.900428057,0.865321517,0.567166388,-0.253634006,-0.199069589,0
0,-0.32890445,0.153394848,0.750325441,-0.641049683,-1.00733483,-0.407344818,-0.114585042,-0.0596355125,-0.623986244,0.114151776,1.00716376,1.1969589,0.804528654,-0.517234027,-0.125630632,-0.0399202406,-0.716925859,0.0283329226,1.5438658,1.43526709,1.3111614,1.63889945,-0.110526666,0,-0.467236519,1.12007058,-0.155813694,-1.63016486,0.577655911,1.52831924,-0.0489115976,0,1.34433937,0.983075023,-1.2873075,-1.75093865,0.211055845,1.47129107,0,-0.0533790924,2.20739794,0.778246939,-1.1134119,-1.22754025,0.822801173,0.141278625,-0.0942896381,-0.0425597429,2.36949968,1.47541523,-0.293324441,-0.0902634487,0.685866356,-0.7543782,-0.208661944,-0.0282166321,-0.296499252,0.0753700212,-0.0265482478,0.251374692,-0.279541612,-0.498878568,-0.199069589,0
0,-0.32890445,-1.10410953,-0.68232125,-0.174865454,-1.00733483,-0.407344818,-0.114585042,-0.0596355125,-0.623986244,-0.989608109,0.756717741,-1.9271636,-1.33734202,-0.517234027,-0.125630632,-0.0399202406,-0.154920369,1.08618891,-0.509358644,-1.15431678,-0.780782402,2.26478338,-0.110526666,0,1.47644675,0.795401216,-1.52425253,-1.46766543,1.08295405,2.60834575,-0.0489115976,0,1.92344654,1.29847205,0.463071167,0.618928909,1.0674057,-0.538628221,0,-0.0533790924,-0.538130045,-0.144636467,0.118729629,1.17242563,-0.417957604,-0.800828636,-0.0942896381,-0.0425597429,-0.404258102,-1.3495611,-1.05907488,1.23787713,-1.28886318,-0.7543782,-0.208661944,-0.0282166321,-0.296499252,-1.10641932,-0.721780479,0.251374692,-1.12624967,-0.498878568,-0.199069589,4
0,-0.32890445,0.153394848,0.272776544,0.990595162,0.411995322,-0.407344818,-0.114585042,-0.0596355125,0.939711332,1.03395164,0.756717741,0.780409276,0.639769375,-0.517234027,-0.125630632,-0.0399202406,1.81209886,0.380951583,-0.851562738,1.27341807,0.0238113683,-0.551693916,-0.110526666,0,-0.79118371,-1.47728431,0.0152411638,0.319827735,-1.27510405,-0.631733954,-0.0489115976,0,-0.682535589,-1.22470379,0.940447152,0.957481444,0.724865794,0.0356344357,0,-0.0533790924,-0.538130045,-1.0675199,-0.651358843,0.212439299,1.17730367,1.78996634,-0.0942896381,-0.0425597429,-0.404258102,-1.1730001,-0.293324441,0.858408391,1.17954874,0.894758165,-0.208661944,-0.0282166321,-0.296499252,0.272334903,0.900428057,0.456023633,-0.110200025,-0.498878568,-0.199069589,3
0,-0.32890445,-0.684941351,0.750325441,0.757503033,-0.475086063,-0.407344818,-0.114585042,-0.0596355125,-0.623986244,0.482071757,0.756717741,-0.469239712,-0.843064249,-0.517234027,-0.125630632,-0.0399202406,0.688087881,1.08618891,-0.16715458,-1.15431678,-1.26353872,-0.551693916,-0.110526666,0,1.80039394,0.957735896,-0.668978274,-0.980167329,-0.938238621,-0.631733954,-0.0489115976,0,1.63389289,1.29847205,1.09957254,0.957481444,0.896135747,-0.251496881,0,-0.0533790924,0.834633946,1.39350259,-0.0352880657,-1.06754243,0.822801173,1.08338594,-0.0942896381,-0.0425597429,-0.404258102,0.592610121,0.472425967,-1.60813844,0.356744766,1.92546833,-0.208661944,-0.0282166321,-0.296499252,-0.909454465,-0.0265482478,0.865321517,1.58321595,1.95356703,-0.199069589,6
0,-0.32890445,-1.10410953,-1.15987015,-0.407957584,-1.00733483,-0.407344818,-0.114585042,-0.0596355125,-0.623986244,-1.35752809,0.756717741,-1.09406424,-1.33734202,-0.517234027,-0.125630632,-0.0399202406,-0.716925859,0.204642251,0.688355625,-1.15431678,-0.941701174,0.0741898865,-0.110526666,0,0.828552306,0.795401216,-1.18214285,-1.46766543,0.914521337,1.25831258,-0.0489115976,0,1.34433937,1.14077353,-1.12818217,-0.396728605,1.23867571,0.0356344357,0,-0.0533790924,0.491442949,1.0858748,1.35087121,1.33242333,-0.0634551048,-0.800828636,-0.0942896381,-0.0425597429,-0.404258102,-1.3495611,-0.484762043,1.23787713,-1.45342398,-0.7543782,-0.208661944,-0.0282166321,-0.296499252,-1.10641932,-1.41701269,0.865321517,-0.787566423,-0.498878568,-0.199069589,4
0,-0.32890445,-0.475357324,0.0340020917,0.990595162,0.766827881,-0.407344818,-0.114585042,-0.0596355125,0.00149279006,0.666031718,0.00537951011,0.363859624,0.639769375,-0.517234027,-0.125630632,-0.0399202406,0.688087881,0.0283329226,-1.19376683,0.464173138,0.506567657,-0.551693916,-0.110526666,0,-0.79118371,-1.47728431,-1.35319769,0.644826531,0.240790457,-0.0917206332,-0.0489115976,0,-0.682535589,0.0368841328,1.09957254,0.957481444,1.23867571,2.04555368,0,-0.0533790924,-0.538130045,-0.144636467,1.35087121,0.852430165,-0.240706354,-0.800828636,-0.0942896381,-0.0425597429,-0.404258102,-1.3495611,1.23817647,-0.849200904,-1.45342398,-0.7543782,-0.208661944,-0.0282166321,-0.296499252,-0.121594876,0.205195829,-2.40906167,-1.12624967,-0.498878568,-0.199069589,7
0,-0.32890445,0.153394848,-0.921095729,-0.874141812,1.29907668,0.503204882,-0.114585042,-0.0596355125,-0.311246723,0.666031718,0.50627166,0.363859624,0.145491496,0.33786878,-0.125630632,-0.0399202406,0.407085121,1.08618891,0.175049499,-0.830618858,-1.26353872,-0.551693916,-0.110526666,0,0.504605114,1.12007058,0.699460566,0.8073259,-0.0960749909,-0.631733954,-0.0489115976,0,-0.682535589,-1.22470379,-1.44643283,-1.24310982,1.0674057,-0.82575953,0,-0.0533790924,-0.538130045,-1.0675199,-1.1134119,-0.74754703,1.17730367,-0.800828636,-0.0942896381,-0.0425597429,-0.404258102,-0.290194958,-0.293324441,0.668674052,-0.136937618,-0.7543782,-0.208661944,-0.0282166321,-0.296499252,0.666264713,0.668684006,-0.771870077,-1.12624967,-0.498878568,-0.199069589,5
0,-0.32890445,-0.0561892018,0.750325441,0.990595162,1.65390921,-0.103828259,-0.114585042,-0.0596355125,2.50340891,1.03395164,-0.245066568,-0.469239712,1.29880655,0.907937288,-0.125630632,-0.0399202406,2.65510702,0.0283329226,-1.02266479,0.464173138,1.15024269,-0.238752022,-0.110526666,0,-0.79118371,-1.47728431,-0.155813694,0.969825268,0.577655911,-0.361727297,-0.0489115976,0,-0.682535589,-1.22470379,-1.2873075,-0.0581760854,1.23867571,2.04555368,0,-0.0533790924,-0.538130045,-1.0675199,-0.80537653,-1.22754025,-0.240706354,2.96760058,-0.0942896381,-0.0425597429,-0.404258102,0.0629270747,0.663863599,-0.849200904,1.01498795,1.71932638,-0.208661944,-0.0282166321,-0.296499252,-0.121594876,0.668684006,0.865321517,1.24453282,0.236855134,-0.199069589,3
0,-0.32890445,0.991731048,0.98909992,0.990595162,1.476493,-0.407344818,-0.114585042,-0.0596355125,0.626971841,1.03395164,0.50627166,-0.0526900552,-0.0192677919,-0.517234027,-0.125630632,-0.0399202406,2.93610978,1.08618891,0.175049499,-0.992467821,-1.26353872,-0.551693916,-0.110526666,0,3.09618282,1.12007058,1.21262515,0.482327133,-0.938238621,-0.631733954,-0.0489115976,0,0.186125115,0.0368841328,-0.0143048232,0.957481444,-0.645294011,-0.82575953,0,-0.0533790924,-0.538130045,-1.0675199,-0.651358843,1.33242333,-0.417957604,-0.800828636,-0.0942896381,-0.0425597429,-0.404258102,-0.466755986,0.472425967,1.04814279,-1.12430239,-0.7543782,-0.208661944,-0.0282166321,-0.296499252,1.25715935,0.668684006,-1.38581693,-1.12624967,-0.498878568,-0.199069589,5
0,-0.32890445,-0.0561892018,0.750325441,0.0582266748,-0.829918623,-0.407344818,-0.114585042,-0.0596355125,-0.623986244,-0.437728167,-0.996404767,-0.885789394,0.639769375,-0.517234027,-0.125630632,-0.0399202406,-0.154920369,-0.853213727,-1.19376683,-1.15431678,0.66748637,0.0741898865,-0.110526666,0,0.504605114,0.795401216,-1.52425253,-1.63016486,0.0723577365,0.988305986,-0.0489115976,0,1.34433937,0.509979606,-1.44643283,-1.75093865,0.0397858657,1.18415976,0,-0.0533790924,0.491442949,0.932060838,-1.1134119,-1.22754025,0.645549893,-0.0942482054,-0.0942896381,-0.0425597429,-0.404258102,1.47541523,-0.867637277,-0.0902634487,0.850427151,-0.548236191,-0.208661944,-0.0282166321,-0.296499252,-0.121594876,0.668684006,-0.157923222,-0.448883235,-0.498878568,-0.199069589,0
0,2.92647266,2.24923539,0.750325441,-2.50578666,-1.00733483,-0.407344818,-0.114585042,-0.0596355125,2.50340891,1.03395164,0.756717741,-0.885789394,-1.33734202,-0.517234027,-0.125630632,-0.0399202406,2.93610978,0.0283329226,1.03055966,0.140475139,-1.26353872,-0.551693916,-0.110526666,0,-0.467236519,-0.99028033,0.357350856,-0.00517102238,-1.27510405,-0.631733954,-0.0489115976,0,-0.682535589,-1.22470379,0.940447152,-0.396728605,-1.5016439,-0.82575953,0,-0.0533790924,-0.538130045,-0.452264249,1.35087121,0.37243703,-0.595208883,0.847859085,-0.0942896381,-0.0425597429,0.150493473,0.945732176,1.23817647,1.23787713,1.17954874,2.54389453,-0.208661944,-0.0282166321,1.83321249,1.65108919,0.668684006,-0.157923222,0.228483185,0.236855134,-0.199069589,2
0,-0.32890445,0.362978905,0.750325441,0.291318804,-0.829918623,-0.407344818,-0.114585042,-0.0596355125,1.87792993,0.482071757,-1.49729693,0.988684118,-0.678304911,-0.517234027,-0.125630632,-0.0399202406,-0.154920369,-1.55845106,1.03055966,0.949720144,-1.26353872,-0.551693916,-0.110526666,0,-0.79118371,-1.15261495,1.04157031,0.157328367,-1.10667133,-0.631733954,-0.0489115976,0,-0.682535589,-1.22470379,-1.2873075,0.280376405,0.553595781,-0.538628221,0,-0.0533790924,-0.538130045,-1.0675199,-1.1134119,-1.06754243,0.291047394,1.08338594,-0.0942896381,-0.0425597429,-0.404258102,0.0629270747,-1.05907488,-0.849200904,0.850427151,1.10090017,-0.208661944,-0.0282166321,-0.296499252,0.272334903,0.205195829,0.251374692,0.397824794,-0.498878568,-0.199069589,3
0,-0.32890445,-0.894525409,0.272776544,0.990595162,-0.652502358,-0.407344818,-0.114585042,-0.0596355125,-0.623986244,-0.437728167,1.00716376,0.363859624,-1.17258275,-0.517234027,-0.125630632,-0.0399202406,-0.716925859,0.733570218,1.5438658,-0.830618858,-1.26353872,-0.551693916,-0.110526666,0,-0.79118371,0.957735896,0.870515406,-0.167670414,-1.10667133,-0.631733954,-0.0489115976,0,-0.392982006,1.29847205,1.09957254,0.957481444,0.211055845,-0.82575953,0,-0.0533790924,-0.538130045,0.932060838,1.19685352,0.852430165,1.17730367,-0.800828636,-0.0942896381,-0.0425597429,-0.404258102,0.0629270747,1.23817647,0.858408391,0.850427151,-0.548236191,-0.208661944,-0.0282166321,-0.296499252,-0.909454465,-0.258292317,0.865321517,0.228483185,-0.498878568,-0.199069589,6
0,-0.32890445,-0.684941351,0.750325441,0.757503033,-0.475086063,-0.407344818,-0.114585042,-0.0596355125,0.31423232,0.298111767,0.756717741,-0.0526900552,0.804528654,-0.517234027,-0.125630632,-0.0399202406,0.126082376,1.08618891,1.20166171,0.62602216,0.989323914,-0.551693916,-0.110526666,0,-0.79118371,-0.340941578,1.21262515,0.969825268,0.240790457,-0.631733954,-0.0489115976,0,-0.682535589,-0.436211318,1.09957254,0.449652672,-1.5016439,-0.82575953,0,-0.0533790924,-0.538130045,0.932060838,1.35087121,0.532434762,-1.4814651,-0.800828636,-0.0942896381,-0.0425597429,-0.404258102,0.945732176,1.23817647,1.04814279,-1.45342398,-0.7543782,-0.208661944,-0.0282166321,-0.296499252,-0.712489545,0.668684006,-0.362572163,-1.12624967,-0.498878568,-0.199069589,8
0,-0.32890445,1.20131516,0.98909992,-0.174865454,-1.00733483,-0.407344818,-0.114585042,-0.0596355125,0.31423232,1.03395164,-0.245066568,0.988684118,-0.348786354,-0.517234027,-0.125630632,-0.0399202406,-0.4359231,0.0283329226,-0.680460691,0.464173138,0.345648885,-0.551693916,-0.110526666,0,-0.79118371,-1.47728431,-1.52425253,-0.167670414,0.409223169,-0.631733954,-0.0489115976,0,-0.682535589,-1.22470379,-1.44643283,0.280376405,0.0397858657,-0.82575953,0,-0.0533790924,-0.538130045,-1.0675199,-0.343323469,1.33242333,-0.595208883,-0.800828636,-0.0942896381,-0.0425597429,0.150493473,0.945732176,1.23817647,1.23787713,0.685866356,0.894758165,-0.208661944,-0.0282166321,-0.296499252,1.06019449,-0.258292317,-0.771870077,1.07519114,3.42503452,3.36111999,2
0,-0.32890445,0.991731048,0.511551023,-2.73887897,-1.00733483,-0.407344818,-0.114585042,-0.0596355125,-0.311246723,1.03395164,-1.24685085,-1.9271636,-0.184027076,-0.517234027,-0.125630632,-0.0399202406,-0.716925859,0.909879565,0.00394746149,0.787871122,1.3111614,0.0741898865,-0.110526666,0,-0.79118371,0.146062478,1.21262515,0.969825268,-0.601373136,-0.631733954,-0.0489115976,0,-0.682535589,-1.22470379,-0.0143048232,0.618928909,-1.5016439,-0.82575953,0,-0.0533790924,-0.538130045,-1.0675199,1.04283583,0.37243703,-1.4814651,-0.800828636,-0.0942896381,-0.0425597429,-0.404258102,-0.466755986,1.23817647,-1.41840398,-1.45342398,-0.7543782,-0.208661944,-0.0282166321,-0.296499252,1.06019449,-0.0265482478,-2.40906167,-1.12624967,-0.498878568,-0.199069589,4
0,-0.32890445,1.20131516,0.750325441,0.0582266748,-0.829918623,-0.407344818,-0.114585042,-0.0596355125,-0.623986244,-0.621688128,1.00716376,1.1969589,-0.184027076,-0.517234027,-0.125630632,-0.0399202406,-0.716925859,0.380951583,1.5438658,1.43526709,1.3111614,-0.238752022,-0.110526666,0,-0.79118371,0.633066535,1.21262515,0.969825268,0.914521337,-0.0917206332,-0.0489115976,0,-0.682535589,0.983075023,1.09957254,0.957481444,-0.816564023,-0.82575953,0,-0.0533790924,0.148251966,1.39350259,1.35087121,1.01242793,-1.4814651,-0.800828636,-0.0942896381,-0.0425597429,-0.404258102,1.12229323,1.23817647,0.858408391,-1.45342398,-0.7543782,-0.208661944,-0.0282166321,-0.296499252,0.469299793,0.900428057,0.251374692,-0.956908047,-0.498878568,-0.199069589,1
0,-0.32890445,-0.894525409,0.750325441,0.291318804,-0.829918623,-0.407344818,-0.114585042,-0.0596355125,-0.623986244,-0.621688128,1.00716376,0.780409276,-0.0192677919,-0.517234027,-0.125630632,-0.0399202406,1.5310961,0.380951583,0.346151531,-0.830618858,0.828405142,0.0741898865,-0.110526666,0,1.47644675,-0.0162722114,-1.35319769,-1.63016486,-0.264507711,0.988305986,-0.0489115976,0,0.765232265,0.194582611,-1.44643283,-1.75093865,-0.987833977,1.75842237,0,-0.0533790924,-0.538130045,1.23968863,-0.80537653,-1.22754025,-0.0634551048,2.02549314,-0.0942896381,-0.0425597429,-0.404258102,0.239488095,1.04673874,0.668674052,1.17954874,0.482474059,-0.208661944,-0.0282166321,-0.296499252,-1.10641932,0.205195829,0.456023633,0.228483185,-0.498878568,-0.199069589,0
0,-0.32890445,-0.475357324,0.0340020917,-0.407957584,-0.829918623,-0.407344818,-0.114585042,-0.0596355125,-0.311246723,1.03395164,1.00716376,1.1969589,0.310250789,-0.517234027,-0.125630632,-0.0399202406,0.688087881,1.08618891,1.03055966,-0.183222845,1.3111614,-0.238752022,-0.110526666,0,0.828552306,1.12007058,-0.326868534,-1.63016486,0.914521337,0.178286016,-0.0489115976,0,0.765232265,1.29847205,-0.809931457,-1.75093865,0.724865794,1.18415976,0,-0.0533790924,-0.194939047,1.39350259,0.118729629,-1.22754025,1.00005245,0.847859085,-0.0942896381,-0.0425597429,-0.404258102,0.945732176,0.855301201,0.668674052,1.17954874,-0.13595207,-0.208661944,-0.0282166321,-0.296499252,-0.712489545,0.205195829,0.660672605,-0.110200025,-0.498878568,-0.199069589,0
0,-0.32890445,-1.10410953,-2.11496806,0.524410903,1.29907668,0.503204882,-0.114585042,-0.0596355125,-0.623986244,-1.90940797,0.00537951011,-0.2609649,-0.0192677919,1.76304007,-0.125630632,-0.0399202406,-0.716925859,-1.73476028,0.859457612,0.140475139,0.506567657,1.32595754,-0.110526666,0,-0.79118371,-1.47728431,-0.326868534,0.644826531,0.577655911,-0.361727297,-0.0489115976,0,-0.392982006,0.0368841328,0.463071167,0.788205206,-0.645294011,-0.82575953,0,-0.0533790924,1.521016,1.0858748,-1.1134119,-0.587549329,0.645549893,-0.800828636,-0.0942896381,-0.0425597429,-0.404258102,-0.113633938,0.472425967,-1.60813844,1.01498795,-0.342094123,-0.208661944,-0.0282166321,-0.296499252,-1.10641932,-2.11224484,0.251374692,1.41387439,-0.00838943198,-0.199069589,8
0,-0.32890445,1.20131516,-1.15987015,0.0582266748,1.65390921,-0.103828259,-0.114585042,-0.0596355125,-0.311246723,1.03395164,0.50627166,-0.2609649,-0.348786354,-0.517234027,-0.125630632,-0.0399202406,1.5310961,0.380951583,-1.19376683,-1.15431678,-1.26353872,-0.551693916,-0.110526666,0,0.828552306,0.795401216,1.04157031,0.8073259,-0.432940423,-0.631733954,-0.0489115976,0,-0.392982006,-0.278512836,-0.809931457,-0.0581760854,0.0397858657,-0.82575953,0,-0.0533790924,-0.538130045,-1.0675199,-1.1134119,-0.587549329,0.468298674,-0.800828636,-0.0942896381,-0.0425597429,-0.404258102,0.416049123,-1.05907488,0.668674052,-0.136937618,-0.7543782,-0.208661944,-0.0282166321,-0.296499252,1.25715935,0.900428057,-0.362572163,-0.956908047,-0.498878568,-0.199069589,5
0,0.756221235,1.83006728,0.98909992,0.990595162,1.476493,-0.103828259,-0.114585042,-0.0596355125,-0.623986244,-0.0698082,0.255825579,-0.885789394,-0.678304911,-0.517234027,-0.125630632,-0.0399202406,0.126082376,0.909879565,0.688355625,-0.668769836,-1.26353872,-0.551693916,-0.110526666,0,0.828552306,1.12007058,1.21262515,0.969825268,-0.264507711,-0.631733954,-0.0489115976,0,-0.682535589,-1.22470379,-1.2873075,-0.0581760854,1.0674057,-0.82575953,0,-0.0533790924,-0.538130045,-1.0675199,-1.1134119,0.532434762,0.468298674,-0.800828636,-0.0942896381,-0.0425597429,-0.404258102,-0.113633938,0.472425967,1.23787713,-0.630620003,-0.7543782,-0.208661944,-0.0282166321,1.83321249,1.84805405,0.668684006,-1.38581693,-1.12624967,-0.498878568,-0.199069589,5
0,-0.32890445,-0.684941351,0.511551023,0.757503033,-0.120253511,-0.407344818,-0.114585042,-0.0596355125,-0.623986244,-0.0698082,1.00716376,1.1969589,1.13404715,-0.232199743,-0.125630632,-0.0399202406,0.126082376,1.08618891,0.517253578,0.464173138,1.3111614,0.700073719,-0.110526666,0,0.828552306,1.12007058,-1.52425253,-1.63016486,1.08295405,0.988305986,-0.0489115976,0,0.765232265,1.29847205,-0.491680831,-1.75093865,0.553595781,1.18415976,0,-0.0533790924,-0.194939047,1.23968863,0.888818085,-0.587549329,0.822801173,0.612332284,-0.0942896381,-0.0425597429,-0.404258102,0.592610121,1.23817647,1.23787713,1.01498795,-0.7543782,-0.208661944,-0.0282166321,-0.296499252,-0.712489545,-0.258292317,0.251374692,-0.448883235,-0.498878568,-0.199069589,0
0,0.756221235,1.20131516,0.0340020917,0.524410903,0.0571627617,-0.407344818,-0.114585042,-0.0596355125,-0.311246723,-0.805648148,-1.99818909,-0.469239712,1.29880655,1.47800589,-0.125630632,-0.0399202406,-0.716925859,-1.73476028,-1.19376683,-0.668769836,1.3111614,1.01301563,-0.110526666,0,-0.79118371,-1.47728431,-1.18214285,0.644826531,0.240790457,-0.631733954,-0.0489115976,0,-0.682535589,-1.22470379,-0.809931457,0.957481444,-0.302754074,-0.82575953,0,-0.0533790924,-0.538130045,-1.0675199,-0.959394217,1.01242793,0.822801173,-0.800828636,-0.0942896381,-0.0425597429,-0.404258102,-1.3495611,-1.63338768,0.478939652,0.850427151,-0.7543782,-0.208661944,-0.0282166321,5.02778006,1.25715935,0.668684006,-0.567221105,-0.956908047,-0.498878568,-0.199069589,3
0,-0.32890445,-1.10410953,-2.11496806,0.990595162,-0.475086063,-0.407344818,-0.114585042,-0.0596355125,-0.623986244,-1.90940797,-0.495512635,1.1969589,0.475010067,-0.517234027,-0.125630632,-0.0399202406,-0.716925859,-1.02952302,1.5438658,1.43526709,0.0238113683,-0.551693916,-0.110526666,0,-0.143289298,0.795401216,0.528405726,0.969825268,-0.432940423,-0.631733954,-0.0489115976,0,2.21300006,1.29847205,0.781321824,0.957481444,1.23867571,2.33268499,0,-0.0533790924,1.17782497,0.778246939,0.888818085,1.33242333,-0.0634551048,-0.0942482054,-0.0942896381,-0.0425597429,-0.404258102,-1.3495611,-1.44195008,1.04814279,-0.959741592,-0.7543782,-0.208661944,-0.0282166321,-0.296499252,-1.10641932,-1.88050091,0.0467257351,-1.12624967,-0.498878568,-0.199069589,4
0,-0.32890445,-1.10410953,0.511551023,-0.874141812,-1.00733483,-0.407344818,-0.114585042,-0.0596355125,-0.623986244,-1.35752809,1.00716376,-1.51061392,-1.33734202,-0.517234027,-0.125630632,-0.0399202406,-0.716925859,0.380951583,0.346151531,0.302324146,-0.137107387,-0.551693916,-0.110526666,0,1.15249956,0.957735896,-1.35319769,0.644826531,0.577655911,0.988305986,-0.0489115976,0,3.08166075,0.983075023,-0.17343016,0.957481444,1.23867571,1.18415976,0,-0.0533790924,2.20739794,1.39350259,1.35087121,1.33242333,-0.949711382,-0.800828636,-0.0942896381,-0.0425597429,-0.404258102,-1.1730001,0.280988365,0.858408391,-1.45342398,-0.7543782,-0.208661944,-0.0282166321,-0.296499252,-1.10641932,0.436939895,0.456023633,-1.12624967,-0.498878568,-0.199069589,4
0,-0.32890445,-0.894525409,0.511551023,0.291318804,-0.297669798,-0.407344818,-0.114585042,-0.0596355125,0.31423232,0.849991679,0.00537951011,0.155584782,1.13404715,-0.517234027,-0.125630632,-0.0399202406,1.5310961,0.204642251,-1.02266479,-0.0213738531,0.828405142,-0.551693916,-0.110526666,0,-0.467236519,0.633066535,0.870515406,0.969825268,-1.10667133,-0.631733954,-0.0489115976,0,-0.682535589,-1.22470379,0.781321824,0.449652672,0.896135747,-0.251496881,0,-0.0533790924,-0.538130045,-0.759892046,0.734800398,-1.22754025,0.113796152,1.08338594,-0.0942896381,-0.0425597429,-0.404258102,-0.819878042,0.663863599,-1.0389353,0.521305561,0.482474059,-0.208661944,-0.0282166321,-0.296499252,-1.10641932,-0.721780479,0.456023633,1.07519114,-0.253634006,-0.199069589,8
0,-0.32890445,-1.10410953,-1.15987015,0.0582266748,1.83132553,4.44892025,14.0063362,-0.0596355125,-0.623986244,-0.253768176,1.00716376,-0.0526900552,-0.678304911,4.04331398,10.9175653,-0.0399202406,-0.716925859,0.733570218,1.5438658,0.949720144,0.989323914,3.20360899,2.06028628,0,-0.79118371,-0.82794565,1.21262515,0.969825268,1.41981947,2.60834575,-0.0489115976,0,-0.682535589,-1.22470379,-1.44643283,-1.75093865,1.23867571,2.04555368,0,-0.0533790924,-0.538130045,-1.0675199,-1.1134119,-0.107556142,1.17730367,-0.800828636,-0.0942896381,-0.0425597429,-0.404258102,-1.3495611,-1.63338768,1.04814279,-0.301498413,-0.7543782,-0.208661944,-0.0282166321,-0.296499252,-1.10641932,-0.0265482478,-1.18116796,-1.12624967,-0.498878568,-0.199069589,9
0,1.84134698,1.62048328,0.98909992,-1.80651033,-1.00733483,-0.407344818,-0.114585042,-0.0596355125,3.12888789,0.298111767,0.00537951011,0.988684118,-1.33734202,-0.517234027,-0.125630632,-0.0399202406,0.688087881,-1.38214171,0.00394746149,1.11156917,-1.26353872,-0.551693916,-0.110526666,0,-0.79118371,-0.99028033,1.04157031,0.8073259,-0.0960749909,-0.631733954,-0.0489115976,0,-0.682535589,-0.5939098,0.463071167,0.280376405,1.23867571,0.0356344357,0,-0.0533790924,-0.538130045,-1.0675199,-1.1134119,-1.22754025,1.17730367,0.847859085,-0.0942896381,-0.0425597429,1.25999665,1.47541523,-0.293324441,-0.0902634487,1.17954874,0.482474059,-0.208661944,-0.0282166321,0.768356621,1.06019449,-0.0265482478,0.456023633,0.397824794,-0.498878568,-0.199069589,3
0,-0.32890445,-0.684941351,0.272776544,0.990595162,1.83132553,1.71727109,-0.114585042,-0.0596355125,-0.623986244,0.298111767,0.756717741,0.363859624,1.29880655,2.33310866,-0.125630632,-0.0399202406,-0.716925859,1.08618891,0.346151531,-1.15431678,0.989323914,1.32595754,-0.110526666,0,-0.79118371,-0.99028033,-1.52425253,-0.980167329,1.41981947,-0.361727297,-0.0489115976,0,-0.682535589,-1.22470379,0.144820511,0.618928909,1.23867571,0.897028387,0,-0.0533790924,-0.538130045,-0.606078148,1.35087121,1.33242333,0.468298674,-0.329775035,-0.0942896381,-0.0425597429,-0.404258102,-1.3495611,-0.101886839,0.858408391,-1.45342398,-0.7543782,-0.208661944,-0.0282166321,-0.296499252,-0.712489545,0.668684006,-1.18116796,-1.12624967,-0.498878568,-0.199069589,7
0,-0.32890445,0.78214699,0.98909992,0.990595162,1.83132553,1.11023796,-0.114585042,-0.0596355125,-0.311246723,0.666031718,-0.495512635,-0.469239712,1.29880655,1.76304007,-0.125630632,-0.0399202406,-0.716925859,-1.73476028,-1.19376683,-0.0213738531,1.3111614,0.38713181,-0.110526666,0,0.180657908,-0.178606898,0.357350856,0.8073259,1.41981947,2.33833909,-0.0489115976,0,1.63389289,1.29847205,1.09957254,0.788205206,0.382325828,0.0356344357,0,-0.0533790924,-0.538130045,-0.759892046,1.35087121,-0.107556142,-1.4814651,-0.800828636,-0.0942896381,-0.0425597429,-0.404258102,0.0629270747,1.23817647,-1.60813844,-1.45342398,-0.7543782,-0.208661944,-0.0282166321,-0.296499252,1.45412421,-0.490036398,-2.40906167,-1.12624967,-0.498878568,-0.199069589,7
0,-0.32890445,-0.684941351,0.272776544,0.990595162,1.476493,-0.103828259,-0.114585042,-0.0596355125,-0.623986244,0.114151776,0.00537951011,-0.677514553,1.29880655,0.33786878,-0.125630632,-0.0399202406,-0.716925859,-0.147976398,-0.680460691,-0.830618858,1.3111614,0.38713181,-0.110526666,0,-0.79118371,-1.47728431,-1.52425253,-0.167670414,0.577655911,-0.631733954,-0.0489115976,0,-0.682535589,-0.909306765,0.303945839,0.788205206,0.724865794,0.0356344357,0,-0.0533790924,-0.538130045,-0.452264249,1.19685352,1.33242333,0.822801173,-0.0942482054,-0.0942896381,-0.0425597429,-0.404258102,-1.3495611,0.855301201,-0.279997826,-1.45342398,-0.7543782,-0.208661944,-0.0282166321,-0.296499252,-0.121594876,0.668684006,-1.5904659,-1.12624967,-0.498878568,-0.199069589,7
0,-0.32890445,-0.265773267,0.750325441,0.524410903,-0.297669798,-0.407344818,-0.114585042,-0.0596355125,-0.311246723,0.666031718,-0.996404767,-0.0526900552,0.804528654,-0.232199743,-0.125630632,-0.0399202406,0.688087881,0.557260871,-1.19376683,-1.15431678,1.3111614,0.38713181,-0.110526666,0,1.15249956,0.470731825,-1.52425253,-1.63016486,0.914521337,0.178286016,-0.0489115976,0,1.34433937,0.667678058,-1.44643283,-1.75093865,0.896135747,0.0356344357,0,-0.0533790924,-0.194939047,1.39350259,-1.1134119,-1.22754025,1.00005245,-0.0942482054,-0.0942896381,-0.0425597429,-0.404258102,0.416049123,0.280988365,0.478939652,0.850427151,-0.7543782,-0.208661944,-0.0282166321,-0.296499252,-0.909454465,-0.258292317,0.0467257351,-0.618224859,-0.498878568,-0.199069589,0
0,-0.32890445,-0.0561892018,-0.921095729,0.0582266748,1.83132553,0.806721449,-0.114585042,-0.0596355125,0.31423232,1.03395164,-0.245066568,-0.677514553,-1.17258275,-0.517234027,-0.125630632,-0.0399202406,0.126082376,0.733570218,-0.16715458,-0.506920815,-1.26353872,-0.551693916,-0.110526666,0,0.828552306,1.12007058,0.528405726,0.644826531,-0.264507711,-0.631733954,-0.0489115976,0,-0.682535589,-0.909306765,-1.44643283,-1.07383358,0.553595781,-0.82575953,0,-0.0533790924,-0.538130045,-1.0675199,-1.1134119,-0.587549329,0.291047394,-0.800828636,-0.0942896381,-0.0425597429,-0.404258102,-0.290194958,-0.293324441,0.858408391,-0.301498413,-0.7543782,-0.208661944,-0.0282166321,-0.296499252,0.272334903,0.205195829,-0.976518989,-1.12624967,-0.498878568,-0.199069589,5
0,-0.32890445,-1.10410953,-0.68232125,0.990595162,0.0571627617,-0.407344818,-0.114585042,-0.0596355125,-0.623986244,-1.17356813,0.756717741,-0.885789394,1.13404715,-0.517234027,-0.125630632,-0.0399202406,-0.716925859,-0.324285716,0.688355625,0.302324146,0.506567657,-0.551693916,-0.110526666,0,-0.79118371,-0.178606898,1.21262515,0.644826531,-0.938238621,-0.631733954,-0.0489115976,0,-0.682535589,0.509979606,1.09957254,0.449652672,-1.5016439,-0.82575953,0,-0.0533790924,1.521016,1.0858748,-0.80537653,0.692432463,0.113796152,-0.800828636,-0.0942896381,-0.0425597429,2.36949968,1.47541523,0.280988365,-0.849200904,0.685866356,0.0701899752,-0.208661944,-0.0282166321,-0.296499252,-0.515524685,-0.95352453,0.251374692,1.58321595,1.70832253,-0.199069589,8
0,0.756221235,0.362978905,0.511551023,0.990595162,1.12166035,-0.103828259,-0.114585042,-0.0596355125,1.56519043,1.03395164,-0.745958686,-0.885789394,0.475010067,-0.232199743,-0.125630632,-0.0399202406,2.37410426,0.380951583,-0.509358644,-0.992467821,-1.26353872,-0.551693916,-0.110526666,0,3.09618282,1.12007058,1.21262515,0.8073259,-0.264507711,-0.631733954,-0.0489115976,0,0.186125115,0.194582611,-0.809931457,0.111100167,0.553595781,-0.82575953,0,-0.0533790924,-0.538130045,-1.0675199,-1.1134119,0.0524415746,1.35455489,-0.800828636,-0.0942896381,-0.0425597429,-0.404258102,-1.3495611,-1.82482529,0.858408391,0.685866356,-0.7543782,-0.208661944,-0.0282166321,-0.296499252,0.0753700212,0.900428057,0.660672605,-0.618224859,-0.498878568,-0.199069589,5
0,-0.32890445,-1.10410953,-1.6374191,0.0582266748,-1.00733483,0.1996883,0.826809704,-0.0596355125,-0.623986244,-1.72544801,0.50627166,-1.30233908,-1.17258275,3.47324562,8.7089262,-0.0399202406,-0.716925859,0.0283329226,0.175049499,-1.15431678,0.184730127,4.1424346,2.06028628,0,-0.467236519,0.957735896,-1.35319769,-1.30516613,1.25138676,1.52831924,-0.0489115976,0,0.765232265,1.29847205,-0.491680831,0.111100167,1.23867571,-0.251496881,0,-0.0533790924,1.17782497,1.39350259,1.35087121,1.33242333,0.291047394,-0.800828636,-0.0942896381,-0.0425597429,-0.404258102,-1.1730001,-1.82482529,1.04814279,-1.12430239,-0.7543782,-0.208661944,-0.0282166321,-0.296499252,-1.10641932,-1.64875674,-0.157923222,-1.12624967,-0.498878568,-0.199069589,4
0,-0.32890445,-1.10410953,0.272776544,-1.34032607,-1.00733483,-0.407344818,-0.114585042,-0.0596355125,-0.623986244,-0.989608109,1.00716376,-0.469239712,-1.33734202,-0.517234027,-0.125630632,-0.0399202406,-0.716925859,0.204642251,0.175049499,-1.15431678,-1.26353872,-0.551693916,-0.110526666,0,-0.79118371,0.633066535,-0.840033114,-1.63016486,-1.27510405,-0.631733954,-0.0489115976,0,-0.682535589,0.983075023,0.940447152,0.957481444,0.896135747,0.609897077,0,-0.0533790924,-0.538130045,0.932060838,-0.0352880657,-1.22754025,-1.4814651,2.26101995,4.84413004,-0.0425597429,-0.404258102,0.416049123,-0.676199675,-1.79787278,-0.630620003,2.13161039,-0.208661944,-0.0282166321,-0.296499252,-0.712489545,0.205195829,0.0467257351,1.41387439,0.482099682,-0.199069589,6
0,-0.32890445,-0.475357324,0.750325441,-0.641049683,-1.00733483,-0.407344818,-0.114585042,-0.0596355125,-0.623986244,0.666031718,-0.996404767,0.155584782,-0.513545632,-0.517234027,-0.125630632,-0.0399202406,0.126082376,1.08618891,-0.680460691,-0.992467821,0.989323914,0.0741898865,-0.110526666,0,0.828552306,0.470731825,-1.52425253,-1.63016486,0.746088624,0.448292673,-0.0489115976,0,-0.103428438,0.667678058,-1.44643283,-1.75093865,-0.474024057,1.47129107,0,-0.0533790924,0.148251966,1.0858748,-1.1134119,-1.22754025,0.645549893,0.376805425,-0.0942896381,-0.0425597429,-0.404258102,0.769171178,-0.293324441,-0.849200904,1.01498795,-0.7543782,-0.208661944,-0.0282166321,-0.296499252,-0.909454465,0.205195829,0.456023633,-0.279541612,-0.498878568,-0.199069589,0
0,-0.32890445,0.991731048,-1.15987015,-2.03960252,-1.00733483,-0.407344818,-0.114585042,-0.0596355125,-0.311246723,0.849991679,0.00537951011,0.780409276,-0.348786354,-0.517234027,-0.125630632,-0.0399202406,0.688087881,0.380951583,-1.19376683,-0.830618858,0.828405142,-0.551693916,-0.110526666,0,0.504605114,0.470731825,-1.52425253,-1.63016486,-0.601373136,1.25831258,-0.0489115976,0,1.63389289,-0.436211318,-1.44643283,-1.75093865,-0.816564023,1.47129107,0,-0.0533790924,1.17782497,0.162991345,-1.1134119,-1.22754025,-0.595208883,1.55443954,-0.0942896381,-0.0425597429,-0.404258102,1.12229323,-1.25051248,-1.0389353,0.850427151,0.482474059,-0.208661944,-0.0282166321,-0.296499252,0.272334903,0.900428057,0.865321517,0.567166388,-0.498878568,-0.199069589,0
0,-0.32890445,-0.894525409,0.0340020917,-1.57341826,-1.00733483,-0.407344818,-0.114585042,-0.0596355125,-0.623986244,-0.253768176,1.00716376,0.780409276,-0.843064249,-0.517234027,-0.125630632,-0.0399202406,-0.154920369,1.08618891,1.20166171,0.62602216,0.828405142,-0.551693916,-0.110526666,0,-0.143289298,1.12007058,0.186296016,-1.63016486,1.08295405,0.448292673,-0.0489115976,0,0.475678682,1.29847205,-1.44643283,-1.75093865,0.553595781,0.322765768,0,-0.0533790924,0.834633946,1.39350259,-0.651358843,-1.22754025,0.468298674,1.55443954,-0.0942896381,-0.0425597429,-0.404258102,0.945732176,0.472425967,-0.279997826,0.850427151,0.482474059,-0.208661944,-0.0282166321,-0.296499252,-0.515524685,-0.490036398,0.865321517,0.905849576,-0.253634006,-0.199069589,0
0,-0.32890445,1.62048328,0.272776544,-0.874141812,-0.652502358,-0.407344818,-0.114585042,-0.0596355125,0.939711332,1.03395164,1.00716376,1.1969589,0.639769375,-0.517234027,-0.125630632,-0.0399202406,-0.4359231,0.909879565,0.859457612,-1.15431678,-1.26353872,-0.551693916,-0.110526666,0,-0.79118371,0.470731825,0.699460566,-0.492669165,-1.10667133,-0.631733954,-0.0489115976,0,-0.682535589,0.0368841328,1.09957254,0.957481444,0.553595781,-0.82575953,0,-0.0533790924,-0.538130045,-1.0675199,-0.497341156,0.212439299,1.35455489,-0.0942482054,-0.0942896381,-0.0425597429,-0.404258102,-1.1730001,-0.867637277,0.858408391,1.01498795,-0.548236191,-0.208661944,-0.0282166321,-0.296499252,0.863229573,0.900428057,0.865321517,-0.110200025,-0.498878568,-0.199069589,5
0,-0.32890445,-1.10410953,0.98909992,-1.107234,-1.00733483,-0.407344818,-0.114585042,-0.0596355125,-0.623986244,-0.805648148,1.00716376,-1.30233908,-1.33734202,-0.517234027,-0.125630632,-0.0399202406,-0.716925859,0.204642251,1.37276375,-1.15431678,-1.26353872,-0.551693916,-0.110526666,0,-0.79118371,0.470731825,0.528405726,-1.63016486,-1.27510405,-0.631733954,-0.0489115976,0,-0.682535589,1.14077353,1.09957254,0.957481444,-0.131484106,-0.82575953,0,-0.0533790924,-0.538130045,0.778246939,1.35087121,0.852430165,1.17730367,1.08338594,-0.0942896381,-0.0425597429,-0.404258102,0.769171178,1.23817647,-0.469732195,0.685866356,2.33775258,-0.208661944,-0.0282166321,-0.296499252,-0.909454465,-0.258292317,0.865321517,1.41387439,1.70832253,-0.199069589,6
0,-0.32890445,-0.894525409,-0.204772368,0.757503033,-1.00733483,-0.407344818,-0.114585042,-0.0596355125,-0.623986244,0.114151776,0.756717741,-1.09406424,-1.33734202,-0.517234027,-0.125630632,-0.0399202406,0.126082376,0.909879565,-1.02266479,-1.15431678,-1.26353872,-0.551693916,-0.110526666,0,0.828552306,0.470731825,-1.52425253,-1.63016486,-1.27510405,-0.631733954,-0.0489115976,0,1.63389289,1.14077353,0.940447152,0.957481444,0.896135747,0.0356344357,0,-0.0533790924,0.148251966,1.39350259,0.580782712,-0.907544732,-0.240706354,2.02549314,-0.0942896381,-0.0425597429,-0.404258102,1.12229323,0.280988365,-1.0389353,0.0276231728,1.92546833,-0.208661944,-0.0282166321,-0.296499252,-0.712489545,-0.258292317,0.865321517,1.41387439,0.972588837,-0.199069589,6
0,-0.32890445,-1.10410953,-0.204772368,-1.107234,-1.00733483,-0.407344818,-0.114585042,-0.0596355125,-0.623986244,-0.437728167,0.756717741,-0.677514553,-1.33734202,-0.517234027,-0.125630632,-0.0399202406,-0.716925859,0.557260871,0.175049499,-1.15431678,-1.26353872,-0.551693916,-0.110526666,0,-0.79118371,1.12007058,0.870515406,-0.330169797,-1.10667133,-0.631733954,-0.0489115976,0,0.765232265,1.29847205,0.144820511,-0.0581760854,0.896135747,-0.538628221,0,-0.0533790924,0.148251966,1.23968863,-0.651358843,-1.22754025,0.645549893,0.847859085,-0.0942896381,-0.0425597429,-0.404258102,0.416049123,0.663863599,-1.60813844,0.192183971,1.51318431,-0.208661944,-0.0282166321,-0.296499252,-1.10641932,-0.490036398,0.865321517,1.41387439,0.727344275,-0.199069589,6
0,-0.32890445,0.78214699,-0.443546832,-2.27269459,-1.00733483,-0.407344818,-0.114585042,-0.0596355125,1.87792993,1.03395164,1.00716376,-0.0526900552,-1.33734202,-0.517234027,-0.125630632,-0.0399202406,1.25009334,-0.500595033,-0.509358644,1.43526709,-0.941701174,-0.551693916,-0.110526666,0,-0.79118371,-1.47728431,-0.155813694,0.969825268,-0.432940423,-0.631733954,-0.0489115976,0,-0.682535589,-1.22470379,0.144820511,0.957481444,0.896135747,-0.251496881,0,-0.0533790924,-0.538130045,-1.0675199,-1.1134119,-0.907544732,1.00005245,0.847859085,-0.0942896381,-0.0425597429,-0.404258102,0.592610121,0.0895507634,-1.0389353,0.356744766,1.71932638,-0.208661944,-0.0282166321,-0.296499252,0.469299793,0.436939895,0.865321517,1.41387439,0.972588837,-0.199069589,3
0,-0.32890445,-0.265773267,-0.921095729,0.990595162,-0.120253511,-0.407344818,-0.114585042,-0.0596355125,-0.623986244,-0.253768176,1.00716376,-0.469239712,0.475010067,-0.517234027,-0.125630632,-0.0399202406,-0.716925859,-0.853213727,0.517253578,-1.15431678,0.828405142,0.0741898865,-0.110526666,0,-0.79118371,-1.47728431,0.699460566,-0.980167329,1.25138676,-0.0917206332,-0.0489115976,0,-0.682535589,-1.22470379,-0.0143048232,0.957481444,-0.131484106,-0.82575953,0,-0.0533790924,-0.538130045,0.162991345,1.19685352,1.01242793,-0.595208883,-0.800828636,-0.0942896381,-0.0425597429,-0.404258102,1.47541523,-0.867637277,0.858408391,-0.795180798,-0.7543782,-0.208661944,-0.0282166321,-0.296499252,0.0753700212,0.900428057,0.0467257351,-0.956908047,-0.498878568,-0.199069589,8
0,-0.32890445,-0.894525409,0.272776544,-1.80651033,-1.00733483,-0.407344818,-0.114585042,-0.0596355125,-0.623986244,0.298111767,0.255825579,-1.9271636,-1.33734202,-0.517234027,-0.125630632,-0.0399202406,-0.4359231,1.08618891,-0.851562738,-1.15431678,-1.26353872,-0.551693916,-0.110526666,0,0.828552306,1.12007058,-0.155813694,-0.980167329,-0.938238621,-0.631733954,-0.0489115976,0,0.765232265,1.29847205,0.781321824,0.957481444,1.0674057,0.0356344357,0,-0.0533790924,0.491442949,0.932060838,-0.959394217,-1.22754025,0.113796152,1.31891274,-0.0942896381,-0.0425597429,-0.404258102,0.592610121,0.472425967,-1.0389353,0.356744766,1.51318431,-0.208661944,-0.0282166321,-0.296499252,-0.712489545,0.205195829,0.865321517,1.07519114,-0.253634006,-0.199069589,6
0,-0.32890445,-0.894525409,-0.443546832,0.990595162,1.83132553,-0.103828259,-0.114585042,-0.0596355125,-0.623986244,-0.253768176,1.00716376,0.572134435,1.29880655,-0.232199743,-0.125630632,-0.0399202406,-0.716925859,-1.73476028,-1.19376683,-0.345071852,0.506567657,-0.551693916,-0.110526666,0,-0.79118371,-1.47728431,-1.01108789,0.319827735,0.746088624,0.718299329,-0.0489115976,0,-0.682535589,-0.120814353,1.09957254,0.957481444,0.211055845,0.322765768,0,-0.0533790924,-0.538130045,-0.606078148,0.580782712,0.852430165,-1.4814651,-0.800828636,-0.0942896381,-0.0425597429,-0.404258102,-1.3495611,0.280988365,-0.849200904,-1.45342398,-0.7543782,-0.208661944,-0.0282166321,-0.296499252,-1.10641932,0.668684006,-2.40906167,-1.12624967,-0.498878568,-0.199069589,7
0,-0.32890445,-0.475357324,-0.68232125,0.524410903,0.589411557,-0.407344818,-0.114585042,-0.0596355125,0.939711332,1.03395164,0.50627166,-1.09406424,-1.33734202,-0.517234027,-0.125630632,-0.0399202406,2.65510702,0.204642251,-0.680460691,-1.15431678,-1.26353872,-0.551693916,-0.110526666,0,3.42013001,1.12007058,0.528405726,-1.46766543,-1.27510405,-0.631733954,-0.0489115976,0,0.475678682,0.509979606,0.622196496,-0.396728605,-1.5016439,-0.82575953,0,-0.0533790924,-0.538130045,-1.0675199,-0.0352880657,0.532434762,-1.4814651,-0.800828636,-0.0942896381,-0.0425597429,-0.404258102,-1.1730001,0.472425967,0.478939652,-1.45342398,-0.7543782,-0.208661944,-0.0282166321,-0.296499252,-0.712489545,0.668684006,-0.976518989,-1.12624967,-0.498878568,-0.199069589,5
0,0.756221235,1.83006728,0.511551023,-1.34032607,-1.00733483,-0.407344818,-0.114585042,-0.0596355125,0.00149279006,1.03395164,-2.74952722,0.780409276,-1.00782347,-0.517234027,-0.125630632,-0.0399202406,-0.716925859,0.0283329226,0.00394746149,0.464173138,-0.298026145,0.700073719,-0.110526666,0,-0.79118371,-1.31494963,0.528405726,0.969825268,1.08295405,0.718299329,-0.0489115976,0,-0.682535589,-0.751608312,0.781321824,0.957481444,-0.816564023,-0.82575953,0,-0.0533790924,-0.194939047,1.23968863,-0.343323469,-0.267553866,0.645549893,-0.800828636,-0.0942896381,-0.0425597429,1.81474817,0.416049123,-1.82482529,-1.60813844,1.01498795,-0.7543782,-0.208661944,-0.0282166321,0.768356621,1.25715935,-0.0265482478,0.0467257351,-0.279541612,-0.498878568,-0.199069589,8
0,-0.32890445,-0.684941351,-0.204772368,0.291318804,-0.297669798,-0.407344818,-0.114585042,-0.0596355125,-0.311246723,0.482071757,-1.24685085,-0.469239712,1.13404715,-0.517234027,-0.125630632,-0.0399202406,0.969090581,0.204642251,-1.19376683,-0.345071852,0.828405142,-0.551693916,-0.110526666,0,2.12434125,-0.340941578,-1.18214285,0.644826531,1.08295405,-0.631733954,-0.0489115976,0,0.186125115,0.983075023,0.940447152,-0.396728605,1.0674057,-0.538628221,0,-0.0533790924,-0.538130045,-1.0675199,-1.1134119,-1.22754025,0.468298674,0.376805425,-0.0942896381,-0.0425597429,-0.404258102,0.592610121,-0.484762043,-1.79787278,0.192183971,0.688616097,-0.208661944,-0.0282166321,-0.296499252,-0.318559766,-0.490036398,0.660672605,1.41387439,0.236855134,-0.199069589,9
0,-0.32890445,-0.265773267,-1.39864469,-0.174865454,1.476493,1.41375458,-0.114585042,-0.0596355125,0.626971841,1.03395164,1.00716376,0.363859624,1.29880655,1.47800589,-0.125630632,-0.0399202406,0.969090581,1.08618891,-0.851562738,-0.992467821,1.3111614,0.38713181,-0.110526666,0,0.828552306,1.12007058,-1.52425253,-0.817667961,1.08295405,-0.631733954,-0.0489115976,0,-0.682535589,-0.909306765,-1.44643283,0.111100167,0.211055845,-0.82575953,0,-0.0533790924,-0.538130045,-1.0675199,-0.80537653,1.17242563,-0.772460103,-0.800828636,-0.0942896381,-0.0425597429,-0.404258102,-1.3495611,-0.293324441,1.23787713,-1.45342398,-0.7543782,-0.208661944,-0.0282166321,-0.296499252,-1.10641932,-1.18526864,0.0467257351,-1.12624967,-0.498878568,-0.199069589,7
0,0.756221235,1.62048328,0.511551023,0.990595162,1.476493,0.503204882,-0.114585042,-0.0596355125,0.626971841,0.666031718,-0.996404767,-0.677514553,-0.843064249,-0.517234027,-0.125630632,-0.0399202406,0.969090581,0.204642251,-1.19376683,-1.15431678,-1.26353872,-0.551693916,-0.110526666,0,0.828552306,1.12007058,1.04157031,0.157328367,-0.432940423,-0.631733954,-0.0489115976,0,-0.103428438,-0.120814353,-0.332555473,-0.0581760854,1.23867571,-0.82575953,0,-0.0533790924,-0.538130045,-1.0675199,-1.1134119,-0.74754703,1.35455489,-0.800828636,-0.0942896381,-0.0425597429,-0.404258102,-0.113633938,-0.867637277,0.668674052,0.356744766,-0.7543782,-0.208661944,-0.0282166321,-0.296499252,1.84805405,0.900428057,-0.362572163,-0.956908047,-0.498878568,-0.199069589,5
0,0.756221235,1.41089916,0.98909992,-0.407957584,-1.00733483,-0.407344818,-0.114585042,-0.0596355125,1.56519043,0.114151776,-1.24685085,0.780409276,-1.17258275,-0.517234027,-0.125630632,-0.0399202406,-0.154920369,-1.38214171,-0.680460691,1.11156917,-1.26353872,-0.551693916,-0.110526666,0,-0.79118371,-0.99028033,0.870515406,-0.655168533,-1.27510405,-0.631733954,-0.0489115976,0,-0.682535589,0.667678058,1.09957254,0.957481444,-0.474024057,-0.82575953,0,-0.0533790924,-0.538130045,-0.759892046,-1.1134119,-0.427551597,1.17730367,0.612332284,-0.0942896381,-0.0425597429,0.150493473,0.592610121,-1.05907488,-1.0389353,0.685866356,0.894758165,-0.208661944,-0.0282166321,1.83321249,1.65108919,0.900428057,0.865321517,1.07519114,-0.253634006,-0.199069589,3
0,-0.32890445,-0.684941351,0.98909992,0.757503033,-0.120253511,-0.407344818,-0.114585042,-0.0596355125,-0.623986244,-0.0698082,1.00716376,0.780409276,1.13404715,-0.517234027,-0.125630632,-0.0399202406,-0.716925859,0.909879565,0.517253578,-1.15431678,1.3111614,1.63889945,-0.110526666,0,0.504605114,1.12007058,-1.35319769,-1.63016486,0.746088624,0.718299329,-0.0489115976,0,0.475678682,1.14077353,-1.44643283,-1.75093865,0.553595781,0.609897077,0,-0.0533790924,1.17782497,1.39350259,-0.189305753,-1.22754025,1.35455489,-0.800828636,-0.0942896381,-0.0425597429,-0.404258102,1.12229323,0.663863599,-0.279997826,1.01498795,-0.7543782,-0.208661944,-0.0282166321,-0.296499252,-0.515524685,0.436939895,0.865321517,-0.110200025,-0.498878568,-0.199069589,0
0,0.756221235,0.572562933,0.0340020917,0.990595162,1.83132553,1.71727109,-0.114585042,-0.0596355125,1.56519043,1.03395164,0.00537951011,0.363859624,0.639769375,0.907937288,-0.125630632,-0.0399202406,0.407085121,0.557260871,-0.680460691,-1.15431678,-1.26353872,-0.551693916,-0.110526666,0,0.504605114,1.12007058,1.21262515,0.482327133,-1.27510405,-0.631733954,-0.0489115976,0,-0.103428438,0.0368841328,-0.491680831,0.788205206,-0.474024057,-0.82575953,0,-0.0533790924,-0.538130045,0.00917744078,-1.1134119,0.212439299,0.645549893,-0.800828636,-0.0942896381,-0.0425597429,-0.404258102,1.47541523,0.280988365,0.668674052,0.521305561,-0.7543782,-0.208661944,-0.0282166321,-0.296499252,-0.121594876,0.205195829,0.0467257351,-0.279541612,-0.498878568,-0.199069589,5
0,-0.32890445,-1.10410953,-1.15987015,0.0582266748,-1.00733483,-0.407344818,-0.114585042,-0.0596355125,-0.623986244,-1.17356813,1.00716376,-0.469239712,-1.33734202,-0.517234027,-0.125630632,-0.0399202406,-0.716925859,0.380951583,0.688355625,-1.15431678,-1.26353872,-0.551693916,-0.110526666,0,-0.79118371,0.957735896,0.186296016,-0.330169797,-0.264507711,-0.361727297,-0.0489115976,0,-0.682535589,1.14077353,1.09957254,-0.396728605,0.211055845,1.47129107,0,-0.0533790924,-0.538130045,1.0858748,-0.0352880657,-1.22754025,-1.4814651,2.02549314,-0.0942896381,-0.0425597429,-0.404258102,0.0629270747,0.280988365,-1.79787278,-0.630620003,2.54389453,1.73421252,-0.0282166321,-0.296499252,-1.10641932,-0.721780479,0.456023633,1.24453282,0.727344275,-0.199069589,6
0,-0.32890445,0.362978905,-0.204772368,0.757503033,0.589411557,-0.407344818,-0.114585042,-0.0596355125,-0.623986244,0.849991679,0.756717741,-1.30233908,0.475010067,0.622903049,-0.125630632,-0.0399202406,0.126082376,0.204642251,-0.338256598,-1.15431678,-0.941701174,2.57772517,-0.110526666,0,1.47644675,-0.178606898,-1.52425253,-1.63016486,-0.769805908,1.52831924,-0.0489115976,0,1.05478585,0.0368841328,-1.44643283,-1.75093865,-0.816564023,1.47129107,0,-0.0533790924,1.17782497,0.162991345,-1.1134119,-1.22754025,-0.0634551048,0.376805425,-0.0942896381,-0.0425597429,0.150493473,0.769171178,-1.44195008,-1.60813844,0.685866356,-0.7543782,-0.208661944,-0.0282166321,-0.296499252,-0.121594876,0.900428057,0.456023633,-0.618224859,-0.498878568,-0.199069589,0
0,-0.32890445,-0.684941351,0.0340020917,0.0582266748,-0.829918623,-0.407344818,-0.114585042,-0.0596355125,0.00149279006,0.298111767,0.00537951011,-0.885789394,0.475010067,-0.517234027,-0.125630632,-0.0399202406,2.0931015,0.557260871,-1.19376683,-1.15431678,0.345648885,0.0741898865,-0.110526666,0,1.80039394,0.308397144,-1.52425253,-1.63016486,-0.264507711,0.988305986,-0.0489115976,0,1.34433937,0.194582611,-1.44643283,-1.75093865,-0.816564023,1.75842237,0,-0.0533790924,0.491442949,0.932060838,-1.1134119,-1.22754025,-0.0634551048,2.02549314,-0.0942896381,-0.0425597429,-0.404258102,0.769171178,0.472425967,-0.0902634487,1.17954874,0.688616097,-0.208661944,-0.0282166321,-0.296499252,-0.909454465,-0.0265482478,0.865321517,0.397824794,-0.253634006,-0.199069589,0
0,0.756221235,0.362978905,0.750325441,0.990595162,0.589411557,-0.407344818,-0.114585042,10.6491985,3.4416275,0.666031718,-1.24685085,0.780409276,0.969287932,-0.517234027,-0.125630632,-0.0399202406,0.969090581,-1.55845106,0.175049499,1.43526709,0.0238113683,-0.551693916,-0.110526666,0,-0.79118371,-0.99028033,1.21262515,-0.167670414,-1.27510405,-0.631733954,-0.0489115976,0,-0.682535589,-1.22470379,0.303945839,0.788205206,-0.474024057,-0.538628221,0,-0.0533790924,-0.538130045,-1.0675199,-1.1134119,-0.107556142,1.17730367,1.78996634,-0.0942896381,-0.0425597429,-0.404258102,-0.466755986,-1.63338768,-1.79787278,0.356744766,2.54389453,1.73421252,-0.0282166321,-0.296499252,0.863229573,0.900428057,0.865321517,1.58321595,1.2178334,-0.199069589,3
0,1.84134698,1.20131516,0.98909992,0.757503033,-0.652502358,-0.407344818,-0.114585042,-0.0596355125,3.12888789,0.849991679,0.00537951011,1.1969589,-0.678304911,-0.517234027,-0.125630632,-0.0399202406,0.126082376,-1.20583236,-0.16715458,1.43526709,-0.941701174,-0.551693916,-0.110526666,0,-0.79118371,-1.15261495,1.04157031,0.319827735,-1.27510405,-0.631733954,-0.0489115976,0,-0.682535589,-0.751608312,1.09957254,0.957481444,0.553595781,-0.538628221,0,-0.0533790924,-0.538130045,-1.0675199,-0.959394217,-0.267553866,1.17730367,1.55443954,-0.0942896381,-0.0425597429,-0.404258102,-0.290194958,0.472425967,-0.279997826,0.850427151,1.51318431,-0.208661944,-0.0282166321,0.768356621,2.04501891,0.900428057,0.865321517,0.736508012,0.236855134,-0.199069589,3
0,1.84134698,1.41089916,0.511551023,-2.03960252,-1.00733483,-0.407344818,-0.114585042,-0.0596355125,1.56519043,1.03395164,-2.74952722,-2.13543844,-0.678304911,-0.232199743,-0.125630632,-0.0399202406,-0.716925859,0.557260871,1.5438658,1.43526709,1.15024269,-0.238752022,-0.110526666,0,-0.79118371,-0.340941578,1.21262515,0.644826531,-1.10667133,-0.631733954,-0.0489115976,0,-0.682535589,1.14077353,0.781321824,0.957481444,-1.5016439,-0.82575953,0,-0.0533790924,0.148251966,1.39350259,-0.959394217,1.17242563,-0.240706354,-0.800828636,-0.0942896381,-0.0425597429,2.36949968,1.47541523,-0.676199675,1.04814279,-0.301498413,-0.7543782,-0.208661944,-0.0282166321,0.768356621,2.04501891,0.436939895,-0.567221105,-1.12624967,-0.498878568,-0.199069589,8
0,-0.32890445,-0.0561892018,0.98909992,0.524410903,0.411995322,-0.407344818,-0.114585042,-0.0596355125,-0.623986244,-1.17356813,1.00716376,1.1969589,-0.184027076,-0.517234027,-0.125630632,-0.0399202406,-0.716925859,0.733570218,1.5438658,1.43526709,0.0238113683,-0.551693916,-0.110526666,0,-0.79118371,0.795401216,1.21262515,0.969825268,0.0723577365,-0.631733954,-0.0489115976,0,-0.682535589,0.509979606,1.09957254,0.957481444,-0.645294011,-0.82575953,0,-0.0533790924,-0.538130045,0.470619142,1.35087121,1.33242333,-0.0634551048,-0.800828636,-0.0942896381,-0.0425597429,-0.404258102,0.592610121,1.23817647,1.23787713,0.850427151,-0.13595207,-0.208661944,-0.0282166321,-0.296499252,0.0753700212,0.900428057,0.865321517,1.58321595,0.236855134,-0.199069589,1
0,-0.32890445,-1.10410953,-2.5925169,-0.641049683,1.83132553,1.71727109,-0.114585042,-0.0596355125,-0.623986244,-1.17356813,0.255825579,1.1969589,1.29880655,0.0528345145,-0.125630632,-0.0399202406,1.5310961,1.08618891,1.37276375,0.949720144,1.3111614,0.38713181,-0.110526666,0,0.180657908,-0.340941578,-1.52425253,-0.330169797,1.41981947,-0.0917206332,-0.0489115976,0,-0.682535589,-1.22470379,-1.44643283,-0.396728605,1.23867571,0.609897077,0,-0.0533790924,-0.538130045,-1.0675199,-1.1134119,0.0524415746,1.35455489,0.141278625,-0.0942896381,-0.0425597429,-0.404258102,-1.3495611,-1.82482529,-0.279997826,1.17954874,0.894758165,-0.208661944,-0.0282166321,-0.296499252,-1.10641932,-2.80747724,0.0467257351,1.58321595,1.2178334,-0.199069589,1
0,-0.32890445,0.572562933,0.750325441,-0.641049683,-1.00733483,-0.407344818,-0.114585042,-0.0596355125,-0.311246723,1.03395164,-0.495512635,1.1969589,0.145491496,-0.517234027,-0.125630632,-0.0399202406,-0.154920369,-0.67690438,-0.851562738,1.43526709,1.3111614,-0.238752022,-0.110526666,0,0.180657908,-0.0162722114,0.0152411638,0.969825268,1.08295405,-0.631733954,-0.0489115976,0,-0.682535589,-0.120814353,-0.650806129,0.280376405,-0.645294011,-0.82575953,0,-0.0533790924,-0.538130045,-1.0675199,-1.1134119,-0.107556142,0.645549893,-0.565301836,-0.0942896381,-0.0425597429,-0.404258102,-1.3495611,-1.82482529,-1.41840398,1.17954874,0.0701899752,-0.208661944,-0.0282166321,-0.296499252,0.666264713,0.205195829,0.0467257351,0.567166388,-0.253634006,-0.199069589,9
0,-0.32890445,-1.10410953,-1.15987015,0.990595162,1.83132553,2.93133736,-0.114585042,-0.0596355125,-0.623986244,-0.805648148,1.00716376,1.1969589,1.29880655,4.04331398,-0.125630632,-0.0399202406,-0.716925859,0.204642251,1.5438658,1.43526709,1.3111614,2.26478338,-0.110526666,0,-0.79118371,-1.15261495,0.0152411638,0.157328367,1.08295405,2.06833267,-0.0489115976,0,-0.682535589,-1.22470379,-1.44643283,-1.75093865,0.211055845,0.897028387,0,-0.0533790924,-0.538130045,-1.0675199,-1.1134119,-0.587549329,0.468298674,-0.565301836,-0.0942896381,-0.0425597429,-0.404258102,-1.3495611,-1.44195008,0.858408391,-1.12430239,-0.7543782,-0.208661944,-0.0282166321,-0.296499252,-1.10641932,-0.258292317,-1.79511487,-1.12624967,-0.498878568,-0.199069589,9
0,-0.32890445,-1.10410953,-2.5925169,0.524410903,1.476493,0.503204882,-0.114585042,-0.0596355125,-0.623986244,-1.90940797,-0.495512635,0.155584782,0.804528654,1.76304007,-0.125630632,-0.0399202406,-0.716925859,-1.73476028,0.00394746149,-1.15431678,0.828405142,1.95184135,-0.110526666,0,-0.79118371,-1.47728431,-1.52425253,-0.492669165,1.25138676,-0.361727297,-0.0489115976,0,0.475678682,0.0368841328,0.463071167,0.788205206,-0.816564023,-0.82575953,0,-0.0533790924,1.521016,1.39350259,1.35087121,-0.267553866,-1.4814651,-0.800828636,-0.0942896381,-0.0425597429,-0.404258102,-0.99643904,0.472425967,0.478939652,-0.795180798,-0.342094123,-0.208661944,-0.0282166321,-0.296499252,-1.10641932,-2.57573318,0.251374692,1.58321595,0.727344275,-0.199069589,2
0,-0.32890445,-1.10410953,-2.83129144,0.524410903,1.83132553,1.71727109,-0.114585042,-0.0596355125,-0.623986244,-1.90940797,-1.74774301,1.1969589,1.29880655,1.76304007,-0.125630632,-0.0399202406,-0.716925859,-1.55845106,0.859457612,1.43526709,1.3111614,1.95184135,-0.110526666,0,0.828552306,0.795401216,1.21262515,0.969825268,1.41981947,0.718299329,-0.0489115976,0,-0.392982006,-0.5939098,-0.332555473,0.957481444,1.23867571,1.47129107,0,-0.0533790924,-0.538130045,-1.0675199,-0.80537653,1.33242333,1.35455489,0.847859085,-0.0942896381,-0.0425597429,-0.404258102,-1.3495611,-1.44195008,1.23787713,1.17954874,-0.13595207,-0.208661944,-0.0282166321,-0.296499252,-1.10641932,-2.80747724,0.865321517,1.58321595,-0.498878568,-0.199069589,1
0,-0.32890445,2.03965139,0.272776544,0.0582266748,1.12166035,0.1996883,-0.114585042,-0.0596355125,0.626971841,1.03395164,1.00716376,0.363859624,-0.348786354,-0.517234027,-0.125630632,-0.0399202406,-0.716925859,1.08618891,-0.509358644,-1.15431678,-1.26353872,-0.551693916,-0.110526666,0,-0.79118371,0.308397144,-0.326868534,-1.63016486,-1.27510405,-0.631733954,-0.0489115976,0,-0.682535589,-0.120814353,0.781321824,-1.75093865,-1.5016439,-0.82575953,0,-0.0533790924,-0.538130045,-1.0675199,1.04283583,-0.267553866,-1.4814651,-0.800828636,-0.0942896381,-0.0425597429,1.81474817,-0.466755986,0.855301201,-0.279997826,-1.45342398,-0.7543782,-0.208661944,-0.0282166321,0.768356621,1.84805405,0.900428057,-1.5904659,-1.12624967,-0.498878568,-0.199069589,5
0,1.84134698,2.03965139,0.98909992,0.757503033,-0.829918623,-0.407344818,-0.114585042,-0.0596355125,0.31423232,0.114151776,-1.74774301,1.1969589,-0.678304911,-0.517234027,-0.125630632,-0.0399202406,-0.716925859,-1.73476028,-1.19376683,1.27341807,-0.458944917,-0.551693916,-0.110526666,0,-0.79118371,-1.47728431,-0.840033114,0.8073259,-1.10667133,-0.631733954,-0.0489115976,0,-0.682535589,-0.909306765,0.781321824,-0.904557347,-1.5016439,-0.82575953,0,-0.0533790924,-0.538130045,1.23968863,0.426765025,-1.22754025,-1.4814651,-0.800828636,-0.0942896381,-0.0425597429,2.36949968,1.47541523,-1.25051248,-1.22866964,-0.795180798,-0.13595207,-0.208661944,-0.0282166321,3.96292424,2.04501891,0.900428057,0.865321517,1.58321595,2.19881153,-0.199069589,2
0,-0.32890445,-1.10410953,-2.5925169,0.757503033,0.589411557,-0.407344818,-0.114585042,-0.0596355125,-0.623986244,-1.90940797,-0.495512635,0.988684118,-0.843064249,-0.517234027,-0.125630632,-0.0399202406,-0.716925859,-0.147976398,1.5438658,-0.345071852,-0.780782402,1.32595754,-0.110526666,0,0.828552306,1.12007058,-0.155813694,-1.63016486,0.746088624,2.8783524,-0.0489115976,0,2.79210711,0.983075023,-0.809931457,-0.396728605,1.23867571,1.75842237,0,-0.0533790924,3.58016205,1.39350259,1.35087121,1.33242333,1.35455489,-0.800828636,-0.0942896381,-0.0425597429,-0.404258102,-0.643316984,-1.44195008,0.858408391,0.356744766,-0.7543782,-0.208661944,-0.0282166321,-0.296499252,-1.10641932,-2.57573318,0.865321517,0.397824794,-0.498878568,-0.199069589,4
0,-0.32890445,-0.684941351,0.750325441,-0.874141812,-1.00733483,-0.407344818,-0.114585042,-0.0596355125,-0.623986244,-0.621688128,0.50627166,0.988684118,-0.0192677919,-0.517234027,-0.125630632,-0.0399202406,1.25009334,0.909879565,-0.680460691,-0.668769836,1.15024269,-0.551693916,-0.110526666,0,1.15249956,1.12007058,-1.35319769,-1.63016486,0.240790457,1.52831924,-0.0489115976,0,0.475678682,0.667678058,-1.44643283,-1.75093865,-0.131484106,1.47129107,0,-0.0533790924,-0.538130045,0.778246939,-0.651358843,-1.22754025,0.645549893,0.847859085,-0.0942896381,-0.0425597429,-0.404258102,0.239488095,0.663863599,0.668674052,1.01498795,-0.548236191,-0.208661944,-0.0282166321,-0.296499252,-0.909454465,-0.721780479,0.0467257351,-0.279541612,-0.498878568,-0.199069589,0
0,-0.32890445,-0.894525409,-1.15987015,0.0582266748,-0.475086063,-0.407344818,-0.114585042,-0.0596355125,0.626971841,1.03395164,0.00537951011,0.363859624,0.310250789,-0.517234027,-0.125630632,-0.0399202406,3.21711254,-0.147976398,-1.19376683,0.62602216,0.0238113683,-0.551693916,-0.110526666,0,1.47644675,-0.665610969,-1.52425253,0.8073259,-0.601373136,-0.631733954,-0.0489115976,0,-0.682535589,-1.22470379,-1.12818217,0.618928909,-0.302754074,-0.82575953,0,-0.0533790924,-0.538130045,-1.0675199,-1.1134119,-0.907544732,0.822801173,1.31891274,-0.0942896381,-0.0425597429,-0.404258102,-0.466755986,0.0895507634,-1.0389353,-1.45342398,2.13161039,4.64852428,-0.0282166321,-0.296499252,-0.909454465,-0.721780479,0.660672605,1.58321595,3.42503452,3.86971855,3
0,-0.32890445,-0.265773267,0.272776544,0.524410903,-0.652502358,-0.407344818,-0.114585042,-0.0596355125,-0.623986244,0.849991679,-0.495512635,0.155584782,0.310250789,-0.517234027,-0.125630632,-0.0399202406,0.126082376,0.909879565,-0.851562738,0.787871122,-0.298026145,-0.551693916,-0.110526666,0,-0.79118371,-0.99028033,-0.155813694,0.969825268,-0.0960749909,-0.631733954,-0.0489115976,0,-0.682535589,-1.22470379,-0.809931457,-0.227452338,1.23867571,-0.251496881,0,-0.0533790924,-0.538130045,0.470619142,-0.651358843,-1.22754025,0.822801173,0.612332284,-0.0942896381,-0.0425597429,-0.404258102,1.47541523,-0.867637277,-0.469732195,1.17954874,-0.13595207,-0.208661944,-0.0282166321,-0.296499252,0.272334903,0.205195829,0.251374692,0.228483185,-0.498878568,-0.199069589,3
0,-0.32890445,0.991731048,0.272776544,0.524410903,0.411995322,-0.407344818,-0.114585042,-0.0596355125,-0.623986244,0.482071757,-0.745958686,-1.09406424,0.639769375,0.907937288,-0.125630632,-0.0399202406,0.407085121,0.557260871,-1.19376683,-1.15431678,-0.619863689,1.95184135,-0.110526666,0,0.504605114,-0.178606898,-1.52425253,-1.63016486,-0.601373136,1.52831924,-0.0489115976,0,1.63389289,-0.5939098,-1.44643283,-1.75093865,0.724865794,-0.251496881,0,-0.0533790924,2.20739794,-0.452264249,-1.1134119,0.212439299,0.291047394,-0.800828636,-0.0942896381,-0.0425597429,1.81474817,0.769171178,0.472425967,0.668674052,-1.28886318,-0.7543782,-0.208661944,-0.0282166321,0.768356621,1.06019449,-0.258292317,-2.2044127,-1.12624967,-0.498878568,-0.199069589,0
0,-0.32890445,-0.894525409,0.272776544,-0.874141812,-1.00733483,-0.407344818,-0.114585042,-0.0596355125,-0.623986244,-0.621688128,1.00716376,-1.51061392,-1.33734202,-0.517234027,-0.125630632,-0.0399202406,-0.716925859,0.733570218,0.346151531,-1.15431678,-0.137107387,1.63889945,-0.110526666,0,0.180657908,1.12007058,-1.01108789,-1.30516613,1.25138676,1.7983259,-0.0489115976,0,1.92344654,1.29847205,-0.17343016,0.280376405,1.0674057,-0.82575953,0,-0.0533790924,1.521016,1.39350259,1.35087121,1.33242333,-0.240706354,-0.800828636,-0.0942896381,-0.0425597429,-0.404258102,-0.819878042,0.472425967,1.04814279,-1.28886318,-0.7543782,-0.208661944,-0.0282166321,-0.296499252,-1.10641932,0.205195829,-0.567221105,-1.12624967,-0.498878568,-0.199069589,4
0,-0.32890445,-0.265773267,0.511551023,-0.174865454,-0.475086063,-0.407344818,-0.114585042,-0.0596355125,-0.623986244,-0.0698082,1.00716376,0.363859624,0.969287932,-0.232199743,-0.125630632,-0.0399202406,-0.4359231,0.733570218,0.859457612,-1.15431678,0.828405142,0.38713181,-0.110526666,0,0.828552306,1.12007058,-0.497923404,-1.63016486,0.0723577365,0.988305986,-0.0489115976,0,1.63389289,1.29847205,-1.44643283,-1.75093865,0.0397858657,1.47129107,0,-0.0533790924,1.86420691,1.39350259,-0.651358843,-0.107556142,1.35455489,0.376805425,-0.0942896381,-0.0425597429,1.25999665,1.29885423,0.663863599,1.23787713,1.01498795,-0.342094123,-0.208661944,-0.0282166321,-0.296499252,-0.318559766,0.668684006,0.0467257351,-0.787566423,-0.498878568,-0.199069589,0
0,0.756221235,1.41089916,0.511551023,-0.407957584,-1.00733483,-0.407344818,-0.114585042,-0.0596355125,0.939711332,1.03395164,1.00716376,1.1969589,-0.678304911,-0.517234027,-0.125630632,-0.0399202406,-0.716925859,-1.73476028,-0.509358644,1.43526709,-0.619863689,-0.551693916,-0.110526666,0,-0.79118371,-1.47728431,-0.326868534,0.8073259,-1.10667133,-0.631733954,-0.0489115976,0,-0.682535589,-0.909306765,0.940447152,-0.227452338,-1.5016439,-0.82575953,0,-0.0533790924,-0.538130045,0.316805243,1.19685352,-0.907544732,-1.4814651,-0.800828636,-0.0942896381,-0.0425597429,-0.404258102,1.47541523,0.855301201,-0.279997826,-0.136937618,-0.13595207,-0.208661944,-0.0282166321,-0.296499252,0.863229573,0.668684006,0.251374692,0.397824794,0.482099682,-0.199069589,2
0,2.92647266,2.03965139,0.98909992,0.757503033,-0.475086063,-0.407344818,-0.114585042,-0.0596355125,0.31423232,-0.0698082,-0.996404767,0.988684118,0.639769375,-0.517234027,-0.125630632,-0.0399202406,-0.716925859,-1.73476028,-1.19376683,1.11156917,0.0238113683,-0.551693916,-0.110526666,0,-0.79118371,0.308397144,0.699460566,0.969825268,1.41981947,1.52831924,-0.0489115976,0,-0.392982006,1.14077353,1.09957254,0.788205206,-0.302754074,-0.251496881,0,-0.0533790924,-0.538130045,-0.298450351,1.35087121,-0.427551597,-1.4814651,-0.800828636,-0.0942896381,-0.0425597429,0.705245078,1.47541523,0.280988365,-1.79787278,-1.45342398,-0.7543782,-0.208661944,-0.0282166321,2.89806843,2.04501891,-1.64875674,-2.40906167,-1.12624967,-0.498878568,-0.199069589,7
0,1.84134698,1.62048328,0.98909992,-1.107234,-1.00733483,-0.407344818,-0.114585042,-0.0596355125,3.12888789,0.482071757,0.50627166,0.572134435,-1.33734202,-0.517234027,-0.125630632,-0.0399202406,-0.154920369,-1.73476028,0.175049499,0.787871122,-1.26353872,-0.551693916,-0.110526666,0,-0.79118371,-1.47728431,0.357350856,-0.167670414,-1.27510405,-0.631733954,-0.0489115976,0,-0.682535589,-1.22470379,0.622196496,-0.904557347,-1.5016439,-0.82575953,0,-0.0533790924,-0.538130045,0.162991345,1.19685352,-0.907544732,-1.4814651,-0.800828636,-0.0942896381,-0.0425597429,-0.404258102,1.47541523,1.23817647,1.23787713,0.0276231728,-0.342094123,-0.208661944,-0.0282166321,0.768356621,2.04501891,0.436939895,0.251374692,1.58321595,1.70832253,-0.199069589,2
0,-0.32890445,1.83006728,0.98909992,0.990595162,1.83132553,0.1996883,-0.114585042,-0.0596355125,1.56519043,1.03395164,-1.74774301,-1.9271636,-1.33734202,-0.517234027,-0.125630632,-0.0399202406,3.21711254,0.557260871,0.00394746149,-0.668769836,-1.26353872,-0.551693916,-0.110526666,0,0.504605114,0.470731825,0.699460566,0.969825268,0.240790457,-0.631733954,-0.0489115976,0,-0.682535589,-1.22470379,-1.44643283,-0.73528111,1.0674057,-0.82575953,0,-0.0533790924,-0.538130045,-1.0675199,-1.1134119,0.212439299,1.00005245,-0.800828636,-0.0942896381,-0.0425597429,-0.404258102,-0.466755986,0.855301201,1.23787713,-0.959741592,-0.7543782,-0.208661944,-0.0282166321,0.768356621,1.84805405,-0.258292317,-1.5904659,-1.12624967,-0.498878568,-0.199069589,5
0,-0.32890445,0.572562933,0.0340020917,0.524410903,1.12166035,0.503204882,-0.114585042,-0.0596355125,-0.623986244,0.298111767,-1.74774301,-2.13543844,-0.843064249,-0.517234027,-0.125630632,-0.0399202406,-0.716925859,1.08618891,-0.851562738,-0.506920815,-1.10261989,-0.551693916,-0.110526666,0,0.504605114,1.12007058,0.870515406,0.319827735,1.25138676,0.448292673,-0.0489115976,0,-0.682535589,-0.5939098,-1.44643283,-1.75093865,-0.131484106,1.47129107,0,-0.0533790924,-0.194939047,-1.0675199,-1.1134119,-1.22754025,0.468298674,0.376805425,-0.0942896381,-0.0425597429,2.92425132,1.12229323,-1.63338768,-1.41840398,1.01498795,-0.548236191,-0.208661944,-0.0282166321,-0.296499252,0.469299793,0.436939895,0.865321517,-0.448883235,-0.498878568,-0.199069589,5
0,-0.32890445,-1.10410953,-1.39864469,0.757503033,-0.829918623,-0.407344818,-0.114585042,-0.0596355125,-0.623986244,-1.35752809,1.00716376,-0.2609649,1.13404715,0.33786878,-0.125630632,-0.0399202406,-0.4359231,0.909879565,0.00394746149,-0.345071852,1.15024269,-0.551693916,-0.110526666,0,2.12434125,1.12007058,-0.840033114,0.157328367,1.08295405,2.06833267,-0.0489115976,0,1.92344654,1.29847205,1.09957254,0.957481444,1.23867571,1.75842237,0,-0.0533790924,-0.538130045,-0.759892046,-0.497341156,1.33242333,-1.12696266,-0.800828636,-0.0942896381,-0.0425597429,-0.404258102,-1.3495611,-0.676199675,0.858408391,-1.45342398,-0.7543782,-0.208661944,-0.0282166321,-0.296499252,-1.10641932,-1.18526864,-0.362572163,-1.12624967,-0.498878568,-0.199069589,4
0,-0.32890445,-1.10410953,-2.5925169,0.0582266748,0.0571627617,-0.407344818,-0.114585042,-0.0596355125,-0.623986244,-1.90940797,-0.245066568,0.988684118,-1.00782347,-0.517234027,-0.125630632,-0.0399202406,-0.716925859,-0.324285716,1.5438658,-0.183222845,-1.10261989,0.0741898865,-0.110526666,0,0.504605114,1.12007058,0.0152411638,-1.46766543,1.25138676,1.7983259,-0.0489115976,0,3.08166075,1.14077353,-0.491680831,-0.0581760854,1.23867571,0.897028387,0,-0.0533790924,3.58016205,1.39350259,1.35087121,1.33242333,1.35455489,-0.565301836,-0.0942896381,-0.0425597429,0.150493473,-0.113633938,-1.05907488,0.858408391,0.685866356,-0.7543782,-0.208661944,-0.0282166321,-0.296499252,-1.10641932,-2.80747724,0.456023633,0.397824794,-0.498878568,-0.199069589,4
0,-0.32890445,0.78214699,0.272776544,0.757503033,0.766827881,-0.103828259,-0.114585042,-0.0596355125,-0.311246723,0.849991679,-1.74774301,-0.677514553,1.29880655,0.907937288,-0.125630632,-0.0399202406,-0.716925859,0.909879565,0.00394746149,0.464173138,1.3111614,1.32595754,-0.110526666,0,-0.79118371,-1.15261495,-0.326868534,-0.492669165,0.409223169,1.52831924,-0.0489115976,0,-0.682535589,-1.22470379,-1.44643283,-1.75093865,-0.131484106,1.47129107,0,-0.0533790924,-0.538130045,-1.0675199,-1.1134119,-1.22754025,0.468298674,0.376805425,-0.0942896381,-0.0425597429,-0.404258102,1.12229323,-0.676199675,0.0994709209,0.521305561,-0.7543782,-0.208661944,-0.0282166321,-0.296499252,0.666264713,0.900428057,0.0467257351,-0.956908047,-0.498878568,-0.199069589,9
0,6.18184996,2.24923539,0.98909992,0.757503033,0.234579042,-0.407344818,-0.114585042,-0.0596355125,0.00149279006,0.114151776,0.00537951011,1.1969589,1.29880655,0.907937288,-0.125630632,-0.0399202406,-0.716925859,-1.73476028,-1.19376683,1.11156917,1.15024269,0.0741898865,-0.110526666,0,-0.79118371,-1.47728431,-1.35319769,0.969825268,0.577655911,-0.631733954,-0.0489115976,0,-0.682535589,-1.22470379,-1.44643283,0.618928909,0.896135747,-0.82575953,0,-0.0533790924,-0.538130045,-1.0675199,-1.1134119,-0.427551597,1.35455489,1.31891274,-0.0942896381,-0.0425597429,-0.404258102,-0.819878042,-0.484762043,0.478939652,1.17954874,0.688616097,-0.208661944,-0.0282166321,2.89806843,2.04501891,0.900428057,0.660672605,0.736508012,-0.253634006,-0.199069589,3
0,-0.32890445,-0.0561892018,0.98909992,-0.874141812,-1.00733483,-0.407344818,-0.114585042,-0.0596355125,-0.623986244,-0.0698082,-1.74774301,0.363859624,-0.348786354,-0.517234027,-0.125630632,-0.0399202406,0.407085121,0.733570218,-1.19376683,-0.830618858,0.828405142,-0.551693916,-0.110526666,0,0.504605114,0.146062478,-1.52425253,-1.63016486,0.240790457,1.52831924,-0.0489115976,0,0.765232265,0.0368841328,-1.44643283,-1.75093865,-0.131484106,1.47129107,0,-0.0533790924,0.148251966,0.624433041,-1.1134119,-1.22754025,0.113796152,0.612332284,-0.0942896381,-0.0425597429,-0.404258102,1.29885423,-0.676199675,-0.279997826,1.01498795,-0.548236191,-0.208661944,-0.0282166321,-0.296499252,-0.318559766,0.205195829,0.0467257351,-0.618224859,-0.498878568,-0.199069589,0
0,0.756221235,1.83006728,0.98909992,0.757503033,-0.297669798,-0.407344818,-0.114585042,-0.0596355125,0.626971841,1.03395164,-0.745958686,0.155584782,1.13404715,0.33786878,-0.125630632,-0.0399202406,0.969090581,1.08618891,-1.02266479,0.140475139,1.3111614,0.0741898865,-0.110526666,0,-0.143289298,0.795401216,0.186296016,0.8073259,1.41981947,0.988305986,-0.0489115976,0,-0.682535589,-0.751608312,0.303945839,-0.396728605,1.0674057,0.609897077,0,-0.0533790924,-0.538130045,-1.0675199,-1.1134119,-1.06754243,1.35455489,0.376805425,-0.0942896381,-0.0425597429,-0.404258102,-0.819878042,-1.25051248,0.289205283,1.01498795,-0.548236191,-0.208661944,-0.0282166321,-0.296499252,1.45412421,0.900428057,0.456023633,-0.448883235,-0.498878568,-0.199069589,9
0,-0.32890445,0.572562933,0.98909992,0.990595162,0.589411557,-0.407344818,-0.114585042,-0.0596355125,-0.311246723,1.03395164,0.756717741,0.155584782,-0.0192677919,-0.517234027,-0.125630632,-0.0399202406,-0.4359231,0.733570218,0.517253578,-1.15431678,-1.26353872,-0.551693916,-0.110526666,0,1.47644675,1.12007058,0.186296016,-0.655168533,-1.27510405,-0.631733954,-0.0489115976,0,-0.103428438,0.667678058,1.09957254,0.957481444,0.211055845,-0.82575953,0,-0.0533790924,-0.538130045,-1.0675199,-0.959394217,-0.107556142,1.17730367,-0.800828636,-0.0942896381,-0.0425597429,-0.404258102,0.592610121,-0.867637277,0.668674052,0.685866356,-0.7543782,-0.208661944,-0.0282166321,-0.296499252,1.06019449,0.900428057,0.865321517,-0.110200025,-0.498878568,-0.199069589,5
0,0.756221235,-0.475357324,0.750325441,0.757503033,-0.652502358,-0.407344818,-0.114585042,21.3580322,4.3798461,1.03395164,0.00537951011,1.1969589,-0.348786354,-0.517234027,-0.125630632,25.0499496,3.4981153,-0.500595033,-0.16715458,1.11156917,-1.26353872,-0.551693916,-0.110526666,0,0.828552306,0.795401216,0.870515406,-0.00517102238,-1.27510405,-0.631733954,-0.0489115976,0,-0.682535589,-0.120814353,1.09957254,-0.566004872,-1.5016439,-0.82575953,0,-0.0533790924,-0.538130045,-0.144636467,1.19685352,0.852430165,-0.0634551048,-0.800828636,-0.0942896381,-0.0425597429,-0.404258102,0.0629270747,0.472425967,-0.469732195,1.17954874,-0.7543782,-0.208661944,-0.0282166321,-0.296499252,-0.318559766,0.668684006,0.865321517,1.24453282,-0.498878568,-0.199069589,8
0,-0.32890445,-0.684941351,0.750325441,-1.34032607,-1.00733483,-0.407344818,-0.114585042,-0.0596355125,-0.623986244,0.114151776,1.00716376,-1.30233908,-1.33734202,-0.517234027,-0.125630632,-0.0399202406,0.126082376,1.08618891,0.00394746149,-1.15431678,-1.26353872,-0.551693916,-0.110526666,0,0.504605114,1.12007058,-0.497923404,-0.980167329,-1.10667133,-0.631733954,-0.0489115976,0,1.05478585,1.29847205,1.09957254,0.618928909,1.23867571,0.0356344357,0,-0.0533790924,0.148251966,1.0858748,0.272747338,-1.22754025,0.468298674,1.31891274,-0.0942896381,-0.0425597429,-0.404258102,0.416049123,0.855301201,-0.279997826,1.01498795,0.276332021,-0.208661944,-0.0282166321,-0.296499252,-0.515524685,0.205195829,0.865321517,0.228483185,-0.498878568,-0.199069589,6
0,-0.32890445,-1.10410953,-2.35374236,0.291318804,1.29907668,-0.407344818,-0.114585042,-0.0596355125,-0.623986244,-1.90940797,0.00537951011,-0.0526900552,1.29880655,-0.517234027,-0.125630632,-0.0399202406,-0.716925859,-0.500595033,1.03055966,0.140475139,0.506567657,-0.551693916,-0.110526666,0,-0.79118371,-0.665610969,1.21262515,0.969825268,-0.601373136,-0.631733954,-0.0489115976,0,-0.682535589,-0.751608312,1.09957254,0.957481444,-0.816564023,-0.82575953,0,-0.0533790924,0.148251966,1.0858748,0.272747338,-0.107556142,0.822801173,-0.565301836,-0.0942896381,-0.0425597429,0.150493473,0.592610121,-0.293324441,-1.22866964,0.0276231728,0.894758165,-0.208661944,-0.0282166321,-0.296499252,-1.10641932,-1.64875674,-0.362572163,1.41387439,3.42503452,-0.199069589,8
0,-0.32890445,-0.894525409,-1.15987015,-0.407957584,-0.475086063,-0.407344818,-0.114585042,-0.0596355125,-0.623986244,-0.437728167,1.00716376,1.1969589,0.639769375,-0.517234027,-0.125630632,-0.0399202406,-0.716925859,-0.324285716,1.5438658,1.43526709,0.66748637,-0.551693916,-0.110526666,0,-0.79118371,0.146062478,1.21262515,0.969825268,-0.432940423,-0.631733954,-0.0489115976,0,-0.682535589,-0.120814353,1.09957254,0.957481444,-1.33037388,-0.82575953,0,-0.0533790924,-0.538130045,1.0858748,1.35087121,1.17242563,-1.30421388,-0.800828636,-0.0942896381,-0.0425597429,-0.404258102,0.769171178,1.23817647,1.23787713,-1.28886318,-0.7543782,-0.208661944,-0.0282166321,-0.296499252,-0.909454465,-0.721780479,0.0467257351,0.397824794,-0.498878568,-0.199069589,1
0,-0.32890445,-1.10410953,-0.68232125,-0.174865454,-1.00733483,-0.407344818,-0.114585042,-0.0596355125,-0.623986244,-0.989608109,0.50627166,-1.51061392,-1.00782347,-0.517234027,-0.125630632,-0.0399202406,-0.716925859,0.909879565,-0.851562738,-0.992467821,0.989323914,0.38713181,-0.110526666,0,0.828552306,0.633066535,-1.52425253,0.482327133,0.0723577365,-0.361727297,-0.0489115976,0,1.63389289,0.82537657,-0.969056785,0.957481444,0.896135747,0.897028387,0,-0.0533790924,1.521016,1.23968863,1.35087121,0.852430165,-0.949711382,-0.800828636,-0.0942896381,-0.0425597429,-0.404258102,-1.3495611,-0.101886839,0.289205283,-1.45342398,-0.7543782,-0.208661944,-0.0282166321,-0.296499252,-1.10641932,-0.258292317,-0.976518989,-1.12624967,-0.498878568,-0.199069589,4
0,-0.32890445,-0.0561892018,0.98909992,0.0582266748,-0.652502358,-0.407344818,-0.114585042,-0.0596355125,-0.623986244,0.482071757,0.50627166,0.988684118,0.475010067,-0.517234027,-0.125630632,-0.0399202406,0.969090581,0.909879565,-1.02266479,-0.830618858,1.3111614,0.700073719,-0.110526666,0,1.15249956,0.795401216,-1.52425253,-1.63016486,0.240790457,1.52831924,-0.0489115976,0,1.63389289,0.352281094,-1.44643283,-1.75093865,0.724865794,1.47129107,0,-0.0533790924,0.834633946,0.932060838,-1.1134119,-1.06754243,1.00005245,1.08338594,-0.0942896381,-0.0425597429,-0.404258102,1.12229323,0.855301201,1.04814279,1.01498795,-0.13595207,-0.208661944,-0.0282166321,-0.296499252,-0.121594876,-0.0265482478,0.251374692,0.228483185,-0.498878568,-0.199069589,0
0,-0.32890445,0.991731048,0.98909992,0.990595162,0.234579042,-0.407344818,-0.114585042,-0.0596355125,1.25245082,0.849991679,-0.745958686,0.780409276,0.639769375,-0.517234027,-0.125630632,-0.0399202406,0.126082376,-0.853213727,-1.19376683,0.949720144,0.0238113683,-0.551693916,-0.110526666,0,-0.79118371,-1.47728431,0.186296016,0.482327133,-1.27510405,-0.631733954,-0.0489115976,0,-0.682535589,-0.909306765,1.09957254,-1.07383358,-1.5016439,-0.82575953,0,-0.0533790924,-0.538130045,0.778246939,0.118729629,-1.22754025,-1.4814651,-0.800828636,-0.0942896381,-0.0425597429,-0.404258102,1.47541523,0.663863599,0.289205283,-0.136937618,-0.13595207,-0.208661944,-0.0282166321,-0.296499252,1.25715935,0.900428057,0.865321517,1.58321595,0.727344275,-0.199069589,2
0,-0.32890445,-1.10410953,-0.921095729,0.757503033,-0.120253511,-0.407344818,-0.114585042,-0.0596355125,-0.623986244,-1.35752809,1.00716376,0.572134435,-1.17258275,-0.517234027,-0.125630632,-0.0399202406,-0.716925859,0.380951583,1.5438658,-0.830618858,-1.26353872,-0.551693916,-0.110526666,0,0.828552306,1.12007058,-0.326868534,-0.167670414,-0.601373136,-0.631733954,-0.0489115976,0,3.37121439,1.29847205,0.622196496,0.957481444,0.896135747,0.0356344357,0,-0.0533790924,2.20739794,1.0858748,1.35087121,1.33242333,1.00005245,-0.329775035,-0.0942896381,-0.0425597429,-0.404258102,-1.3495611,-0.101886839,1.23787713,-0.959741592,-0.7543782,-0.208661944,-0.0282166321,-0.296499252,-1.10641932,-0.258292317,0.456023633,-1.12624967,-0.498878568,-0.199069589,4
0,-0.32890445,-0.684941351,0.0340020917,-0.874141812,-1.00733483,-0.407344818,-0.114585042,-0.0596355125,-0.623986244,0.298111767,0.255825579,-1.09406424,-1.33734202,-0.517234027,-0.125630632,-0.0399202406,-0.4359231,1.08618891,-1.02266479,-1.15431678,-1.26353872,-0.551693916,-0.110526666,0,-0.143289298,0.795401216,-1.52425253,-1.63016486,-1.27510405,-0.631733954,-0.0489115976,0,-0.103428438,1.29847205,-0.650806129,-0.0581760854,0.211055845,0.322765768,0,-0.0533790924,-0.538130045,1.39350259,1.04283583,0.0524415746,-0.417957604,2.26101995,-0.0942896381,-0.0425597429,-0.404258102,0.945732176,-0.101886839,-1.41840398,-0.795180798,2.13161039,-0.208661944,-0.0282166321,-0.296499252,-0.515524685,-0.490036398,0.865321517,1.58321595,1.2178334,-0.199069589,6
0,-0.32890445,-0.475357324,0.272776544,-1.34032607,-1.00733483,-0.407344818,-0.114585042,-0.0596355125,-0.623986244,0.666031718,-0.245066568,0.988684118,-0.0192677919,-0.517234027,-0.125630632,-0.0399202406,-0.716925859,0.909879565,-1.02266479,1.11156917,1.3111614,-0.238752022,-0.110526666,0,-0.79118371,0.308397144,0.699460566,0.319827735,0.914521337,0.718299329,-0.0489115976,0,-0.682535589,-0.751608312,-0.17343016,-1.58166242,-0.131484106,2.04555368,0,-0.0533790924,-0.538130045,-1.0675199,-1.1134119,-1.22754025,0.113796152,0.612332284,-0.0942896381,-0.0425597429,-0.404258102,0.239488095,-1.05907488,-1.22866964,1.17954874,-0.342094123,-0.208661944,-0.0282166321,-0.296499252,-0.318559766,0.436939895,0.456023633,0.0591415763,-0.498878568,-0.199069589,9
0,4.01159859,2.24923539,0.98909992,0.990595162,0.766827881,0.503204882,-0.114585042,-0.0596355125,3.12888789,1.03395164,-0.745958686,-0.469239712,0.639769375,0.33786878,-0.125630632,-0.0399202406,2.0931015,1.08618891,-0.851562738,-1.15431678,-1.26353872,-0.551693916,-0.110526666,0,0.180657908,1.12007058,0.528405726,-1.63016486,-1.27510405,-0.631733954,-0.0489115976,0,-0.682535589,-0.120814353,1.09957254,-0.227452338,-1.5016439,-0.82575953,0,-0.0533790924,-0.538130045,-1.0675199,0.734800398,1.33242333,-1.30421388,-0.800828636,-0.0942896381,-0.0425597429,1.25999665,0.416049123,1.04673874,1.04814279,-1.28886318,-0.7543782,-0.208661944,-0.0282166321,3.96292424,2.04501891,0.205195829,-1.79511487,-1.12624967,-0.498878568,-0.199069589,5
0,-0.32890445,2.03965139,0.272776544,-2.73887897,-0.475086063,0.503204882,-0.114585042,-0.0596355125,-0.623986244,0.849991679,0.756717741,-0.469239712,1.13404715,0.907937288,-0.125630632,-0.0399202406,-0.716925859,-0.324285716,1.5438658,1.43526709,-0.137107387,-0.551693916,-0.110526666,0,-0.79118371,-0.340941578,1.21262515,0.969825268,-1.10667133,-0.631733954,-0.0489115976,0,-0.682535589,0.667678058,0.463071167,0.788205206,0.211055845,-0.82575953,0,-0.0533790924,0.491442949,1.39350259,-1.1134119,0.37243703,1.17730367,-0.565301836,-0.0942896381,-0.0425597429,0.705245078,1.47541523,-0.867637277,-0.469732195,1.01498795,-0.13595207,-0.208661944,-0.0282166321,0.768356621,1.25715935,0.900428057,0.660672605,0.0591415763,-0.498878568,-0.199069589,8
0,-0.32890445,0.78214699,0.98909992,-2.03960252,-1.00733483,-0.407344818,-0.114585042,-0.0596355125,-0.623986244,0.114151776,1.00716376,0.780409276,-1.17258275,-0.517234027,-0.125630632,-0.0399202406,-0.716925859,-1.73476028,0.688355625,1.43526709,-0.619863689,-0.551693916,-0.110526666,0,-0.79118371,-1.47728431,-0.155813694,0.969825268,0.409223169,-0.361727297,-0.0489115976,0,-0.392982006,0.667678058,1.09957254,0.957481444,1.23867571,1.75842237,0,-0.0533790924,-0.194939047,0.624433041,1.35087121,0.532434762,-0.772460103,-0.800828636,-0.0942896381,-0.0425597429,-0.404258102,-0.290194958,1.23817647,-1.0389353,-1.45342398,-0.7543782,-0.208661944,-0.0282166321,-0.296499252,1.06019449,-0.258292317,-2.40906167,-1.12624967,-0.498878568,-0.199069589,7
0,-0.32890445,0.153394848,0.0340020917,0.990595162,0.766827881,-0.407344818,-0.114585042,-0.0596355125,0.626971841,0.849991679,-0.996404767,0.363859624,0.969287932,-0.517234027,-0.125630632,-0.0399202406,-0.716925859,-1.73476028,-1.19376683,0.949720144,0.0238113683,-0.551693916,-0.110526666,0,-0.79118371,-1.47728431,-0.497923404,0.644826531,-1.10667133,-0.631733954,-0.0489115976,0,-0.682535589,-1.22470379,-0.650806129,0.788205206,-0.131484106,-0.82575953,0,-0.0533790924,-0.538130045,-1.0675199,-1.1134119,-0.907544732,1.17730367,0.376805425,-0.0942896381,-0.0425597429,-0.404258102,-1.1730001,-1.05907488,-0.849200904,1.01498795,0.894758165,-0.208661944,-0.0282166321,-0.296499252,-0.121594876,0.900428057,0.456023633,0.397824794,-0.253634006,-0.199069589,3
0,-0.32890445,0.572562933,0.98909992,-0.874141812,-1.00733483,-0.407344818,-0.114585042,-0.0596355125,-0.623986244,-0.0698082,1.00716376,1.1969589,-0.843064249,-0.517234027,-0.125630632,-0.0399202406,-0.716925859,-1.38214171,-0.509358644,1.11156917,-0.619863689,-0.551693916,-0.110526666,0,-0.79118371,-1.47728431,-0.155813694,0.644826531,-1.27510405,-0.631733954,-0.0489115976,0,-0.682535589,-0.436211318,1.09957254,-0.396728605,-1.5016439,-0.82575953,0,-0.0533790924,0.148251966,1.23968863,1.04283583,-0.107556142,-0.417957604,-0.0942482054,-0.0942896381,-0.0425597429,2.36949968,1.47541523,1.04673874,1.23787713,1.01498795,-0.13595207,-0.208661944,-0.0282166321,-0.296499252,0.863229573,0.205195829,-0.771870077,-0.787566423,-0.498878568,-0.199069589,2
0,-0.32890445,0.78214699,0.750325441,-1.34032607,-1.00733483,-0.407344818,-0.114585042,-0.0596355125,0.00149279006,1.03395164,1.00716376,1.1969589,-0.184027076,-0.517234027,-0.125630632,-0.0399202406,0.407085121,0.733570218,-0.338256598,0.62602216,0.828405142,-0.551693916,-0.110526666,0,1.47644675,0.470731825,-1.52425253,-1.63016486,0.746088624,0.448292673,-0.0489115976,0,1.63389289,0.509979606,-1.44643283,-1.75093865,-0.302754074,0.609897077,0,-0.0533790924,0.834633946,0.932060838,-0.959394217,-1.06754243,0.291047394,0.612332284,-0.0942896381,-0.0425597429,0.705245078,1.47541523,1.04673874,1.04814279,0.850427151,-0.548236191,-0.208661944,-0.0282166321,-0.296499252,0.469299793,0.668684006,-0.157923222,-0.448883235,-0.498878568,-0.199069589,0
0,-0.32890445,-0.265773267,0.750325441,-0.874141812,-1.00733483,-0.407344818,-0.114585042,-0.0596355125,-0.623986244,0.849991679,0.50627166,0.988684118,-0.513545632,-0.517234027,-0.125630632,-0.0399202406,1.5310961,1.08618891,-0.338256598,-0.668769836,0.989323914,-0.551693916,-0.110526666,0,0.828552306,0.308397144,-1.52425253,-1.63016486,0.409223169,0.718299329,-0.0489115976,0,0.765232265,0.194582611,-1.44643283,-1.75093865,-0.131484106,1.47129107,0,-0.0533790924,-0.538130045,1.0858748,-1.1134119,-1.22754025,0.291047394,1.08338594,-0.0942896381,-0.0425597429,-0.404258102,1.12229323,0.663863599,0.668674052,1.17954874,-0.548236191,-0.208661944,-0.0282166321,-0.296499252,-0.712489545,0.436939895,0.456023633,0.0591415763,-0.498878568,-0.199069589,0
0,-0.32890445,0.991731048,-0.443546832,0.0582266748,0.234579042,-0.407344818,-0.114585042,-0.0596355125,-0.623986244,0.849991679,0.255825579,-1.09406424,0.639769375,0.907937288,-0.125630632,-0.0399202406,0.407085121,0.557260871,-0.509358644,-1.15431678,-0.941701174,1.95184135,-0.110526666,0,1.80039394,-0.82794565,-1.52425253,-1.63016486,-0.769805908,1.52831924,-0.0489115976,0,1.63389289,-0.5939098,-1.44643283,-1.75093865,-0.302754074,0.609897077,0,-0.0533790924,1.521016,-0.144636467,-1.1134119,-1.22754025,0.468298674,-0.329775035,-0.0942896381,-0.0425597429,0.150493473,0.945732176,-1.25051248,-1.22866964,0.521305561,-0.7543782,-0.208661944,-0.0282166321,-0.296499252,0.272334903,0.668684006,0.865321517,0.0591415763,-0.498878568,-0.199069589,0
0,-0.32890445,0.153394848,-0.443546832,-0.874141812,-0.475086063,-0.407344818,-0.114585042,-0.0596355125,-0.623986244,-0.805648148,1.00716376,1.1969589,0.145491496,-0.517234027,-0.125630632,-0.0399202406,-0.716925859,-0.147976398,1.5438658,1.43526709,-0.298026145,-0.551693916,-0.110526666,0,-0.79118371,-0.340941578,1.21262515,0.969825268,0.409223169,-0.631733954,-0.0489115976,0,-0.682535589,0.509979606,1.09957254,0.957481444,-0.131484106,-0.82575953,0,-0.0533790924,-0.538130045,0.00917744078,1.35087121,1.33242333,0.113796152,-0.800828636,-0.0942896381,-0.0425597429,-0.404258102,0.416049123,1.23817647,1.23787713,-0.466059208,-0.7543782,-0.208661944,-0.0282166321,-0.296499252,-0.318559766,-0.721780479,0.0467257351,0.736508012,-0.00838943198,-0.199069589,1
0,-0.32890445,-0.894525409,0.272776544,0.524410903,-0.475086063,-0.407344818,-0.114585042,-0.0596355125,-0.623986244,-0.437728167,1.00716376,0.572134435,-1.00782347,-0.517234027,-0.125630632,-0.0399202406,-0.154920369,1.08618891,1.5438658,-0.668769836,-1.26353872,-0.551693916,-0.110526666,0,0.180657908,1.12007058,0.528405726,-1.46766543,-1.27510405,-0.631733954,-0.0489115976,0,0.765232265,1.29847205,0.781321824,-0.904557347,-1.5016439,-0.82575953,0,-0.0533790924,0.491442949,1.39350259,1.35087121,1.33242333,1.35455489,0.612332284,-0.0942896381,-0.0425597429,0.150493473,1.12229323,1.23817647,1.23787713,1.17954874,1.71932638,-0.208661944,-0.0282166321,-0.296499252,-0.515524685,-0.0265482478,0.660672605,1.24453282,1.2178334,-0.199069589,6
0,0.756221235,0.362978905,0.272776544,0.524410903,-0.475086063,-0.407344818,-0.114585042,-0.0596355125,2.50340891,0.482071757,-2.49908113,-1.09406424,0.310250789,-0.517234027,-0.125630632,-0.0399202406,2.65510702,-1.02952302,-1.19376683,-0.0213738531,1.3111614,-0.551693916,-0.110526666,0,1.15249956,0.146062478,0.0152411638,0.482327133,1.25138676,-0.361727297,-0.0489115976,0,-0.682535589,-0.909306765,-0.809931457,-1.75093865,0.896135747,0.322765768,0,-0.0533790924,-0.538130045,-1.0675199,-1.1134119,-1.22754025,0.822801173,-0.329775035,-0.0942896381,-0.0425597429,-0.404258102,-0.290194958,-1.82482529,-0.849200904,0.850427151,-0.7543782,-0.208661944,-0.0282166321,-0.296499252,-0.121594876,0.436939895,0.456023633,-0.279541612,-0.498878568,-0.199069589,9
0,-0.32890445,0.362978905,0.98909992,0.291318804,-0.652502358,-0.407344818,-0.114585042,-0.0596355125,-0.623986244,0.666031718,0.756717741,0.572134435,0.145491496,-0.517234027,-0.125630632,-0.0399202406,-0.716925859,0.733570218,0.175049499,0.302324146,0.345648885,-0.551693916,-0.110526666,0,-0.79118371,-1.31494963,-1.18214285,-0.167670414,0.746088624,-0.631733954,-0.0489115976,0,-0.682535589,-1.22470379,-1.44643283,0.449652672,-0.131484106,-0.82575953,0,-0.0533790924,-0.538130045,-1.0675199,-0.343323469,1.33242333,-0.772460103,-0.800828636,-0.0942896381,-0.0425597429,-0.404258102,-0.290194958,1.04673874,1.23787713,-0.630620003,0.276332021,4.64852428,-0.0282166321,-0.296499252,0.0753700212,0.900428057,0.865321517,1.58321595,3.42503452,6.41271114,2
0,-0.32890445,-1.10410953,-1.6374191,0.524410903,-1.00733483,-0.407344818,-0.114585042,-0.0596355125,-0.623986244,-1.90940797,0.255825579,0.780409276,0.639769375,-0.517234027,-0.125630632,-0.0399202406,-0.716925859,-0.500595033,1.03055966,-0.183222845,0.828405142,-0.551693916,-0.110526666,0,-0.143289298,1.12007058,-1.01108789,-0.00517102238,0.577655911,-0.631733954,-0.0489115976,0,1.05478585,1.29847205,0.622196496,0.957481444,1.23867571,0.609897077,0,-0.0533790924,0.148251966,0.162991345,0.272747338,1.33242333,0.468298674,-0.329775035,-0.0942896381,-0.0425597429,-0.404258102,-1.3495611,-1.25051248,1.23787713,-1.45342398,-0.7543782,-0.208661944,-0.0282166321,-0.296499252,-1.10641932,-1.18526864,0.0467257351,-1.12624967,-0.498878568,-0.199069589,4
0,-0.32890445,0.153394848,-0.204772368,0.990595162,1.83132553,0.503204882,-0.114585042,-0.0596355125,0.939711332,1.03395164,0.756717741,-1.09406424,-1.33734202,-0.517234027,-0.125630632,-0.0399202406,2.37410426,1.08618891,1.37276375,-0.830618858,-1.26353872,-0.551693916,-0.110526666,0,3.09618282,0.957735896,0.528405726,0.319827735,-1.27510405,-0.631733954,-0.0489115976,0,-0.103428438,-1.06700528,-0.809931457,0.957481444,-1.5016439,-0.82575953,0,-0.0533790924,-0.538130045,-1.0675199,-1.1134119,1.33242333,-0.772460103,-0.800828636,-0.0942896381,-0.0425597429,-0.404258102,-1.3495611,-1.44195008,1.23787713,-0.959741592,-0.7543782,-0.208661944,-0.0282166321,-0.296499252,-0.121594876,0.900428057,0.251374692,-1.12624967,-0.498878568,-0.199069589,5
0,-0.32890445,-0.894525409,0.750325441,-1.34032607,-1.00733483,-0.407344818,-0.114585042,-0.0596355125,-0.623986244,-0.437728167,1.00716376,-1.71888876,-1.33734202,-0.517234027,-0.125630632,-0.0399202406,-0.716925859,0.909879565,0.688355625,-1.15431678,-0.137107387,0.700073719,-0.110526666,0,1.80039394,1.12007058,0.186296016,-0.655168533,1.41981947,1.7983259,-0.0489115976,0,1.05478585,1.29847205,1.09957254,0.957481444,1.23867571,0.322765768,0,-0.0533790924,-0.538130045,-0.298450351,0.580782712,1.33242333,0.822801173,-0.800828636,-0.0942896381,-0.0425597429,-0.404258102,-1.3495611,0.472425967,1.04814279,-0.959741592,-0.7543782,-0.208661944,-0.0282166321,-0.296499252,-1.10641932,0.668684006,-0.157923222,-1.12624967,-0.498878568,-0.199069589,4
0,0.756221235,0.572562933,0.98909992,0.990595162,-0.475086063,-0.407344818,-0.114585042,-0.0596355125,1.25245082,1.03395164,0.00537951011,1.1969589,-0.678304911,-0.517234027,-0.125630632,-0.0399202406,-0.4359231,-0.500595033,-1.19376683,1.43526709,-0.619863689,-0.551693916,-0.110526666,0,-0.79118371,-1.47728431,-0.326868534,0.8073259,-1.27510405,-0.631733954,-0.0489115976,0,-0.682535589,-1.22470379,0.781321824,-0.227452338,-1.5016439,-0.82575953,0,-0.0533790924,-0.538130045,0.470619142,1.04283583,-1.06754243,-0.772460103,0.376805425,-0.0942896381,-0.0425597429,-0.404258102,0.945732176,0.472425967,0.289205283,1.01498795,-0.13595207,-0.208661944,-0.0282166321,-0.296499252,1.25715935,0.900428057,0.0467257351,-0.618224859,-0.498878568,-0.199069589,2
0,-0.32890445,0.153394848,0.272776544,0.990595162,0.0571627617,-0.407344818,-0.114585042,-0.0596355125,0.31423232,1.03395164,0.50627166,0.988684118,1.29880655,-0.232199743,-0.125630632,-0.0399202406,-0.716925859,-0.853213727,-1.19376683,0.140475139,1.3111614,0.0741898865,-0.110526666,0,-0.79118371,-1.47728431,-1.52425253,-0.330169797,1.41981947,0.178286016,-0.0489115976,0,0.186125115,1.14077353,1.09957254,0.957481444,1.23867571,1.75842237,0,-0.0533790924,1.17782497,0.932060838,1.04283583,1.33242333,0.468298674,-0.0942482054,-0.0942896381,-0.0425597429,-0.404258102,-1.3495611,0.472425967,1.04814279,-1.28886318,-0.7543782,-0.208661944,-0.0282166321,-0.296499252,-0.318559766,0.900428057,-0.976518989,-1.12624967,-0.498878568,-0.199069589,7
0,-0.32890445,-1.10410953,-0.921095729,0.291318804,-0.475086063,-0.407344818,-0.114585042,-0.0596355125,-0.623986244,-0.437728167,1.00716376,1.1969589,-0.0192677919,-0.517234027,-0.125630632,-0.0399202406,2.65510702,1.08618891,1.5438658,1.43526709,-0.941701174,-0.551693916,-0.110526666,0,2.12434125,-0.0162722114,1.21262515,-0.00517102238,-1.27510405,-0.631733954,-0.0489115976,0,-0.682535589,-0.909306765,0.940447152,-0.396728605,-1.5016439,-0.82575953,0,-0.0533790924,-0.538130045,-0.452264249,1.35087121,-0.107556142,-1.4814651,-0.800828636,-0.0942896381,-0.0425597429,-0.404258102,-0.819878042,1.23817647,0.0994709209,-1.45342398,-0.7543782,-0.208661944,-0.0282166321,-0.296499252,-1.10641932,-1.18526864,0.251374692,-0.787566423,-0.498878568,-0.199069589,1
0,-0.32890445,0.572562933,0.98909992,0.757503033,0.0571627617,-0.407344818,-0.114585042,-0.0596355125,0.939711332,0.666031718,-1.99818909,-1.30233908,1.13404715,-0.517234027,-0.125630632,-0.0399202406,0.969090581,0.557260871,-1.19376683,-0.992467821,1.15024269,0.0741898865,-0.110526666,0,-0.467236519,0.308397144,0.357350856,0.482327133,0.409223169,-0.631733954,-0.0489115976,0,-0.682535589,-1.06700528,1.09957254,0.957481444,-0.987833977,-0.82575953,0,-0.0533790924,-0.538130045,0.778246939,0.272747338,-0.427551597,0.822801173,-0.329775035,-0.0942896381,-0.0425597429,-0.404258102,1.47541523,-1.44195008,-1.60813844,0.685866356,0.894758165,-0.208661944,-0.0282166321,-0.296499252,0.469299793,0.668684006,0.865321517,1.24453282,-0.253634006,-0.199069589,8
0,-0.32890445,-0.0561892018,0.750325441,0.291318804,-0.652502358,-0.407344818,-0.114585042,-0.0596355125,-0.311246723,0.849991679,-0.245066568,-0.469239712,0.804528654,-0.517234027,-0.125630632,-0.0399202406,0.688087881,0.733570218,-1.19376683,-1.15431678,0.989323914,1.01301563,-0.110526666,0,2.12434125,1.12007058,-1.35319769,-1.63016486,-0.0960749909,1.7983259,-0.0489115976,0,1.92344654,0.82537657,-1.44643283,-1.75093865,-0.645294011,3.19407892,0,-0.0533790924,1.521016,1.39350259,-0.80537653,-1.22754025,-0.595208883,2.73207355,-0.0942896381,-0.0425597429,0.705245078,1.12229323,0.280988365,-0.849200904,0.850427151,1.71932638,-0.208661944,-0.0282166321,-0.296499252,-0.121594876,0.668684006,0.865321517,1.41387439,0.236855134,-0.199069589,0
0,-0.32890445,-0.684941351,0.750325441,0.0582266748,-1.00733483,-0.407344818,-0.114585042,-0.0596355125,-0.623986244,-0.253768176,1.00716376,-1.09406424,-1.33734202,0.0528345145,-0.125630632,-0.0399202406,-0.154920369,0.909879565,0.517253578,-1.15431678,0.506567657,4.45537663,2.06028628,0,2.44828844,1.12007058,-0.840033114,-0.655168533,1.41981947,2.06833267,-0.0489115976,0,1.05478585,1.29847205,1.09957254,0.957481444,1.0674057,-0.538628221,0,-0.0533790924,-0.538130045,-0.144636467,0.888818085,1.33242333,-0.772460103,-0.800828636,-0.0942896381,-0.0425597429,-0.404258102,-1.3495611,1.04673874,0.668674052,-1.45342398,-0.7543782,-0.208661944,-0.0282166321,-0.296499252,0.0753700212,0.900428057,-1.38581693,-1.12624967,-0.498878568,-0.199069589,4
0,0.756221235,2.03965139,0.98909992,-0.407957584,-1.00733483,-0.407344818,-0.114585042,-0.0596355125,1.56519043,0.849991679,-0.495512635,1.1969589,-1.33734202,-0.517234027,-0.125630632,-0.0399202406,0.407085121,0.380951583,-1.02266479,1.43526709,-0.619863689,-0.551693916,-0.110526666,0,-0.79118371,-1.15261495,-1.01108789,0.969825268,-1.10667133,-0.631733954,-0.0489115976,0,-0.682535589,-1.22470379,-0.809931457,0.788205206,-1.5016439,-0.82575953,0,-0.0533790924,-0.538130045,-1.0675199,0.580782712,0.692432463,-1.4814651,-0.800828636,-0.0942896381,-0.0425597429,-0.404258102,0.592610121,1.23817647,0.858408391,0.850427151,2.33775258,2.70564985,-0.0282166321,0.768356621,1.84805405,0.900428057,0.865321517,1.58321595,3.42503452,2.34392309,2
0,-0.32890445,-1.10410953,-1.15987015,0.990595162,1.83132553,1.71727109,-0.114585042,-0.0596355125,-0.623986244,-1.90940797,0.50627166,1.1969589,1.29880655,0.622903049,-0.125630632,-0.0399202406,-0.154920369,0.557260871,1.5438658,1.43526709,0.66748637,-0.551693916,-0.110526666,0,1.47644675,1.12007058,1.21262515,0.969825268,0.746088624,-0.631733954,-0.0489115976,0,-0.682535589,-1.22470379,0.144820511,0.957481444,-0.131484106,-0.82575953,0,-0.0533790924,-0.538130045,-1.0675199,0.580782712,1.33242333,0.822801173,-0.800828636,-0.0942896381,-0.0425597429,-0.404258102,-1.3495611,0.0895507634,1.23787713,1.17954874,-0.342094123,-0.208661944,-0.0282166321,-0.296499252,-1.10641932,-0.721780479,0.865321517,0.905849576,-0.00838943198,-0.199069589,1
0,-0.32890445,-1.10410953,-0.443546832,0.291318804,-0.475086063,-0.407344818,-0.114585042,-0.0596355125,-0.623986244,-0.437728167,1.00716376,0.780409276,0.639769375,-0.517234027,-0.125630632,-0.0399202406,0.126082376,1.08618891,1.03055966,-1.15431678,0.989323914,-0.238752022,-0.110526666,0,0.828552306,1.12007058,-0.497923404,-1.63016486,1.08295405,0.718299329,-0.0489115976,0,1.05478585,1.29847205,-1.44643283,-1.75093865,1.0674057,0.322765768,0,-0.0533790924,0.148251966,0.932060838,-0.959394217,-0.427551597,1.35455489,0.141278625,-0.0942896381,-0.0425597429,-0.404258102,0.416049123,1.23817647,1.23787713,0.850427151,-0.548236191,-0.208661944,-0.0282166321,-0.296499252,-0.712489545,-0.258292317,0.251374692,-0.110200025,-0.498878568,-0.199069589,0
0,-0.32890445,-0.475357324,0.511551023,-0.874141812,0.0571627617,0.806721449,-0.114585042,-0.0596355125,-0.623986244,0.114151776,1.00716376,1.1969589,1.29880655,3.75828004,0.978688955,-0.0399202406,0.126082376,1.08618891,-0.680460691,-0.830618858,1.15024269,1.32595754,-0.110526666,0,0.828552306,-0.178606898,-1.52425253,-0.167670414,1.08295405,-0.631733954,-0.0489115976,0,-0.682535589,-0.120814353,-0.0143048232,0.788205206,0.724865794,0.322765768,0,-0.0533790924,-0.538130045,0.470619142,1.35087121,1.33242333,1.17730367,-0.0942482054,-0.0942896381,-0.0425597429,-0.404258102,-1.3495611,0.663863599,-0.469732195,-1.45342398,-0.7543782,-0.208661944,-0.0282166321,-0.296499252,0.0753700212,0.668684006,-1.99976373,-1.12624967,-0.498878568,-0.199069589,7
0,-0.32890445,-0.0561892018,0.0340020917,-0.874141812,-1.00733483,-0.103828259,-0.114585042,-0.0596355125,-0.623986244,0.114151776,1.00716376,-1.09406424,0.804528654,1.19297159,-0.125630632,-0.0399202406,-0.716925859,-1.38214171,1.37276375,1.43526709,0.66748637,-0.238752022,-0.110526666,0,-0.79118371,-1.47728431,0.186296016,0.969825268,-0.264507711,-0.631733954,-0.0489115976,0,-0.682535589,-1.06700528,0.940447152,0.957481444,-0.302754074,-0.82575953,0,-0.0533790924,-0.538130045,0.162991345,1.35087121,1.33242333,0.468298674,-0.800828636,-0.0942896381,-0.0425597429,-0.404258102,0.592610121,1.23817647,1.23787713,0.0276231728,-0.7543782,-0.208661944,-0.0282166321,-0.296499252,0.0753700212,-0.0265482478,0.0467257351,-0.618224859,-0.498878568,-0.199069589,8
0,-0.32890445,-1.10410953,-1.15987015,0.524410903,1.83132553,1.11023796,-0.114585042,-0.0596355125,-0.623986244,-0.621688128,1.00716376,0.363859624,1.29880655,1.76304007,-0.125630632,-0.0399202406,-0.716925859,-1.02952302,-0.851562738,-0.992467821,1.3111614,0.700073719,-0.110526666,0,-0.79118371,-0.99028033,0.528405726,0.319827735,1.41981947,1.52831924,-0.0489115976,0,-0.682535589,0.667678058,1.09957254,0.957481444,1.0674057,0.609897077,0,-0.0533790924,-0.538130045,-0.298450351,-0.343323469,0.852430165,-0.417957604,-0.800828636,-0.0942896381,-0.0425597429,-0.404258102,-1.3495611,-1.44195008,0.858408391,-1.45342398,-0.7543782,-0.208661944,-0.0282166321,-0.296499252,-1.10641932,-0.721780479,-0.771870077,-1.12624967,-0.498878568,-0.199069589,7
0,-0.32890445,0.153394848,0.98909992,-1.80651033,-1.00733483,-0.407344818,-0.114585042,-0.0596355125,-0.623986244,-1.17356813,1.00716376,-0.2609649,-1.33734202,-0.517234027,-0.125630632,-0.0399202406,-0.716925859,-0.500595033,1.5438658,0.787871122,-1.26353872,-0.551693916,-0.110526666,0,-0.79118371,0.633066535,1.21262515,0.8073259,-1.27510405,-0.631733954,-0.0489115976,0,-0.682535589,0.82537657,0.940447152,0.957481444,-1.15910399,-0.82575953,0,-0.0533790924,-0.538130045,-0.913705945,-0.80537653,1.17242563,-0.0634551048,-0.800828636,-0.0942896381,-0.0425597429,-0.404258102,-0.290194958,-0.101886839,0.858408391,1.01498795,1.92546833,6.59139872,-0.0282166321,-0.296499252,-0.121594876,0.668684006,0.865321517,1.58321595,3.17978978,1.32672596,1
0,-0.32890445,-0.0561892018,0.0340020917,-0.641049683,-0.829918623,-0.407344818,-0.114585042,-0.0596355125,-0.623986244,0.666031718,0.50627166,0.572134435,0.804528654,-0.517234027,-0.125630632,-0.0399202406,0.126082376,0.380951583,-1.02266479,-0.992467821,0.828405142,0.700073719,-0.110526666,0,1.47644675,-0.178606898,-1.52425253,-1.63016486,-0.264507711,1.52831924,-0.0489115976,0,1.63389289,0.0368841328,-1.44643283,-1.75093865,-0.645294011,1.47129107,0,-0.0533790924,1.17782497,0.470619142,-1.1134119,-1.22754025,0.468298674,0.141278625,-0.0942896381,-0.0425597429,0.150493473,1.29885423,-0.101886839,0.289205283,0.685866356,-0.7543782,-0.208661944,-0.0282166321,-0.296499252,0.272334903,0.668684006,0.0467257351,-0.787566423,-0.498878568,-0.199069589,0
0,-0.32890445,-0.684941351,0.0340020917,0.990595162,0.766827881,-0.407344818,-0.114585042,-0.0596355125,0.00149279006,0.849991679,-0.495512635,-0.885789394,1.13404715,-0.517234027,-0.125630632,-0.0399202406,-0.154920369,-0.500595033,-1.02266479,-0.506920815,0.989323914,-0.551693916,-0.110526666,0,-0.79118371,-1.47728431,-1.52425253,-0.167670414,0.409223169,-0.631733954,-0.0489115976,0,-0.682535589,-1.22470379,-1.44643283,0.280376405,-0.987833977,-0.82575953,0,-0.0533790924,-0.538130045,-1.0675199,0.118729629,1.01242793,-1.4814651,-0.800828636,-0.0942896381,-0.0425597429,-0.404258102,1.29885423,1.23817647,1.04814279,0.192183971,0.276332021,-0.208661944,-0.0282166321,-0.296499252,-0.909454465,-0.95352453,-0.771870077,0.736508012,3.42503452,2.85252166,2
0,-0.32890445,0.572562933,0.98909992,0.990595162,1.12166035,-0.407344818,-0.114585042,-0.0596355125,-0.623986244,0.666031718,0.00537951011,-0.0526900552,0.969287932,-0.517234027,-0.125630632,-0.0399202406,-0.716925859,-1.20583236,-0.680460691,0.464173138,0.345648885,-0.551693916,-0.110526666,0,-0.79118371,-1.47728431,-0.155813694,0.969825268,-0.432940423,-0.631733954,-0.0489115976,0,-0.682535589,-1.22470379,-0.332555473,0.957481444,-0.474024057,-0.82575953,0,-0.0533790924,-0.538130045,-0.452264249,-1.1134119,-0.107556142,1.00005245,-0.800828636,-0.0942896381,-0.0425597429,0.705245078,1.47541523,-0.867637277,0.0994709209,1.17954874,-0.7543782,-0.208661944,-0.0282166321,-0.296499252,0.272334903,0.900428057,0.865321517,0.0591415763,-0.498878568,-0.199069589,3
0,-0.32890445,0.78214699,0.98909992,0.990595162,0.234579042,-0.407344818,-0.114585042,-0.0596355125,3.4416275,0.849991679,-0.745958686,0.363859624,1.13404715,-0.517234027,-0.125630632,-0.0399202406,0.688087881,-1.02952302,-1.19376683,0.949720144,0.828405142,-0.551693916,-0.110526666,0,-0.79118371,-1.47728431,0.357350856,0.969825268,-0.432940423,-0.631733954,-0.0489115976,0,-0.682535589,-1.22470379,0.303945839,0.957481444,0.211055845,0.0356344357,0,-0.0533790924,-0.538130045,-1.0675199,-1.1134119,-0.587549329,0.645549893,2.26101995,-0.0942896381,-0.0425597429,-0.404258102,-0.113633938,-1.63338768,-1.60813844,0.521305561,2.13161039,-0.208661944,-0.0282166321,-0.296499252,0.666264713,0.900428057,0.865321517,1.24453282,0.727344275,-0.199069589,3
0,-0.32890445,0.153394848,-0.921095729,0.757503033,1.29907668,-0.103828259,-0.114585042,-0.0596355125,-0.311246723,1.03395164,1.00716376,0.155584782,1.13404715,0.622903049,-0.125630632,-0.0399202406,-0.716925859,0.909879565,0.346151531,0.140475139,1.15024269,0.0741898865,-0.110526666,0,-0.79118371,0.146062478,1.21262515,0.969825268,0.409223169,-0.631733954,-0.0489115976,0,-0.682535589,0.82537657,1.09957254,-0.0581760854,-1.5016439,-0.82575953,0,-0.0533790924,0.834633946,1.23968863,0.426765025,0.692432463,-1.4814651,-0.800828636,-0.0942896381,-0.0425597429,0.705245078,1.29885423,-0.867637277,1.04814279,-1.45342398,-0.7543782,-0.208661944,-0.0282166321,-0.296499252,0.469299793,0.900428057,-0.362572163,-1.12624967,-0.498878568,-0.199069589,8
0,-0.32890445,-0.0561892018,0.511551023,-2.50578666,-1.00733483,-0.407344818,-0.114585042,-0.0596355125,-0.623986244,-0.253768176,1.00716376,-1.30233908,-1.33734202,-0.517234027,-0.125630632,-0.0399202406,-0.716925859,0.380951583,1.5438658,-0.506920815,-1.26353872,-0.551693916,-0.110526666,0,-0.79118371,0.470731825,1.21262515,-0.330169797,-1.27510405,-0.631733954,-0.0489115976,0,-0.682535589,0.194582611,1.09957254,0.111100167,-1.5016439,-0.82575953,0,-0.0533790924,-0.538130045,-1.0675199,0.118729629,1.33242333,-1.12696266,-0.800828636,-0.0942896381,-0.0425597429,-0.404258102,-0.819878042,-0.293324441,1.04814279,0.685866356,1.51318431,7.56283617,-0.0282166321,-0.296499252,-0.121594876,0.900428057,0.865321517,1.58321595,3.42503452,4.88691568,1
0,1.84134698,1.62048328,0.98909992,0.0582266748,-1.00733483,-0.407344818,-0.114585042,-0.0596355125,2.19066954,0.849991679,-0.495512635,1.1969589,-0.843064249,-0.517234027,-0.125630632,-0.0399202406,0.688087881,-0.500595033,-0.338256598,1.43526709,-0.780782402,-0.551693916,-0.110526666,0,-0.79118371,-1.47728431,0.186296016,0.644826531,-1.27510405,-0.631733954,-0.0489115976,0,-0.682535589,-0.436211318,1.09957254,-0.566004872,-1.5016439,-0.82575953,0,-0.0533790924,-0.538130045,1.0858748,1.35087121,-1.06754243,-0.949711382,0.847859085,4.84413004,-0.0425597429,1.25999665,1.47541523,0.472425967,0.0994709209,1.17954874,1.51318431,0.762775302,-0.0282166321,-0.296499252,1.45412421,0.900428057,0.251374692,0.0591415763,-0.253634006,-0.199069589,2
0,-0.32890445,-1.10410953,-1.87619352,0.524410903,-0.652502358,-0.407344818,-0.114585042,-0.0596355125,-0.623986244,-1.72544801,0.756717741,-0.677514553,-1.33734202,-0.517234027,-0.125630632,-0.0399202406,-0.716925859,-0.324285716,1.20166171,-1.15431678,-0.941701174,1.95184135,-0.110526666,0,-0.467236519,0.957735896,-0.668978274,-1.63016486,0.409223169,2.33833909,-0.0489115976,0,1.05478585,0.983075023,-1.2873075,-0.73528111,1.23867571,0.609897077,0,-0.0533790924,3.58016205,1.39350259,1.35087121,1.33242333,1.00005245,-0.329775035,-0.0942896381,-0.0425597429,1.25999665,0.769171178,0.663863599,1.23787713,-0.959741592,-0.7543782,-0.208661944,-0.0282166321,-0.296499252,-1.10641932,-1.41701269,-0.362572163,-1.12624967,-0.498878568,-0.199069589,4
0,-0.32890445,-0.894525409,-1.6374191,0.0582266748,1.29907668,-0.407344818,-0.114585042,-0.0596355125,-0.623986244,0.114151776,0.255825579,0.988684118,1.29880655,-0.232199743,-0.125630632,-0.0399202406,-0.154920369,0.733570218,-1.19376683,0.464173138,0.66748637,0.700073719,-0.110526666,0,0.828552306,0.633066535,0.528405726,-1.1426667,0.746088624,-0.631733954,-0.0489115976,0,-0.682535589,-0.436211318,-0.491680831,-1.75093865,0.553595781,0.322765768,0,-0.0533790924,-0.538130045,-1.0675199,-1.1134119,-1.22754025,1.17730367,-0.329775035,-0.0942896381,-0.0425597429,-0.404258102,-0.643316984,-0.867637277,-1.79787278,1.17954874,-0.13595207,-0.208661944,-0.0282166321,-0.296499252,-1.10641932,-1.88050091,0.456023633,1.07519114,-0.498878568,-0.199069589,9
0,-0.32890445,0.153394848,0.511551023,0.291318804,-0.297669798,-0.407344818,-0.114585042,-0.0596355125,0.626971841,1.03395164,-0.245066568,-0.0526900552,1.13404715,-0.517234027,-0.125630632,-0.0399202406,1.81209886,0.204642251,-1.19376683,0.787871122,0.506567657,-0.551693916,-0.110526666,0,1.47644675,0.308397144,-0.155813694,0.969825268,-0.769805908,-0.631733954,-0.0489115976,0,-0.682535589,0.82537657,1.09957254,-0.0581760854,-1.5016439,-0.82575953,0,-0.0533790924,-0.538130045,0.932060838,0.888818085,0.692432463,0.113796152,-0.800828636,-0.0942896381,-0.0425597429,-0.404258102,0.769171178,-0.293324441,-1.79787278,1.01498795,-0.548236191,-0.208661944,-0.0282166321,-0.296499252,-0.121594876,0.900428057,0.865321517,0.736508012,-0.498878568,-0.199069589,8
0,-0.32890445,-0.475357324,0.511551023,-1.107234,-1.00733483,-0.407344818,-0.114585042,-0.0596355125,-0.623986244,0.666031718,1.00716376,0.780409276,0.145491496,-0.517234027,-0.125630632,-0.0399202406,0.407085121,1.08618891,1.5438658,0.62602216,1.15024269,0.38713181,-0.110526666,0,0.828552306,0.957735896,-0.497923404,-1.63016486,-0.601373136,1.52831924,-0.0489115976,0,1.63389289,0.0368841328,-1.44643283,-1.75093865,-0.816564023,1.47129107,0,-0.0533790924,1.17782497,0.624433041,-1.1134119,-1.22754025,-0.417957604,0.612332284,-0.0942896381,-0.0425597429,-0.404258102,0.945732176,0.0895507634,-0.849200904,1.01498795,0.276332021,-0.208661944,-0.0282166321,-0.296499252,-0.712489545,-0.0265482478,0.456023633,0.228483185,-0.498878568,-0.199069589,0
0,-0.32890445,-0.684941351,0.272776544,-0.874141812,-1.00733483,-0.407344818,-0.114585042,-0.0596355125,-0.623986244,-0.805648148,1.00716376,1.1969589,-0.348786354,-0.517234027,-0.125630632,-0.0399202406,-0.716925859,-0.853213727,1.37276375,0.949720144,0.506567657,-0.551693916,-0.110526666,0,-0.79118371,-1.47728431,-0.326868534,0.969825268,1.25138676,-0.631733954,-0.0489115976,0,-0.682535589,-1.22470379,-1.44643283,-1.75093865,0.896135747,0.0356344357,0,-0.0533790924,-0.538130045,-1.0675199,-1.1134119,-1.22754025,-0.240706354,1.78996634,-0.0942896381,-0.0425597429,-0.404258102,-1.3495611,-1.25051248,-1.0389353,-0.795180798,2.54389453,1.73421252,-0.0282166321,-0.296499252,-0.712489545,0.668684006,0.251374692,1.24453282,2.68930078,0.818127453,9
0,-0.32890445,-1.10410953,-2.83129144,-1.107234,1.65390921,-0.103828259,-0.114585042,-0.0596355125,-0.623986244,-1.90940797,-2.9999733,0.155584782,1.29880655,-0.517234027,-0.125630632,-0.0399202406,-0.716925859,-1.73476028,-1.19376683,1.43526709,0.989323914,-0.551693916,-0.110526666,0,-0.79118371,-1.47728431,0.186296016,0.969825268,1.25138676,-0.631733954,-0.0489115976,0,-0.682535589,0.667678058,1.09957254,0.957481444,0.382325828,-0.82575953,0,-0.0533790924,1.17782497,1.39350259,-0.189305753,1.17242563,0.645549893,-0.800828636,-0.0942896381,-0.0425597429,-0.404258102,-1.1730001,-1.82482529,0.478939652,1.17954874,-0.7543782,-0.208661944,-0.0282166321,-0.296499252,-1.10641932,-2.80747724,-1.5904659,1.41387439,0.482099682,-0.199069589,1
0,-0.32890445,0.572562933,0.0340020917,0.990595162,1.83132553,2.32430434,-0.114585042,-0.0596355125,0.626971841,1.03395164,1.00716376,0.572134435,0.145491496,0.0528345145,-0.125630632,-0.0399202406,2.37410426,0.733570218,-0.509358644,-1.15431678,-1.26353872,-0.551693916,-0.110526666,0,1.47644675,0.957735896,0.186296016,-1.46766543,-1.27510405,-0.631733954,-0.0489115976,0,-0.682535589,0.667678058,1.09957254,0.449652672,-1.33037388,-0.82575953,0,-0.0533790924,-0.538130045,-1.0675199,-0.497341156,1.33242333,-0.772460103,-0.800828636,-0.0942896381,-0.0425597429,-0.404258102,-0.466755986,0.0895507634,1.23787713,-0.959741592,-0.7543782,-0.208661944,-0.0282166321,-0.296499252,0.666264713,0.900428057,-0.362572163,-1.12624967,-0.498878568,-0.199069589,5
0,-0.32890445,1.20131516,0.98909992,0.990595162,1.476493,-0.407344818,-0.114585042,-0.0596355125,-0.311246723,1.03395164,0.756717741,0.572134435,1.13404715,-0.232199743,-0.125630632,-0.0399202406,-0.716925859,0.733570218,1.37276375,1.43526709,-0.298026145,-0.551693916,-0.110526666,0,-0.79118371,-0.178606898,1.21262515,-0.492669165,-1.27510405,-0.631733954,-0.0489115976,0,-0.682535589,0.0368841328,1.09957254,-0.566004872,-1.5016439,-0.82575953,0,-0.0533790924,-0.538130045,0.932060838,1.04283583,0.852430165,-1.4814651,-0.800828636,-0.0942896381,-0.0425597429,-0.404258102,1.47541523,0.280988365,1.04814279,-1.45342398,-0.7543782,-0.208661944,-0.0282166321,-0.296499252,1.25715935,0.900428057,-0.362572163,-1.12624967,-0.498878568,-0.199069589,8
0,-0.32890445,-0.894525409,0.511551023,0.990595162,0.411995322,-0.407344818,-0.114585042,-0.0596355125,-0.623986244,-0.0698082,1.00716376,0.155584782,-0.678304911,-0.517234027,-0.125630632,-0.0399202406,-0.716925859,-1.55845106,0.688355625,-0.992467821,-1.26353872,-0.551693916,-0.110526666,0,-0.467236519,0.470731825,-1.01108789,-1.63016486,-1.27510405,-0.631733954,-0.0489115976,0,-0.103428438,1.29847205,0.781321824,0.449652672,-0.131484106,-0.538628221,0,-0.0533790924,0.491442949,1.39350259,1.35087121,0.852430165,1.35455489,1.08338594,-0.0942896381,-0.0425597429,-0.404258102,0.769171178,1.23817647,-0.469732195,1.01498795,1.71932638,-0.208661944,-0.0282166321,-0.296499252,-0.909454465,0.205195829,0.865321517,1.58321595,1.4630779,-0.199069589,6
0,-0.32890445,-0.0561892018,0.272776544,-0.174865454,-0.829918623,-0.407344818,-0.114585042,-0.0596355125,0.31423232,1.03395164,-0.245066568,-0.469239712,0.639769375,-0.517234027,-0.125630632,-0.0399202406,0.688087881,1.08618891,-1.19376683,-1.15431678,0.828405142,0.38713181,-0.110526666,0,0.828552306,0.633066535,-1.52425253,-1.63016486,-0.264507711,1.25831258,-0.0489115976,0,1.34433937,0.352281094,-1.44643283,-1.75093865,-0.131484106,1.18415976,0,-0.0533790924,0.834633946,0.932060838,-1.1134119,-1.06754243,1.00005245,0.376805425,-0.0942896381,-0.0425597429,0.150493473,1.29885423,-0.867637277,0.478939652,0.192183971,-0.7543782,-0.208661944,-0.0282166321,-0.296499252,0.272334903,0.900428057,-0.362572163,-0.956908047,-0.498878568,-0.199069589,0
0,-0.32890445,-1.10410953,-1.87619352,-0.174865454,1.65390921,4.44892025,11.1821527,-0.0596355125,-0.623986244,-1.54148805,1.00716376,0.363859624,0.145491496,2.61814284,13.1262045,-0.0399202406,-0.716925859,-1.55845106,-0.851562738,-1.15431678,-1.26353872,3.82949281,10.7435379,0,-0.79118371,-1.47728431,-0.326868534,0.319827735,1.08295405,3.41836572,-0.0489115976,0,-0.682535589,-0.751608312,1.09957254,0.957481444,1.0674057,-0.251496881,0,-0.0533790924,-0.538130045,-1.0675199,-0.959394217,0.532434762,-0.0634551048,-0.800828636,-0.0942896381,-0.0425597429,-0.404258102,-1.3495611,-1.44195008,1.04814279,-1.28886318,-0.7543782,-0.208661944,-0.0282166321,-0.296499252,-1.10641932,-1.64875674,-0.362572163,-1.12624967,-0.498878568,-0.199069589,7
0,-0.32890445,0.153394848,0.511551023,-2.50578666,-1.00733483,-0.407344818,-0.114585042,-0.0596355125,-0.623986244,0.298111767,-0.495512635,-2.13543844,-1.33734202,-0.517234027,-0.125630632,-0.0399202406,0.126082376,1.08618891,-1.02266479,-1.15431678,-1.26353872,-0.551693916,-0.110526666,0,0.828552306,0.795401216,-1.52425253,-0.980167329,-0.938238621,-0.631733954,-0.0489115976,0,1.34433937,1.29847205,1.09957254,0.957481444,1.23867571,0.609897077,0,-0.0533790924,0.834633946,1.39350259,-0.189305753,-1.22754025,0.113796152,1.78996634,-0.0942896381,-0.0425597429,-0.404258102,1.12229323,-0.293324441,-0.849200904,0.685866356,1.10090017,-0.208661944,-0.0282166321,-0.296499252,-0.121594876,0.205195829,0.865321517,0.905849576,-0.253634006,-0.199069589,6
0,-0.32890445,-0.894525409,-0.68232125,0.757503033,1.65390921,-0.103828259,-0.114585042,-0.0596355125,-0.623986244,0.482071757,0.50627166,-0.469239712,0.639769375,0.622903049,-0.125630632,-0.0399202406,0.688087881,0.204642251,-1.02266479,-0.830618858,0.828405142,-0.238752022,-0.110526666,0,-0.467236519,-0.82794565,-1.52425253,0.157328367,-0.264507711,-0.631733954,-0.0489115976,0,-0.682535589,-1.22470379,-1.44643283,0.788205206,0.896135747,-0.538628221,0,-0.0533790924,-0.538130045,-1.0675199,-1.1134119,-0.74754703,0.822801173,0.612332284,-0.0942896381,-0.0425597429,-0.404258102,-1.3495611,-1.05907488,0.0994709209,1.17954874,-0.342094123,-0.208661944,-0.0282166321,-0.296499252,-1.10641932,-0.0265482478,0.251374692,-0.448883235,-0.498878568,-0.199069589,3
0,-0.32890445,0.78214699,0.98909992,0.0582266748,-0.652502358,-0.407344818,-0.114585042,-0.0596355125,-0.623986244,1.03395164,-2.24863505,-1.09406424,0.310250789,-0.517234027,-0.125630632,-0.0399202406,-0.716925859,0.557260871,-0.509358644,1.11156917,1.3111614,0.700073719,-0.110526666,0,-0.79118371,-0.82794565,1.21262515,0.969825268,1.41981947,1.25831258,-0.0489115976,0,-0.682535589,-1.22470379,-0.969056785,-1.07383358,0.211055845,0.322765768,0,-0.0533790924,-0.538130045,-1.0675199,-1.1134119,-1.22754025,-0.0634551048,0.612332284,-0.0942896381,-0.0425597429,-0.404258102,0.769171178,-1.63338768,-1.60813844,0.685866356,-0.13595207,-0.208661944,-0.0282166321,-0.296499252,0.469299793,0.668684006,0.865321517,0.397824794,-0.498878568,-0.199069589,9
0,-0.32890445,-1.10410953,-2.11496806,0.757503033,-0.120253511,-0.407344818,-0.114585042,-0.0596355125,-0.623986244,-1.72544801,0.756717741,0.155584782,-1.33734202,-0.517234027,-0.125630632,-0.0399202406,-0.716925859,0.0283329226,1.37276375,-0.830618858,-0.780782402,-0.551693916,-0.110526666,0,0.828552306,1.12007058,-0.840033114,-0.655168533,1.41981947,-0.361727297,-0.0489115976,0,2.21300006,1.14077353,-0.809931457,-0.227452338,1.23867571,-0.251496881,0,-0.0533790924,3.58016205,1.39350259,1.35087121,1.33242333,0.822801173,-0.329775035,-0.0942896381,-0.0425597429,0.150493473,-0.643316984,-0.484762043,1.23787713,-0.795180798,-0.7543782,-0.208661944,-0.0282166321,-0.296499252,-1.10641932,-1.88050091,0.660672605,-1.12624967,-0.498878568,-0.199069589,4
0,-0.32890445,-0.684941351,0.98909992,0.757503033,1.65390921,2.02078772,-0.114585042,-0.0596355125,-0.623986244,-0.621688128,1.00716376,0.988684118,0.639769375,1.47800589,-0.125630632,-0.0399202406,0.126082376,0.909879565,0.175049499,-0.992467821,-1.26353872,-0.551693916,-0.110526666,0,2.12434125,0.957735896,-0.840033114,-0.980167329,-0.938238621,-0.631733954,-0.0489115976,0,0.765232265,1.29847205,1.09957254,0.957481444,1.0674057,-0.251496881,0,-0.0533790924,-0.538130045,-0.298450351,-0.189305753,0.0524415746,1.35455489,-0.0942482054,-0.0942896381,-0.0425597429,-0.404258102,-1.3495611,-1.63338768,0.858408391,0.192183971,-0.7543782,-0.208661944,-0.0282166321,-0.296499252,-0.712489545,0.900428057,0.251374692,-0.956908047,-0.498878568,-0.199069589,5
0,-0.32890445,-0.475357324,0.272776544,0.990595162,1.29907668,-0.103828259,-0.114585042,-0.0596355125,0.31423232,0.849991679,0.255825579,-0.0526900552,1.29880655,0.0528345145,-0.125630632,-0.0399202406,0.407085121,0.0283329226,-1.19376683,-0.506920815,1.3111614,-0.238752022,-0.110526666,0,-0.79118371,-1.47728431,-1.01108789,0.157328367,1.08295405,-0.0917206332,-0.0489115976,0,-0.682535589,0.194582611,1.09957254,0.957481444,1.23867571,1.47129107,0,-0.0533790924,-0.538130045,0.316805243,0.734800398,1.33242333,-1.4814651,-0.800828636,-0.0942896381,-0.0425597429,-0.404258102,-1.1730001,0.472425967,0.289205283,-1.45342398,-0.7543782,-0.208661944,-0.0282166321,-0.296499252,-0.515524685,0.900428057,-0.771870077,-1.12624967,-0.498878568,-0.199069589,7
0,-0.32890445,-1.10410953,-0.921095729,0.0582266748,0.589411557,0.1996883,-0.114585042,-0.0596355125,-0.623986244,-0.989608109,1.00716376,1.1969589,1.29880655,0.622903049,-0.125630632,-0.0399202406,-0.716925859,-0.147976398,1.5438658,1.43526709,0.506567657,-0.551693916,-0.110526666,0,0.180657908,1.12007058,1.21262515,0.969825268,-0.432940423,-0.631733954,-0.0489115976,0,0.475678682,1.29847205,1.09957254,0.957481444,-0.816564023,-0.82575953,0,-0.0533790924,-0.194939047,1.23968863,1.35087121,1.33242333,-0.949711382,-0.800828636,-0.0942896381,-0.0425597429,-0.404258102,0.0629270747,1.23817647,1.23787713,0.0276231728,-0.7543782,-0.208661944,-0.0282166321,-0.296499252,-1.10641932,-0.721780479,0.0467257351,-0.110200025,-0.498878568,-0.199069589,1
0,-0.32890445,-1.10410953,-0.443546832,0.0582266748,1.65390921,4.44892025,12.1235476,-0.0596355125,-0.623986244,-0.805648148,0.756717741,-0.885789394,-0.678304911,3.47324562,9.81324577,-0.0399202406,-0.716925859,0.0283329226,-0.16715458,-1.15431678,-0.780782402,3.82949281,4.23109913,0,-0.467236519,0.795401216,-1.35319769,-1.63016486,0.746088624,0.988305986,-0.0489115976,0,-0.682535589,-0.751608312,-1.44643283,-0.904557347,0.724865794,-0.82575953,0,-0.0533790924,-0.538130045,-1.0675199,-0.959394217,0.852430165,-0.949711382,-0.800828636,-0.0942896381,-0.0425597429,-0.404258102,-1.3495611,-0.676199675,0.668674052,-1.45342398,-0.7543782,-0.208661944,-0.0282166321,-0.296499252,-1.10641932,0.436939895,-1.18116796,-1.12624967,-0.498878568,-0.199069589,7
0,-0.32890445,0.362978905,0.0340020917,-0.407957584,-1.00733483,-0.407344818,-0.114585042,-0.0596355125,0.31423232,1.03395164,1.00716376,1.1969589,0.145491496,-0.232199743,-0.125630632,-0.0399202406,-0.716925859,-0.324285716,1.5438658,1.43526709,0.506567657,-0.238752022,-0.110526666,0,-0.79118371,0.146062478,1.21262515,0.969825268,-1.27510405,-0.631733954,-0.0489115976,0,0.186125115,1.29847205,0.781321824,0.957481444,-0.816564023,-0.82575953,0,-0.0533790924,0.834633946,0.932060838,-1.1134119,-0.107556142,1.17730367,-0.800828636,-0.0942896381,-0.0425597429,1.81474817,1.12229323,-1.44195008,-1.41840398,1.17954874,-0.7543782,-0.208661944,-0.0282166321,-0.296499252,0.0753700212,-0.258292317,-0.362572163,-0.279541612,-0.498878568,-0.199069589,8
0,-0.32890445,0.572562933,0.511551023,0.990595162,1.83132553,-0.103828259,-0.114585042,-0.0596355125,1.25245082,1.03395164,1.00716376,-0.469239712,-0.843064249,-0.517234027,-0.125630632,-0.0399202406,3.21711254,0.733570218,-1.02266479,-1.15431678,-1.26353872,-0.551693916,-0.110526666,0,2.44828844,0.957735896,-0.840033114,-1.63016486,-1.27510405,-0.631733954,-0.0489115976,0,0.186125115,1.14077353,1.09957254,-0.73528111,-1.5016439,-0.82575953,0,-0.0533790924,-0.538130045,-0.913705945,0.118729629,1.17242563,-1.12696266,-0.800828636,-0.0942896381,-0.0425597429,-0.404258102,-0.99643904,0.663863599,1.04814279,-1.45342398,-0.7543782,-0.208661944,-0.0282166321,-0.296499252,0.863229573,0.900428057,-1.5904659,-1.12624967,-0.498878568,-0.199069589,5
0,-0.32890445,-0.265773267,0.272776544,-0.874141812,-1.00733483,-0.407344818,-0.114585042,-0.0596355125,-0.623986244,0.482071757,1.00716376,0.988684118,-0.184027076,-0.517234027,-0.125630632,-0.0399202406,0.126082376,1.08618891,0.346151531,-0.183222845,1.15024269,1.32595754,-0.110526666,0,1.80039394,0.795401216,-1.52425253,-1.63016486,-0.601373136,1.52831924,-0.0489115976,0,1.63389289,0.667678058,-1.44643283,-1.75093865,-0.816564023,1.47129107,0,-0.0533790924,0.834633946,0.778246939,-1.1134119,-1.22754025,0.468298674,0.612332284,-0.0942896381,-0.0425597429,-0.404258102,1.12229323,0.0895507634,0.478939652,0.850427151,-0.548236191,-0.208661944,-0.0282166321,-0.296499252,0.272334903,0.668684006,-0.157923222,-0.787566423,-0.498878568,-0.199069589,0
0,-0.32890445,0.362978905,0.750325441,0.990595162,1.12166035,-0.407344818,-0.114585042,-0.0596355125,3.12888789,1.03395164,-0.245066568,1.1969589,0.804528654,-0.517234027,-0.125630632,-0.0399202406,3.4981153,1.08618891,1.5438658,1.11156917,-0.458944917,-0.551693916,-0.110526666,0,1.80039394,1.12007058,0.528405726,-1.63016486,-1.27510405,-0.631733954,-0.0489115976,0,-0.682535589,-0.909306765,0.463071167,-0.227452338,-1.5016439,-0.82575953,0,-0.0533790924,-0.538130045,-1.0675199,0.272747338,0.852430165,-1.4814651,-0.800828636,-0.0942896381,-0.0425597429,-0.404258102,-0.99643904,1.23817647,-0.279997826,-1.45342398,-0.7543782,-0.208661944,-0.0282166321,-0.296499252,0.863229573,-0.0265482478,-2.2044127,-1.12624967,-0.498878568,-0.199069589,9
0,-0.32890445,0.991731048,0.511551023,-0.874141812,-0.829918623,-0.407344818,-0.114585042,-0.0596355125,0.00149279006,1.03395164,0.50627166,-0.885789394,-1.17258275,-0.517234027,-0.125630632,-0.0399202406,-0.716925859,0.909879565,1.37276375,0.140475139,1.15024269,-0.551693916,-0.110526666,0,-0.79118371,-0.665610969,1.21262515,0.969825268,0.409223169,-0.631733954,-0.0489115976,0,-0.682535589,0.667678058,0.940447152,0.788205206,0.553595781,-0.82575953,0,-0.0533790924,0.834633946,1.39350259,-0.189305753,-0.587549329,1.35455489,0.612332284,-0.0942896381,-0.0425597429,4.03375435,1.47541523,0.0895507634,-0.279997826,1.17954874,0.894758165,-0.208661944,-0.0282166321,0.768356621,0.469299793,-0.0265482478,0.456023633,0.905849576,-0.253634006,-0.199069589,8
0,-0.32890445,-0.0561892018,0.0340020917,0.990595162,1.65390921,-0.407344818,-0.114585042,-0.0596355125,0.31423232,1.03395164,-0.996404767,-0.2609649,1.29880655,-0.517234027,-0.125630632,-0.0399202406,0.407085121,1.08618891,1.20166171,1.43526709,-0.137107387,-0.551693916,-0.110526666,0,0.828552306,1.12007058,1.04157031,-0.817667961,-1.27510405,-0.631733954,-0.0489115976,0,1.63389289,1.14077353,-0.491680831,-1.75093865,-1.5016439,-0.82575953,0,-0.0533790924,0.834633946,0.162991345,1.04283583,-1.22754025,-1.4814651,-0.800828636,-0.0942896381,-0.0425597429,1.25999665,0.416049123,1.23817647,-1.60813844,-1.45342398,-0.7543782,-0.208661944,-0.0282166321,-0.296499252,0.0753700212,0.668684006,-1.99976373,-1.12624967,-0.498878568,-0.199069589,8
0,-0.32890445,-0.475357324,0.98909992,0.757503033,-0.120253511,-0.407344818,-0.114585042,-0.0596355125,-0.623986244,-0.621688128,1.00716376,0.988684118,0.969287932,-0.517234027,-0.125630632,-0.0399202406,-0.716925859,-1.73476028,-1.02266479,-0.0213738531,1.3111614,0.700073719,-0.110526666,0,-0.143289298,-0.503276289,0.0152411638,0.644826531,1.41981947,0.718299329,-0.0489115976,0,1.92344654,1.29847205,1.09957254,0.957481444,0.553595781,-0.538628221,0,-0.0533790924,-0.538130045,0.316805243,1.19685352,1.33242333,-0.772460103,-0.800828636,-0.0942896381,-0.0425597429,-0.404258102,-0.290194958,1.23817647,0.289205283,-1.45342398,-0.7543782,-0.208661944,-0.0282166321,-0.296499252,-0.712489545,0.668684006,-1.5904659,-1.12624967,-0.498878568,-0.199069589,7
0,1.84134698,1.62048328,0.750325441,-0.407957584,-0.297669798,-0.407344818,-0.114585042,-0.0596355125,-0.623986244,-0.989608109,-1.99818909,0.572134435,1.13404715,0.0528345145,-0.125630632,-0.0399202406,-0.716925859,-1.73476028,-1.19376683,0.62602216,1.3111614,0.700073719,-0.110526666,0,-0.79118371,-1.47728431,-1.52425253,0.969825268,0.746088624,-0.631733954,-0.0489115976,0,-0.682535589,-1.22470379,-1.44643283,0.449652672,0.382325828,-0.82575953,0,-0.0533790924,-0.538130045,-1.0675199,-1.1134119,0.0524415746,0.822801173,-0.800828636,-0.0942896381,-0.0425597429,0.150493473,-0.290194958,-0.293324441,0.858408391,0.521305561,-0.7543782,-0.208661944,-0.0282166321,1.83321249,1.25715935,0.436939895,-0.157923222,-0.956908047,-0.498878568,-0.199069589,3
0,-0.32890445,0.991731048,-0.68232125,0.524410903,0.766827881,-0.407344818,-0.114585042,-0.0596355125,0.00149279006,0.849991679,0.756717741,-1.30233908,0.969287932,0.0528345145,-0.125630632,-0.0399202406,-0.716925859,0.557260871,-0.338256598,0.302324146,0.66748637,-0.551693916,-0.110526666,0,-0.79118371,-0.82794565,1.21262515,0.644826531,-0.938238621,-0.631733954,-0.0489115976,0,-0.682535589,0.509979606,0.463071167,-0.0581760854,-1.5016439,-0.82575953,0,-0.0533790924,-0.538130045,1.23968863,-0.959394217,0.692432463,-1.4814651,-0.800828636,-0.0942896381,-0.0425597429,1.25999665,0.769171178,-1.44195008,0.668674052,-1.45342398,-0.7543782,-0.208661944,-0.0282166321,-0.296499252,0.666264713,0.900428057,-0.976518989,-1.12624967,-0.498878568,-0.199069589,8
0,-0.32890445,1.20131516,0.98909992,-0.407957584,-1.00733483,-0.407344818,-0.114585042,-0.0596355125,1.25245082,0.849991679,1.00716376,1.1969589,-0.348786354,-0.517234027,-0.125630632,-0.0399202406,-0.716925859,-1.73476028,-0.851562738,0.62602216,0.66748637,-0.551693916,-0.110526666,0,-0.79118371,-1.47728431,-1.52425253,-0.167670414,0.0723577365,-0.631733954,-0.0489115976,0,-0.682535589,-1.22470379,-0.809931457,0.788205206,-1.15910399,-0.82575953,0,-0.0533790924,-0.194939047,0.316805243,1.19685352,0.212439299,-0.949711382,-0.800828636,-0.0942896381,-0.0425597429,-0.404258102,1.47541523,1.23817647,1.23787713,1.17954874,0.688616097,-0.208661944,-0.0282166321,-0.296499252,0.863229573,0.205195829,-0.771870077,-0.448883235,-0.253634006,-0.199069589,2
0,-0.32890445,0.153394848,0.98909992,0.757503033,-0.652502358,-0.407344818,-0.114585042,-0.0596355125,-0.623986244,-0.621688128,0.255825579,1.1969589,-0.678304911,-0.517234027,-0.125630632,-0.0399202406,-0.716925859,-1.73476028,-1.02266479,1.43526709,-0.780782402,-0.551693916,-0.110526666,0,-0.79118371,-1.31494963,0.186296016,0.969825268,-0.264507711,-0.361727297,-0.0489115976,0,-0.682535589,0.194582611,1.09957254,0.957481444,1.23867571,1.47129107,0,-0.0533790924,-0.538130045,-0.913705945,1.35087121,0.0524415746,-0.772460103,-0.800828636,-0.0942896381,-0.0425597429,-0.404258102,-0.466755986,0.663863599,-1.79787278,-1.45342398,-0.7543782,-0.208661944,-0.0282166321,-0.296499252,1.06019449,-1.18526864,-2.40906167,-1.12624967,-0.498878568,-0.199069589,7
0,-0.32890445,-0.475357324,0.98909992,-1.80651033,-1.00733483,-0.407344818,-0.114585042,-0.0596355125,-0.623986244,0.298111767,0.255825579,-1.71888876,-0.513545632,-0.517234027,-0.125630632,-0.0399202406,-0.154920369,1.08618891,-0.16715458,0.464173138,1.15024269,-0.238752022,-0.110526666,0,2.12434125,0.957735896,-1.01108789,0.969825268,0.577655911,1.25831258,-0.0489115976,0,2.79210711,1.29847205,1.09957254,0.788205206,0.382325828,0.609897077,0,-0.0533790924,0.491442949,0.316805243,1.35087121,-0.74754703,-1.4814651,-0.800828636,-0.0942896381,-0.0425597429,-0.404258102,-0.99643904,1.23817647,-1.22866964,-1.45342398,-0.7543782,-0.208661944,-0.0282166321,-0.296499252,0.0753700212,0.436939895,-2.40906167,-1.12624967,-0.498878568,-0.199069589,4
0,-0.32890445,1.62048328,0.98909992,0.0582266748,0.234579042,-0.407344818,-0.114585042,-0.0596355125,0.626971841,1.03395164,0.756717741,0.363859624,0.639769375,0.33786878,-0.125630632,-0.0399202406,0.407085121,1.08618891,-0.338256598,-1.15431678,-1.26353872,-0.551693916,-0.110526666,0,0.180657908,1.12007058,0.0152411638,-1.63016486,-1.27510405,-0.631733954,-0.0489115976,0,-0.682535589,1.14077353,1.09957254,-1.41238606,-1.5016439,-0.82575953,0,-0.0533790924,-0.538130045,-0.452264249,1.35087121,1.01242793,-1.4814651,-0.800828636,-0.0942896381,-0.0425597429,0.150493473,0.239488095,0.855301201,1.23787713,-1.45342398,-0.7543782,-0.208661944,-0.0282166321,0.768356621,1.45412421,0.900428057,-0.362572163,-1.12624967,-0.498878568,-0.199069589,5
0,-0.32890445,0.362978905,0.98909992,-1.57341826,-1.00733483,-0.407344818,-0.114585042,-0.0596355125,-0.623986244,1.03395164,1.00716376,0.155584782,-1.33734202,-0.517234027,-0.125630632,-0.0399202406,-0.716925859,0.0283329226,1.03055966,1.43526709,-1.10261989,-0.551693916,-0.110526666,0,-0.79118371,-1.47728431,0.699460566,0.8073259,-1.27510405,-0.631733954,-0.0489115976,0,-0.682535589,-1.22470379,0.781321824,0.449652672,-1.5016439,-0.82575953,0,-0.0533790924,-0.538130045,0.778246939,1.35087121,-0.267553866,-0.772460103,1.08338594,4.84413004,-0.0425597429,-0.404258102,1.12229323,1.23817647,1.23787713,1.17954874,2.54389453,3.67708707,-0.0282166321,-0.296499252,0.272334903,0.900428057,0.660672605,0.0591415763,0.236855134,-0.199069589,2
0,-0.32890445,-0.894525409,-0.921095729,-0.407957584,0.411995322,0.503204882,-0.114585042,-0.0596355125,-0.623986244,-1.72544801,1.00716376,1.1969589,1.29880655,1.76304007,-0.125630632,-0.0399202406,-0.716925859,-1.73476028,1.20166171,1.43526709,1.3111614,0.38713181,-0.110526666,0,-0.79118371,-1.31494963,1.21262515,0.969825268,1.25138676,-0.631733954,-0.0489115976,0,-0.682535589,-0.278512836,1.09957254,0.957481444,0.211055845,-0.82575953,0,-0.0533790924,-0.538130045,0.470619142,1.35087121,1.17242563,-0.772460103,-0.800828636,-0.0942896381,-0.0425597429,-0.404258102,0.0629270747,1.23817647,0.858408391,-1.45342398,-0.7543782,-0.208661944,-0.0282166321,-0.296499252,-0.909454465,-0.95352453,-0.771870077,-0.956908047,-0.498878568,-0.199069589,1
0,-0.32890445,-0.684941351,0.98909992,-0.407957584,-0.829918623,-0.407344818,-0.114585042,-0.0596355125,-0.623986244,-0.621688128,1.00716376,1.1969589,0.639769375,-0.517234027,-0.125630632,-0.0399202406,-0.716925859,-1.20583236,1.5438658,1.43526709,1.15024269,-0.551693916,-0.110526666,0,-0.79118371,-1.15261495,1.21262515,0.644826531,-1.27510405,-0.631733954,-0.0489115976,0,-0.682535589,0.0368841328,0.940447152,0.957481444,-0.474024057,-0.82575953,0,-0.0533790924,-0.538130045,0.932060838,0.118729629,0.212439299,0.822801173,-0.800828636,-0.0942896381,-0.0425597429,-0.404258102,0.769171178,0.0895507634,-0.469732195,1.17954874,-0.7543782,-0.208661944,-0.0282166321,-0.296499252,-0.515524685,0.205195829,0.660672605,0.567166388,-0.498878568,-0.199069589,8
0,-0.32890445,-1.10410953,-0.68232125,0.757503033,-0.829918623,-0.407344818,-0.114585042,-0.0596355125,-0.623986244,-1.17356813,1.00716376,0.363859624,-1.33734202,-0.517234027,-0.125630632,-0.0399202406,-0.716925859,0.909879565,1.20166171,-0.830618858,0.506567657,0.38713181,-0.110526666,0,0.504605114,1.12007058,0.0152411638,-0.980167329,1.41981947,2.06833267,-0.0489115976,0,1.92344654,1.29847205,0.303945839,0.449652672,1.23867571,-0.251496881,0,-0.0533790924,-0.538130045,0.316805243,1.35087121,1.33242333,1.00005245,-0.800828636,-0.0942896381,-0.0425597429,-0.404258102,-1.3495611,-0.293324441,1.23787713,-0.466059208,-0.7543782,-0.208661944,-0.0282166321,-0.296499252,-1.10641932,-0.721780479,0.865321517,-0.787566423,-0.498878568,-0.199069589,4
0,-0.32890445,-0.684941351,0.272776544,0.757503033,0.234579042,-0.103828259,-0.114585042,-0.0596355125,-0.623986244,-0.621688128,1.00716376,0.988684118,1.29880655,2.33310866,-0.125630632,-0.0399202406,-0.716925859,0.733570218,1.5438658,0.464173138,0.345648885,2.57772517,-0.110526666,0,-0.143289298,1.12007058,-1.01108789,-1.63016486,0.0723577365,1.52831924,-0.0489115976,0,0.765232265,0.82537657,-1.44643283,-1.75093865,0.0397858657,1.47129107,0,-0.0533790924,1.521016,0.932060838,-1.1134119,-1.22754025,0.645549893,-0.0942482054,-0.0942896381,-0.0425597429,0.705245078,1.47541523,-0.676199675,-0.0902634487,0.192183971,-0.7543782,-0.208661944,-0.0282166321,-0.296499252,-0.515524685,0.436939895,0.456023633,-0.956908047,-0.498878568,-0.199069589,0
0,-0.32890445,-1.10410953,-0.443546832,0.291318804,-0.829918623,-0.407344818,-0.114585042,-0.0596355125,-0.311246723,0.114151776,0.00537951011,-0.677514553,-1.33734202,-0.517234027,-0.125630632,-0.0399202406,-0.154920369,1.08618891,0.859457612,-1.15431678,-1.26353872,-0.551693916,-0.110526666,0,0.504605114,1.12007058,0.357350856,-1.63016486,-1.27510405,-0.631733954,-0.0489115976,0,0.475678682,1.29847205,0.940447152,-0.396728605,-0.816564023,-0.82575953,0,-0.0533790924,0.834633946,1.39350259,1.35087121,0.852430165,1.35455489,0.612332284,-0.0942896381,-0.0425597429,-0.404258102,-0.113633938,1.23817647,-0.469732195,0.685866356,2.13161039,-0.208661944,-0.0282166321,-0.296499252,-1.10641932,-1.18526864,0.660672605,1.41387439,0.727344275,-0.199069589,6
0,-0.32890445,-0.894525409,0.0340020917,-0.641049683,-1.00733483,-0.407344818,-0.114585042,-0.0596355125,-0.623986244,0.114151776,-0.495512635,-1.71888876,-1.33734202,-0.517234027,-0.125630632,-0.0399202406,0.407085121,0.733570218,-1.19376683,-1.15431678,-1.26353872,-0.551693916,-0.110526666,0,0.828552306,-0.0162722114,-1.52425253,-1.63016486,-1.27510405,-0.631733954,-0.0489115976,0,1.63389289,0.352281094,0.303945839,0.957481444,0.896135747,-0.538628221,0,-0.0533790924,0.148251966,1.39350259,0.426765025,-0.74754703,-0.240706354,1.78996634,-0.0942896381,-0.0425597429,-0.404258102,0.945732176,-0.293324441,-1.60813844,-0.136937618,1.71932638,-0.208661944,-0.0282166321,-0.296499252,-0.712489545,-0.0265482478,0.865321517,1.41387439,0.727344275,-0.199069589,6
0,-0.32890445,0.572562933,0.272776544,-0.174865454,-0.829918623,-0.407344818,-0.114585042,-0.0596355125,0.626971841,0.849991679,-1.74774301,0.363859624,-0.348786354,-0.517234027,-0.125630632,-0.0399202406,-0.716925859,-1.73476028,-1.19376683,0.464173138,-0.619863689,-0.551693916,-0.110526666,0,-0.79118371,-1.47728431,-0.497923404,0.969825268,-0.601373136,-0.631733954,-0.0489115976,0,-0.682535589,-1.22470379,-0.650806129,0.449652672,1.0674057,0.0356344357,0,-0.0533790924,-0.538130045,-0.913705945,-1.1134119,-1.22754025,-0.240706354,2.02549314,-0.0942896381,-0.0425597429,0.150493473,1.29885423,-0.293324441,-0.469732195,0.521305561,1.71932638,-0.208661944,-0.0282166321,-0.296499252,0.0753700212,0.436939895,0.865321517,1.41387439,0.727344275,-0.199069589,3
0,1.84134698,2.24923539,0.0340020917,0.0582266748,1.476493,1.71727109,-0.114585042,-0.0596355125,0.31423232,1.03395164,-0.745958686,-0.469239712,-0.0192677919,0.622903049,-0.125630632,-0.0399202406,-0.154920369,1.08618891,0.517253578,-0.506920815,-1.26353872,-0.551693916,-0.110526666,0,0.504605114,1.12007058,0.699460566,0.969825268,-0.601373136,-0.631733954,-0.0489115976,0,-0.682535589,-0.751608312,-1.44643283,0.280376405,0.211055845,-0.82575953,0,-0.0533790924,1.521016,-0.606078148,-1.1134119,0.212439299,0.468298674,-0.800828636,-0.0942896381,-0.0425597429,5.69800949,0.592610121,-0.101886839,1.23787713,-0.959741592,-0.7543782,-0.208661944,-0.0282166321,2.89806843,1.25715935,0.668684006,-0.976518989,-1.12624967,-0.498878568,-0.199069589,5
0,-0.32890445,-0.684941351,0.0340020917,-1.107234,-1.00733483,-0.407344818,-0.114585042,-0.0596355125,-0.623986244,0.849991679,0.50627166,0.988684118,-0.348786354,-0.517234027,-0.125630632,-0.0399202406,0.969090581,0.0283329226,-0.509358644,-0.830618858,0.989323914,-0.238752022,-0.110526666,0,1.80039394,-0.178606898,-1.52425253,-1.63016486,0.0723577365,0.718299329,-0.0489115976,0,1.34433937,0.0368841328,-1.44643283,-1.75093865,-0.816564023,1.47129107,0,-0.0533790924,0.148251966,1.0858748,-1.1134119,-1.22754025,-0.595208883,0.612332284,-0.0942896381,-0.0425597429,-0.404258102,0.239488095,0.472425967,-1.0389353,0.850427151,-0.13595207,-0.208661944,-0.0282166321,-0.296499252,-0.909454465,0.205195829,0.660672605,0.397824794,-0.498878568,-0.199069589,0
0,-0.32890445,-0.475357324,0.98909992,0.524410903,-0.829918623,-0.407344818,-0.114585042,-0.0596355125,-0.623986244,0.114151776,1.00716376,-0.885789394,-1.33734202,-0.517234027,-0.125630632,-0.0399202406,-0.716925859,0.909879565,0.346151531,-0.992467821,-1.26353872,-0.551693916,-0.110526666,0,0.180657908,1.12007058,0.870515406,0.969825268,0.746088624,-0.0917206332,-0.0489115976,0,0.475678682,1.29847205,0.781321824,0.449652672,0.382325828,3.19407892,0,-0.0533790924,-0.538130045,1.39350259,-0.343323469,-0.74754703,-0.240706354,2.96760058,14.7209692,-0.0425597429,-0.404258102,0.592610121,0.472425967,-0.279997826,1.17954874,1.30704224,-0.208661944,-0.0282166321,-0.296499252,-0.712489545,0.436939895,0.865321517,0.905849576,-0.498878568,-0.199069589,6
0,-0.32890445,0.78214699,0.98909992,0.990595162,1.12166035,0.1996883,-0.114585042,-0.0596355125,0.31423232,0.482071757,-1.74774301,-1.30233908,0.969287932,0.907937288,-0.125630632,-0.0399202406,-0.716925859,-1.73476028,-1.19376683,-0.0213738531,1.15024269,0.0741898865,-0.110526666,0,-0.79118371,-1.47728431,-0.668978274,0.969825268,0.577655911,-0.631733954,-0.0489115976,0,-0.682535589,-1.22470379,-1.44643283,-0.396728605,1.23867571,1.18415976,0,-0.0533790924,-0.538130045,-1.0675199,-1.1134119,-1.22754025,0.822801173,1.08338594,-0.0942896381,-0.0425597429,-0.404258102,-0.643316984,-0.867637277,-0.849200904,1.01498795,0.0701899752,-0.208661944,-0.0282166321,-0.296499252,1.25715935,0.900428057,0.660672605,-0.279541612,-0.498878568,-0.199069589,3
0,-0.32890445,0.362978905,0.98909992,0.990595162,-0.475086063,-0.407344818,-0.114585042,-0.0596355125,1.56519043,1.03395164,-0.745958686,0.780409276,-0.184027076,-0.517234027,-0.125630632,-0.0399202406,2.0931015,-0.147976398,-1.19376683,1.11156917,-0.458944917,-0.551693916,-0.110526666,0,0.180657908,-0.99028033,-0.840033114,0.969825268,-0.938238621,-0.631733954,-0.0489115976,0,-0.682535589,-1.22470379,0.463071167,0.111100167,-1.5016439,-0.82575953,0,-0.0533790924,-0.538130045,-0.144636467,1.35087121,-0.74754703,-1.4814651,-0.800828636,-0.0942896381,-0.0425597429,-0.404258102,0.769171178,1.04673874,-0.279997826,-0.136937618,-0.13595207,-0.208661944,-0.0282166321,-0.296499252,0.863229573,0.900428057,0.865321517,1.58321595,1.70832253,-0.199069589,2
0,0.756221235,0.572562933,0.511551023,0.757503033,-0.652502358,-0.407344818,-0.114585042,-0.0596355125,0.00149279006,0.482071757,-0.745958686,0.780409276,-0.0192677919,-0.517234027,-0.125630632,-0.0399202406,-0.716925859,-1.73476028,-1.19376683,0.787871122,0.184730127,-0.551693916,-0.110526666,0,-0.79118371,-1.15261495,0.699460566,0.482327133,-1.27510405,-0.631733954,-0.0489115976,0,-0.682535589,-0.751608312,0.940447152,0.957481444,-0.474024057,-0.82575953,0,-0.0533790924,-0.194939047,-0.913705945,-1.1134119,0.692432463,1.00005245,-0.800828636,-0.0942896381,-0.0425597429,2.36949968,0.945732176,-0.867637277,-0.659466565,1.17954874,-0.548236191,-0.208661944,-0.0282166321,0.768356621,0.666264713,-0.0265482478,0.251374692,0.397824794,-0.498878568,-0.199069589,3
0,-0.32890445,-0.684941351,0.272776544,0.990595162,1.29907668,-0.407344818,-0.114585042,-0.0596355125,-0.623986244,0.666031718,0.756717741,0.780409276,1.29880655,-0.517234027,-0.125630632,-0.0399202406,-0.716925859,-0.853213727,-1.19376683,0.464173138,1.15024269,-0.551693916,-0.110526666,0,-0.79118371,-1.47728431,-1.52425253,0.482327133,0.914521337,-0.631733954,-0.0489115976,0,-0.682535589,-0.120814353,0.781321824,0.957481444,1.23867571,1.18415976,0,-0.0533790924,-0.538130045,1.0858748,1.35087121,1.01242793,0.291047394,-0.0942482054,-0.0942896381,-0.0425597429,-0.404258102,-0.819878042,1.04673874,-0.849200904,-1.45342398,-0.7543782,-0.208661944,-0.0282166321,-0.296499252,-0.318559766,0.668684006,-2.40906167,-1.12624967,-0.498878568,-0.199069589,7
0,-0.32890445,-0.475357324,-0.204772368,-1.34032607,-1.00733483,-0.407344818,-0.114585042,-0.0596355125,-0.623986244,-0.0698082,0.50627166,1.1969589,-1.00782347,-0.517234027,-0.125630632,-0.0399202406,0.126082376,0.909879565,-1.02266479,0.62602216,0.506567657,-0.551693916,-0.110526666,0,0.504605114,0.470731825,-1.52425253,-1.30516613,1.41981947,-0.0917206332,-0.0489115976,0,1.34433937,0.667678058,-1.44643283,-1.75093865,0.553595781,1.47129107,0,-0.0533790924,0.834633946,1.0858748,-1.1134119,-1.06754243,1.17730367,1.08338594,-0.0942896381,-0.0425597429,0.705245078,1.29885423,0.855301201,1.04814279,1.01498795,-0.548236191,-0.208661944,-0.0282166321,-0.296499252,-0.121594876,0.205195829,0.456023633,-0.279541612,-0.498878568,-0.199069589,0
0,-0.32890445,0.572562933,0.750325441,-0.174865454,-0.829918623,-0.407344818,-0.114585042,-0.0596355125,-0.623986244,-0.0698082,-1.99818909,-0.0526900552,-0.348786354,-0.517234027,-0.125630632,-0.0399202406,-0.716925859,-1.73476028,-1.02266479,0.949720144,-0.298026145,-0.551693916,-0.110526666,0,-0.79118371,-1.47728431,1.04157031,0.969825268,-0.938238621,-0.631733954,-0.0489115976,0,-0.682535589,-1.22470379,-0.809931457,-0.396728605,1.0674057,-0.538628221,0,-0.0533790924,-0.194939047,-0.913705945,-1.1134119,-1.22754025,0.113796152,0.847859085,-0.0942896381,-0.0425597429,1.81474817,0.945732176,-0.867637277,-1.22866964,0.192183971,0.894758165,-0.208661944,-0.0282166321,-0.296499252,0.272334903,0.436939895,0.865321517,1.41387439,-0.00838943198,-0.199069589,3
0,4.01159859,2.03965139,0.511551023,-0.174865454,-0.652502358,-0.407344818,-0.114585042,-0.0596355125,1.56519043,-0.0698082,-2.74952722,0.155584782,0.475010067,-0.517234027,-0.125630632,-0.0399202406,-0.4359231,0.557260871,-0.509358644,0.949720144,1.3111614,0.0741898865,-0.110526666,0,-0.79118371,-0.99028033,0.357350856,-0.492669165,0.240790457,0.988305986,-0.0489115976,0,-0.682535589,-1.22470379,-1.44643283,-1.75093865,-0.645294011,1.47129107,0,-0.0533790924,-0.538130045,-1.0675199,-1.1134119,-1.22754025,-0.595208883,1.08338594,-0.0942896381,-0.0425597429,1.25999665,0.769171178,-1.82482529,-1.22866964,0.685866356,0.276332021,-0.208661944,-0.0282166321,1.83321249,1.45412421,0.900428057,0.865321517,0.228483185,-0.498878568,-0.199069589,9
0,-0.32890445,0.78214699,0.98909992,0.757503033,-0.475086063,-0.407344818,-0.114585042,-0.0596355125,1.25245082,1.03395164,-0.245066568,-0.0526900552,0.639769375,-0.517234027,-0.125630632,-0.0399202406,1.25009334,0.909879565,-1.02266479,-0.992467821,1.15024269,1.01301563,-0.110526666,0,0.180657908,1.12007058,-0.497923404,-0.167670414,1.41981947,1.7983259,-0.0489115976,0,-0.682535589,-0.436211318,0.303945839,0.449652672,0.896135747,2.04555368,0,-0.0533790924,-0.538130045,-1.0675199,-1.1134119,-1.22754025,0.291047394,1.55443954,-0.0942896381,-0.0425597429,-0.404258102,-1.3495611,-1.82482529,-1.79787278,0.685866356,1.51318431,-0.208661944,-0.0282166321,-0.296499252,0.863229573,0.900428057,0.865321517,1.41387439,0.972588837,-0.199069589,9
0,-0.32890445,-0.0561892018,0.272776544,0.524410903,-0.120253511,-0.407344818,-0.114585042,-0.0596355125,0.00149279006,0.849991679,-1.49729693,0.155584782,1.13404715,-0.232199743,-0.125630632,-0.0399202406,-0.4359231,1.08618891,-0.338256598,0.140475139,1.3111614,0.700073719,-0.110526666,0,-0.79118371,-0.82794565,0.528405726,-0.167670414,0.914521337,1.52831924,-0.0489115976,0,-0.682535589,-1.22470379,-1.44643283,-1.75093865,-0.131484106,1.47129107,0,-0.0533790924,-0.538130045,-1.0675199,-1.1134119,-1.22754025,0.468298674,0.847859085,-0.0942896381,-0.0425597429,-0.404258102,-0.113633938,-0.484762043,-0.849200904,1.01498795,-0.342094123,-0.208661944,-0.0282166321,-0.296499252,-0.121594876,0.668684006,0.865321517,0.0591415763,-0.498878568,-0.199069589,9
0,-0.32890445,0.572562933,0.750325441,0.0582266748,-0.297669798,-0.407344818,-0.114585042,-0.0596355125,0.939711332,0.666031718,-1.99818909,0.155584782,-0.184027076,-0.517234027,-0.125630632,-0.0399202406,-0.716925859,-1.73476028,-1.02266479,1.11156917,-0.780782402,-0.551693916,-0.110526666,0,-0.79118371,-1.15261495,1.04157031,0.644826531,-1.10667133,-0.631733954,-0.0489115976,0,-0.682535589,-1.22470379,-0.17343016,0.449652672,0.382325828,-0.82575953,0,-0.0533790924,-0.538130045,-1.0675199,-1.1134119,-1.22754025,0.822801173,0.376805425,-0.0942896381,-0.0425597429,-0.404258102,0.769171178,-1.44195008,-1.22866964,0.521305561,0.688616097,-0.208661944,-0.0282166321,-0.296499252,1.45412421,0.900428057,0.660672605,0.228483185,-0.498878568,-0.199069589,3
0,-0.32890445,-0.0561892018,0.0340020917,0.990595162,0.766827881,-0.407344818,-0.114585042,-0.0596355125,1.25245082,1.03395164,0.255825579,-1.51061392,1.13404715,-0.232199743,-0.125630632,-0.0399202406,2.37410426,-0.324285716,-0.338256598,-0.345071852,0.345648885,-0.551693916,-0.110526666,0,0.504605114,0.308397144,-1.18214285,0.319827735,-0.938238621,-0.631733954,-0.0489115976,0,-0.682535589,-0.278512836,1.09957254,-0.73528111,-1.5016439,-0.82575953,0,-0.0533790924,-0.538130045,-0.759892046,1.19685352,0.0524415746,-1.4814651,-0.800828636,-0.0942896381,-0.0425597429,-0.404258102,0.0629270747,0.663863599,-0.279997826,-1.45342398,-0.7543782,-0.208661944,-0.0282166321,-0.296499252,-0.121594876,0.668684006,-1.5904659,-1.12624967,-0.498878568,-0.199069589,8
0,-0.32890445,0.362978905,0.272776544,-0.874141812,-0.297669798,-0.407344818,-0.114585042,-0.0596355125,-0.311246723,0.849991679,-0.245066568,-0.2609649,1.13404715,0.0528345145,-0.125630632,-0.0399202406,0.407085121,1.08618891,-0.16715458,-1.15431678,0.0238113683,1.63889945,-0.110526666,0,0.504605114,0.146062478,-1.52425253,-1.63016486,-0.0960749909,1.52831924,-0.0489115976,0,0.475678682,0.352281094,-1.44643283,-1.75093865,-0.131484106,1.47129107,0,-0.0533790924,1.17782497,0.778246939,-1.1134119,-1.22754025,0.645549893,0.376805425,-0.0942896381,-0.0425597429,1.25999665,1.29885423,-0.867637277,-0.0902634487,0.850427151,-0.342094123,-0.208661944,-0.0282166321,-0.296499252,0.469299793,0.436939895,0.0467257351,-0.618224859,-0.498878568,-0.199069589,0
0,-0.32890445,-0.265773267,0.750325441,-1.80651033,-1.00733483,-0.407344818,-0.114585042,-0.0596355125,-0.623986244,-0.253768176,1.00716376,-1.71888876,-1.33734202,-0.517234027,-0.125630632,-0.0399202406,-0.716925859,1.08618891,0.517253578,-1.15431678,-1.26353872,-0.551693916,-0.110526666,0,1.15249956,1.12007058,-1.01108789,-1.63016486,-1.27510405,-0.631733954,-0.0489115976,0,2.21300006,1.14077353,0.303945839,0.957481444,0.724865794,0.322765768,0,-0.0533790924,1.86420691,1.39350259,1.35087121,0.532434762,1.00005245,2.49654675,-0.0942896381,-0.0425597429,0.705245078,1.47541523,0.280988365,-0.849200904,1.01498795,1.71932638,-0.208661944,-0.0282166321,-0.296499252,-0.515524685,0.900428057,0.865321517,1.24453282,0.236855134,-0.199069589,6
0,-0.32890445,-1.10410953,-0.921095729,0.524410903,0.589411557,-0.407344818,-0.114585042,-0.0596355125,-0.623986244,-0.253768176,0.756717741,1.1969589,1.13404715,-0.517234027,-0.125630632,-0.0399202406,0.407085121,0.909879565,-0.338256598,0.140475139,0.989323914,-0.551693916,-0.110526666,0,1.80039394,0.795401216,-1.35319769,0.644826531,-0.0960749909,-0.631733954,-0.0489115976,0,-0.392982006,1.14077353,0.622196496,0.280376405,-1.5016439,-0.82575953,0,-0.0533790924,-0.538130045,0.932060838,1.35087121,0.852430165,-1.4814651,-0.800828636,-0.0942896381,-0.0425597429,-0.404258102,0.769171178,0.0895507634,1.04814279,-0.301498413,-0.7543782,-0.208661944,-0.0282166321,-0.296499252,-0.712489545,-0.490036398,0.865321517,-0.279541612,-0.498878568,-0.199069589,8
0,2.92647266,2.03965139,0.98909992,-1.34032607,-1.00733483,-0.407344818,-0.114585042,-0.0596355125,2.81614852,0.849991679,0.00537951011,0.988684118,-1.33734202,-0.517234027,-0.125630632,-0.0399202406,-0.154920369,-1.38214171,-0.851562738,1.43526709,-0.619863689,-0.551693916,-0.110526666,0,-0.79118371,-1.47728431,-1.52425253,0.969825268,-0.601373136,-0.631733954,-0.0489115976,0,-0.682535589,-1.22470379,-0.650806129,0.957481444,-1.33037388,-0.82575953,0,-0.0533790924,-0.538130045,-1.0675199,0.580782712,1.17242563,-0.772460103,-0.565301836,-0.0942896381,-0.0425597429,0.150493473,0.416049123,1.23817647,1.23787713,1.17954874,1.51318431,-0.208661944,-0.0282166321,3.96292424,2.04501891,0.436939895,0.0467257351,0.228483185,0.236855134,-0.199069589,2
0,-0.32890445,-0.265773267,0.511551023,0.524410903,-0.297669798,-0.407344818,-0.114585042,-0.0596355125,-0.623986244,0.849991679,-0.495512635,-0.0526900552,0.804528654,-0.517234027,-0.125630632,-0.0399202406,0.688087881,0.909879565,-1.19376683,-0.830618858,1.15024269,1.32595754,-0.110526666,0,0.504605114,0.633066535,-1.52425253,-1.63016486,1.08295405,1.52831924,-0.0489115976,0,1.05478585,0.194582611,-1.44643283,-1.75093865,0.553595781,1.18415976,0,-0.0533790924,0.491442949,1.0858748,-0.959394217,-1.22754025,0.645549893,0.376805425,-0.0942896381,-0.0425597429,-0.404258102,0.769171178,-0.101886839,-0.659466565,1.01498795,-0.342094123,-0.208661944,-0.0282166321,-0.296499252,-0.515524685,0.436939895,0.456023633,-0.110200025,-0.498878568,-0.199069589,0
0,-0.32890445,-0.684941351,0.511551023,0.524410903,-1.00733483,-0.407344818,-0.114585042,-0.0596355125,-0.623986244,-1.72544801,0.756717741,1.1969589,-1.00782347,-0.517234027,-0.125630632,-0.0399202406,-0.716925859,-1.73476028,1.20166171,1.43526709,-0.780782402,-0.551693916,-0.110526666,0,-0.79118371,-1.47728431,0.186296016,0.969825268,-0.432940423,-0.631733954,-0.0489115976,0,-0.682535589,-1.22470379,0.463071167,0.618928909,-1.33037388,-0.82575953,0,-0.0533790924,-0.538130045,-1.0675199,0.888818085,0.852430165,-1.4814651,-0.800828636,-0.0942896381,-0.0425597429,-0.404258102,-1.1730001,1.23817647,0.289205283,-1.45342398,-0.7543782,-0.208661944,-0.0282166321,-0.296499252,-0.712489545,0.668684006,0.0467257351,-1.12624967,-0.498878568,-0.199069589,1
0,-0.32890445,-0.684941351,0.272776544,-0.174865454,-1.00733483,-0.407344818,-0.114585042,-0.0596355125,-0.623986244,0.114151776,0.50627166,0.155584782,0.145491496,-0.517234027,-0.125630632,-0.0399202406,-0.716925859,0.909879565,0.00394746149,-0.183222845,0.66748637,-0.551693916,-0.110526666,0,-0.79118371,-0.178606898,-0.668978274,-0.167670414,0.746088624,-0.631733954,-0.0489115976,0,-0.682535589,-1.22470379,-1.2873075,0.618928909,-0.302754074,-0.82575953,0,-0.0533790924,-0.538130045,-1.0675199,-0.0352880657,1.33242333,-1.4814651,-0.800828636,-0.0942896381,-0.0425597429,-0.404258102,-1.1730001,0.472425967,0.478939652,-0.795180798,0.0701899752,0.762775302,-0.0282166321,-0.296499252,-0.909454465,0.668684006,0.865321517,1.58321595,3.42503452,3.36111999,2
0,0.756221235,2.03965139,0.750325441,-2.03960252,-1.00733483,-0.407344818,-0.114585042,-0.0596355125,1.87792993,0.849991679,0.00537951011,0.780409276,-1.33734202,-0.517234027,-0.125630632,-0.0399202406,1.5310961,-0.324285716,-0.16715458,1.43526709,-1.26353872,-0.551693916,-0.110526666,0,-0.79118371,-1.47728431,-0.155813694,0.8073259,-1.27510405,-0.631733954,-0.0489115976,0,-0.682535589,-1.22470379,0.463071167,0.280376405,-1.5016439,-0.82575953,0,-0.0533790924,-0.538130045,-0.913705945,1.35087121,0.37243703,0.291047394,0.376805425,-0.0942896381,-0.0425597429,0.150493473,0.945732176,1.23817647,1.23787713,1.17954874,1.51318431,-0.208661944,-0.0282166321,2.89806843,2.04501891,-0.0265482478,-0.771870077,-0.279541612,-0.253634006,-0.199069589,2
0,-0.32890445,-0.684941351,-0.204772368,0.524410903,1.12166035,0.503204882,-0.114585042,-0.0596355125,-0.623986244,0.666031718,0.50627166,-0.2609649,1.13404715,1.76304007,-0.125630632,-0.0399202406,0.688087881,0.380951583,-1.19376683,-0.345071852,1.15024269,0.0741898865,-0.110526666,0,0.180657908,1.12007058,0.357350856,0.8073259,-0.769805908,-0.631733954,-0.0489115976,0,-0.682535589,-1.06700528,0.781321824,0.957481444,-0.816564023,-0.82575953,0,-0.0533790924,-0.538130045,-1.0675199,1.19685352,-0.427551597,1.17730367,-0.800828636,-0.0942896381,-0.0425597429,-0.404258102,-1.1730001,1.23817647,0.0994709209,0.356744766,-0.7543782,-0.208661944,-0.0282166321,-0.296499252,-1.10641932,0.668684006,0.251374692,-0.787566423,-0.498878568,-0.199069589,8
0,-0.32890445,0.153394848,0.750325441,0.0582266748,-0.120253511,-0.407344818,-0.114585042,-0.0596355125,-0.623986244,-0.437728167,1.00716376,1.1969589,0.804528654,-0.232199743,-0.125630632,-0.0399202406,-0.716925859,-0.324285716,1.5438658,1.43526709,0.66748637,-0.551693916,-0.110526666,0,-0.79118371,-0.178606898,1.21262515,0.969825268,0.409223169,-0.631733954,-0.0489115976,0,-0.682535589,1.29847205,1.09957254,0.957481444,-0.645294011,-0.82575953,0,-0.0533790924,1.17782497,1.39350259,1.35087121,1.33242333,-1.30421388,-0.800828636,-0.0942896381,-0.0425597429,1.25999665,1.29885423,1.23817647,1.23787713,-1.12430239,-0.7543782,-0.208661944,-0.0282166321,-0.296499252,0.863229573,0.900428057,0.660672605,-0.618224859,-0.498878568,-0.199069589,1
0,-0.32890445,-0.894525409,-0.204772368,0.990595162,1.83132553,2.62782073,-0.114585042,-0.0596355125,-0.623986244,0.482071757,0.50627166,-0.469239712,0.639769375,2.61814284,-0.125630632,-0.0399202406,-0.716925859,-1.02952302,-1.19376683,-1.15431678,0.828405142,0.700073719,-0.110526666,0,-0.79118371,-1.47728431,-1.52425253,-1.1426667,1.25138676,-0.631733954,-0.0489115976,0,-0.682535589,-0.909306765,0.940447152,0.957481444,1.23867571,1.75842237,0,-0.0533790924,-0.538130045,-0.606078148,0.888818085,1.33242333,-0.0634551048,-0.565301836,-0.0942896381,-0.0425597429,-0.404258102,-1.3495611,-0.484762043,0.0994709209,-1.45342398,-0.7543782,-0.208661944,-0.0282166321,-0.296499252,-1.10641932,0.205195829,-1.79511487,-1.12624967,-0.498878568,-0.199069589,7
0,-0.32890445,-1.10410953,-1.39864469,-0.641049683,-1.00733483,-0.407344818,-0.114585042,-0.0596355125,-0.623986244,-1.54148805,0.756717741,-0.469239712,-1.33734202,-0.517234027,-0.125630632,-0.0399202406,-0.716925859,-1.02952302,1.5438658,-0.345071852,-1.26353872,-0.551693916,-0.110526666,0,-0.79118371,-0.0162722114,0.528405726,-0.492669165,0.746088624,-0.0917206332,-0.0489115976,0,-0.682535589,0.194582611,1.09957254,0.788205206,0.724865794,0.897028387,0,-0.0533790924,-0.538130045,0.932060838,1.04283583,-0.907544732,0.822801173,0.612332284,-0.0942896381,-0.0425597429,-0.404258102,1.12229323,1.04673874,0.668674052,1.17954874,0.0701899752,-0.208661944,-0.0282166321,-0.296499252,-0.909454465,-0.490036398,0.865321517,0.567166388,-0.498878568,-0.199069589,6
0,-0.32890445,-0.265773267,0.98909992,0.990595162,0.589411557,-0.407344818,-0.114585042,-0.0596355125,-0.623986244,-1.72544801,-0.745958686,-0.0526900552,1.29880655,-0.232199743,-0.125630632,-0.0399202406,-0.716925859,-1.73476028,-0.338256598,1.27341807,1.3111614,-0.238752022,-0.110526666,0,-0.79118371,-1.47728431,0.186296016,0.969825268,-0.432940423,-0.631733954,-0.0489115976,0,-0.682535589,-1.22470379,-1.12818217,0.957481444,-0.474024057,-0.82575953,0,-0.0533790924,-0.538130045,-1.0675199,-1.1134119,0.37243703,0.291047394,-0.800828636,-0.0942896381,-0.0425597429,-0.404258102,0.592610121,-0.293324441,0.478939652,0.850427151,-0.548236191,-0.208661944,-0.0282166321,-0.296499252,-0.121594876,0.205195829,0.865321517,1.41387439,-0.498878568,-0.199069589,3
0,-0.32890445,2.24923539,-0.921095729,-2.73887897,-1.00733483,-0.407344818,-0.114585042,-0.0596355125,0.00149279006,1.03395164,0.255825579,-2.13543844,-1.33734202,-0.517234027,-0.125630632,-0.0399202406,-0.154920369,1.08618891,1.5438658,-0.183222845,-1.26353872,-0.551693916,-0.110526666,0,-0.79118371,-0.178606898,1.21262515,-0.00517102238,-1.27510405,-0.631733954,-0.0489115976,0,-0.682535589,-1.22470379,0.781321824,0.280376405,-1.5016439,-0.82575953,0,-0.0533790924,-0.538130045,-1.0675199,0.426765025,1.33242333,-1.12696266,-0.800828636,-0.0942896381,-0.0425597429,-0.404258102,-0.466755986,0.472425967,1.23787713,0.356744766,0.894758165,2.70564985,-0.0282166321,-0.296499252,1.25715935,0.900428057,0.865321517,1.58321595,3.42503452,4.37831736,1
0,-0.32890445,-1.10410953,-1.39864469,0.990595162,-1.00733483,-0.407344818,-0.114585042,-0.0596355125,-0.623986244,-1.90940797,0.00537951011,0.572134435,-1.33734202,-0.517234027,-0.125630632,-0.0399202406,-0.716925859,-0.853213727,1.37276375,-0.668769836,-0.298026145,4.1424346,-0.110526666,0,-0.467236519,0.795401216,0.357350856,-1.63016486,0.914521337,2.8783524,-0.0489115976,0,2.21300006,1.29847205,0.622196496,0.280376405,1.23867571,0.609897077,0,-0.0533790924,3.2369709,0.778246939,0.734800398,1.33242333,1.00005245,-0.329775035,-0.0942896381,-0.0425597429,-0.404258102,-1.3495611,-1.25051248,1.23787713,0.0276231728,-0.7543782,-0.208661944,-0.0282166321,-0.296499252,-1.10641932,-0.95352453,0.865321517,-0.618224859,-0.498878568,-0.199069589,4
0,-0.32890445,-1.10410953,0.511551023,-0.407957584,-1.00733483,-0.407344818,-0.114585042,-0.0596355125,-0.623986244,-1.35752809,1.00716376,1.1969589,-0.843064249,-0.517234027,-0.125630632,-0.0399202406,-0.716925859,-0.500595033,1.5438658,1.43526709,-0.137107387,-0.551693916,-0.110526666,0,-0.79118371,0.470731825,1.21262515,0.969825268,-0.432940423,-0.631733954,-0.0489115976,0,-0.682535589,-0.5939098,0.940447152,0.957481444,-0.474024057,-0.82575953,0,-0.0533790924,-0.538130045,-1.0675199,0.888818085,1.33242333,-1.4814651,-0.800828636,-0.0942896381,-0.0425597429,-0.404258102,-1.3495611,0.855301201,0.478939652,-1.45342398,-0.7543782,-0.208661944,-0.0282166321,-0.296499252,-1.10641932,-0.490036398,-0.362572163,-1.12624967,-0.498878568,-0.199069589,1
0,-0.32890445,-1.10410953,-0.204772368,0.990595162,0.0571627617,-0.407344818,-0.114585042,-0.0596355125,-0.623986244,-0.253768176,1.00716376,0.155584782,-1.00782347,-0.517234027,-0.125630632,-0.0399202406,0.126082376,1.08618891,0.688355625,-1.15431678,-1.26353872,-0.551693916,-0.110526666,0,1.15249956,1.12007058,0.528405726,-0.980167329,-1.27510405,-0.631733954,-0.0489115976,0,1.34433937,1.29847205,0.622196496,0.788205206,0.382325828,-0.82575953,0,-0.0533790924,-0.194939047,1.23968863,0.118729629,-0.74754703,1.35455489,0.376805425,-0.0942896381,-0.0425597429,-0.404258102,0.239488095,0.855301201,-0.849200904,1.17954874,1.30704224,-0.208661944,-0.0282166321,-0.296499252,-1.10641932,-0.721780479,0.865321517,1.58321595,1.95356703,-0.199069589,6
0,-0.32890445,-1.10410953,-1.87619352,0.291318804,1.83132553,4.14540386,1.76820457,-0.0596355125,-0.623986244,-1.54148805,0.756717741,0.572134435,0.804528654,4.04331398,6.50028706,-0.0399202406,-0.716925859,-0.500595033,0.00394746149,-1.15431678,-0.780782402,4.45537663,8.57272434,0,-0.79118371,-1.47728431,-0.840033114,-0.980167329,0.0723577365,3.14835906,-0.0489115976,0,-0.682535589,0.983075023,1.09957254,0.957481444,1.23867571,0.897028387,0,-0.0533790924,-0.538130045,0.624433041,0.272747338,0.37243703,0.645549893,-0.800828636,-0.0942896381,-0.0425597429,-0.404258102,-1.3495611,-1.82482529,0.668674052,-0.959741592,-0.7543782,-0.208661944,-0.0282166321,-0.296499252,-1.10641932,-1.88050091,-0.362572163,-1.12624967,-0.498878568,-0.199069589,7
0,-0.32890445,-0.0561892018,0.98909992,0.0582266748,-0.652502358,-0.407344818,-0.114585042,-0.0596355125,-0.623986244,-1.17356813,-0.245066568,1.1969589,0.310250789,-0.517234027,-0.125630632,-0.0399202406,-0.716925859,-1.73476028,-1.19376683,1.11156917,0.506567657,-0.551693916,-0.110526666,0,-0.79118371,-1.15261495,-0.840033114,0.644826531,1.08295405,-0.0917206332,-0.0489115976,0,-0.682535589,0.82537657,1.09957254,0.957481444,0.211055845,0.322765768,0,-0.0533790924,-0.538130045,-0.606078148,0.426765025,1.01242793,-1.4814651,-0.800828636,-0.0942896381,-0.0425597429,-0.404258102,-1.3495611,1.04673874,-0.849200904,-1.45342398,-0.7543782,-0.208661944,-0.0282166321,-0.296499252,0.0753700212,-0.258292317,-2.40906167,-1.12624967,-0.498878568,-0.199069589,7
0,-0.32890445,2.03965139,0.750325441,-0.407957584,-0.652502358,-0.407344818,-0.114585042,-0.0596355125,-0.623986244,1.03395164,-1.74774301,-0.469239712,0.475010067,-0.517234027,-0.125630632,-0.0399202406,-0.716925859,-0.147976398,0.859457612,-0.992467821,0.989323914,0.700073719,-0.110526666,0,-0.79118371,-0.503276289,1.21262515,0.969825268,1.25138676,-0.0917206332,-0.0489115976,0,-0.682535589,-1.22470379,-0.809931457,0.111100167,-1.33037388,-0.82575953,0,-0.0533790924,-0.538130045,-1.0675199,-1.1134119,-0.107556142,-0.240706354,-0.800828636,-0.0942896381,-0.0425597429,-0.404258102,-1.3495611,-1.82482529,-1.41840398,0.356744766,-0.7543782,-0.208661944,-0.0282166321,-0.296499252,0.863229573,-0.0265482478,0.251374692,0.736508012,-0.498878568,-0.199069589,9
0,-0.32890445,-0.894525409,0.750325441,0.524410903,-0.829918623,-0.407344818,-0.114585042,-0.0596355125,0.00149279006,0.482071757,1.00716376,1.1969589,-0.843064249,-0.517234027,-0.125630632,-0.0399202406,0.688087881,1.08618891,1.5438658,1.43526709,-0.619863689,-0.551693916,-0.110526666,0,0.504605114,1.12007058,1.21262515,0.969825268,-1.10667133,-0.631733954,-0.0489115976,0,-0.682535589,-0.120814353,1.09957254,0.449652672,-1.5016439,-0.82575953,0,-0.0533790924,-0.538130045,-0.298450351,1.35087121,0.532434762,-1.4814651,-0.800828636,-0.0942896381,-0.0425597429,-0.404258102,-0.643316984,1.23817647,0.0994709209,-1.45342398,-0.7543782,-0.208661944,-0.0282166321,-0.296499252,-0.712489545,0.900428057,-0.157923222,-1.12624967,-0.498878568,-0.199069589,1
0,-0.32890445,-1.10410953,-0.443546832,-0.174865454,-0.829918623,-0.407344818,-0.114585042,-0.0596355125,-0.623986244,-1.72544801,0.756717741,-0.469239712,-0.0192677919,-0.517234027,-0.125630632,-0.0399202406,0.688087881,-1.02952302,0.517253578,-1.15431678,0.66748637,-0.551693916,-0.110526666,0,1.47644675,-0.178606898,0.186296016,-1.63016486,-0.0960749909,0.718299329,-0.0489115976,0,1.05478585,0.352281094,-1.44643283,-1.75093865,-1.15910399,1.75842237,0,-0.0533790924,-0.194939047,0.932060838,-1.1134119,-1.22754025,-1.12696266,1.78996634,-0.0942896381,-0.0425597429,-0.404258102,-0.290194958,0.280988365,-1.0389353,0.192183971,1.51318431,-0.208661944,-0.0282166321,-0.296499252,-1.10641932,-0.721780479,0.660672605,1.24453282,0.727344275,-0.199069589,0
0,1.84134698,2.03965139,0.750325441,-2.03960252,-1.00733483,-0.407344818,-0.114585042,-0.0596355125,2.81614852,0.849991679,-0.245066568,0.363859624,-1.33734202,-0.517234027,-0.125630632,-0.0399202406,1.5310961,0.0283329226,-1.19376683,1.43526709,-1.26353872,-0.551693916,-0.110526666,0,-0.467236519,-0.99028033,-1.18214285,0.969825268,-1.27510405,-0.631733954,-0.0489115976,0,-0.682535589,-1.22470379,-0.809931457,0.280376405,-1.5016439,-0.82575953,0,-0.0533790924,-0.538130045,-0.913705945,0.734800398,0.212439299,-1.4814651,-0.800828636,-0.0942896381,-0.0425597429,-0.404258102,1.12229323,1.23817647,0.668674052,0.685866356,2.33775258,2.70564985,-0.0282166321,1.83321249,1.45412421,0.436939895,0.0467257351,0.905849576,1.4630779,0.309528947,2
0,-0.32890445,-0.894525409,-0.68232125,0.291318804,0.944244146,-0.407344818,-0.114585042,-0.0596355125,-0.623986244,-0.0698082,-0.245066568,0.363859624,1.29880655,-0.232199743,-0.125630632,-0.0399202406,-0.716925859,0.909879565,-0.509358644,0.787871122,1.3111614,-0.238752022,-0.110526666,0,-0.79118371,0.470731825,1.21262515,0.157328367,1.25138676,-0.361727297,-0.0489115976,0,-0.682535589,-1.22470379,-1.44643283,-1.75093865,0.896135747,-0.82575953,0,-0.0533790924,-0.538130045,-1.0675199,-1.1134119,-0.74754703,1.00005245,-0.800828636,-0.0942896381,-0.0425597429,1.81474817,0.769171178,-0.293324441,0.0994709209,0.356744766,-0.7543782,-0.208661944,-0.0282166321,-0.296499252,-0.712489545,-0.721780479,0.865321517,-0.110200025,-0.498878568,-0.199069589,9
0,-0.32890445,-1.10410953,-0.68232125,0.291318804,-1.00733483,-0.407344818,-0.114585042,-0.0596355125,-0.623986244,-1.35752809,0.756717741,-1.30233908,-1.33734202,-0.517234027,-0.125630632,-0.0399202406,-0.716925859,0.380951583,0.688355625,-1.15431678,-1.26353872,-0.551693916,-0.110526666,0,-0.79118371,1.12007058,0.357350856,-0.330169797,-0.601373136,-0.631733954,-0.0489115976,0,-0.682535589,1.14077353,1.09957254,-0.396728605,0.553595781,0.609897077,0,-0.0533790924,-0.538130045,1.0858748,0.888818085,-1.22754025,-1.30421388,2.73207355,4.84413004,-0.0425597429,-0.404258102,0.0629270747,0.472425967,-1.79787278,-0.795180798,2.54389453,1.73421252,-0.0282166321,-0.296499252,-1.10641932,-0.95352453,0.0467257351,1.07519114,1.95356703,0.309528947,6
0,1.84134698,1.62048328,0.98909992,0.757503033,-0.829918623,-0.407344818,-0.114585042,-0.0596355125,1.56519043,0.482071757,-0.495512635,1.1969589,-0.678304911,-0.517234027,-0.125630632,-0.0399202406,-0.716925859,-1.73476028,0.175049499,1.43526709,-0.941701174,-0.551693916,-0.110526666,0,-0.79118371,-0.178606898,1.21262515,0.969825268,0.409223169,-0.631733954,-0.0489115976,0,-0.682535589,-1.06700528,-0.809931457,-0.0581760854,1.23867571,1.47129107,0,-0.0533790924,-0.538130045,-1.0675199,-1.1134119,-1.22754025,1.35455489,1.31891274,-0.0942896381,-0.0425597429,0.705245078,0.769171178,-0.676199675,-0.659466565,1.17954874,0.482474059,-0.208661944,-0.0282166321,0.768356621,1.84805405,0.900428057,0.865321517,0.397824794,-0.253634006,-0.199069589,3
0,-0.32890445,0.78214699,-0.921095729,0.0582266748,1.29907668,-0.103828259,-0.114585042,-0.0596355125,0.31423232,0.849991679,-0.996404767,-1.09406424,-0.678304911,-0.517234027,-0.125630632,-0.0399202406,0.969090581,-0.147976398,-0.851562738,-0.183222845,-0.941701174,-0.551693916,-0.110526666,0,1.15249956,1.12007058,0.870515406,-0.167670414,0.914521337,0.448292673,-0.0489115976,0,-0.103428438,-0.120814353,-1.44643283,-1.75093865,-0.302754074,1.47129107,0,-0.0533790924,-0.538130045,-1.0675199,-1.1134119,-1.22754025,-0.240706354,1.55443954,-0.0942896381,-0.0425597429,-0.404258102,0.0629270747,-0.867637277,-0.659466565,0.850427151,-0.13595207,-0.208661944,-0.0282166321,-0.296499252,0.863229573,0.436939895,0.660672605,-0.279541612,-0.498878568,-0.199069589,5
0,-0.32890445,-1.10410953,-2.11496806,0.291318804,1.83132553,2.93133736,-0.114585042,-0.0596355125,-0.623986244,-1.17356813,0.756717741,0.155584782,-0.0192677919,4.04331398,3.1873281,-0.0399202406,-0.154920369,0.909879565,0.346151531,-0.183222845,0.828405142,4.1424346,6.40191174,0,0.504605114,1.12007058,1.21262515,0.969825268,1.41981947,2.33833909,-0.0489115976,0,-0.682535589,-0.120814353,-0.17343016,-0.73528111,1.23867571,-0.251496881,0,-0.0533790924,-0.538130045,-1.0675199,-1.1134119,-0.267553866,1.00005245,-0.800828636,-0.0942896381,-0.0425597429,-0.404258102,-1.3495611,-1.82482529,0.858408391,0.0276231728,-0.7543782,-0.208661944,-0.0282166321,-0.296499252,-1.10641932,-2.11224484,0.865321517,-0.448883235,-0.498878568,-0.199069589,9
0,-0.32890445,0.78214699,0.98909992,0.757503033,1.476493,-0.103828259,-0.114585042,-0.0596355125,-0.311246723,0.849991679,0.756717741,-1.09406424,0.310250789,1.47800589,-0.125630632,-0.0399202406,0.969090581,1.08618891,-1.02266479,-1.15431678,-1.10261989,1.95184135,-0.110526666,0,1.80039394,0.633066535,-1.52425253,-1.63016486,-0.601373136,1.52831924,-0.0489115976,0,1.34433937,-0.278512836,-1.44643283,-1.75093865,-0.474024057,0.897028387,0,-0.0533790924,1.17782497,0.316805243,-1.1134119,-1.22754025,0.822801173,-0.565301836,-0.0942896381,-0.0425597429,-0.404258102,1.47541523,-0.867637277,0.478939652,0.521305561,-0.7543782,-0.208661944,-0.0282166321,-0.296499252,0.469299793,0.668684006,-0.362572163,-0.956908047,-0.498878568,-0.199069589,0
0,-0.32890445,-0.0561892018,0.511551023,0.524410903,-0.652502358,-0.407344818,-0.114585042,-0.0596355125,0.00149279006,1.03395164,1.00716376,1.1969589,-0.184027076,-0.517234027,-0.125630632,-0.0399202406,-0.716925859,-0.500595033,-0.509358644,1.43526709,0.66748637,-0.551693916,-0.110526666,0,-0.79118371,-1.31494963,0.0152411638,0.969825268,1.41981947,1.52831924,-0.0489115976,0,0.186125115,1.14077353,1.09957254,0.957481444,0.211055845,-0.251496881,0,-0.0533790924,0.834633946,1.39350259,1.35087121,0.532434762,-1.4814651,-0.800828636,-0.0942896381,-0.0425597429,-0.404258102,0.239488095,1.23817647,-0.849200904,-1.45342398,-0.7543782,-0.208661944,-0.0282166321,-0.296499252,0.666264713,0.205195829,-2.40906167,-1.12624967,-0.498878568,-0.199069589,7
0,1.84134698,2.03965139,0.98909992,0.0582266748,-1.00733483,-0.407344818,-0.114585042,-0.0596355125,1.87792993,0.114151776,-0.996404767,1.1969589,-1.33734202,-0.517234027,-0.125630632,-0.0399202406,0.126082376,-1.55845106,0.00394746149,0.949720144,-1.26353872,-0.551693916,-0.110526666,0,-0.79118371,-1.47728431,0.186296016,-0.330169797,-1.27510405,-0.631733954,-0.0489115976,0,-0.682535589,-1.22470379,0.940447152,-0.904557347,-1.5016439,-0.82575953,0,-0.0533790924,-0.538130045,0.00917744078,1.19685352,-1.22754025,-1.4814651,-0.800828636,-0.0942896381,-0.0425597429,-0.404258102,1.12229323,0.280988365,-0.659466565,-0.630620003,-0.342094123,-0.208661944,-0.0282166321,0.768356621,2.04501891,0.900428057,0.865321517,1.58321595,1.70832253,-0.199069589,2
0,-0.32890445,0.572562933,0.511551023,-2.50578666,-1.00733483,-0.407344818,-0.114585042,-0.0596355125,-0.623986244,-0.621688128,1.00716376,-1.51061392,-1.33734202,-0.517234027,-0.125630632,-0.0399202406,-0.716925859,-0.67690438,1.5438658,-0.183222845,-1.26353872,-0.551693916,-0.110526666,0,-0.79118371,-0.503276289,1.21262515,-0.167670414,-1.27510405,-0.631733954,-0.0489115976,0,-0.682535589,-0.909306765,1.09957254,0.618928909,-1.5016439,-0.82575953,0,-0.0533790924,-0.538130045,-1.0675199,0.118729629,1.33242333,-0.949711382,-0.800828636,-0.0942896381,-0.0425597429,-0.404258102,0.769171178,0.472425967,1.23787713,1.17954874,1.71932638,3.67708707,-0.0282166321,-0.296499252,0.272334903,0.900428057,0.865321517,1.58321595,2.44405627,2.34392309,1
0,-0.32890445,0.991731048,-0.68232125,-2.73887897,-1.00733483,-0.407344818,-0.114585042,-0.0596355125,-0.623986244,-0.437728167,1.00716376,-1.71888876,-1.33734202,-0.517234027,-0.125630632,-0.0399202406,-0.716925859,-0.324285716,1.5438658,-0.183222845,-1.26353872,-0.551693916,-0.110526666,0,-0.79118371,-0.665610969,1.21262515,0.482327133,-1.10667133,-0.631733954,-0.0489115976,0,-0.682535589,-1.06700528,-0.650806129,0.618928909,-0.474024057,-0.82575953,0,-0.0533790924,-0.538130045,-1.0675199,-1.1134119,0.0524415746,0.468298674,-0.800828636,-0.0942896381,-0.0425597429,-0.404258102,0.0629270747,0.472425967,-0.0902634487,1.17954874,0.482474059,3.67708707,-0.0282166321,-0.296499252,0.272334903,0.900428057,0.865321517,1.58321595,3.42503452,6.92130995,1
0,-0.32890445,-1.10410953,-2.5925169,-0.174865454,0.234579042,-0.407344818,-0.114585042,-0.0596355125,-0.623986244,-1.90940797,-0.245066568,1.1969589,-0.513545632,-0.517234027,-0.125630632,-0.0399202406,-0.716925859,-0.147976398,1.37276375,1.27341807,-0.137107387,-0.551693916,-0.110526666,0,0.828552306,1.12007058,-1.01108789,0.969825268,-0.601373136,-0.631733954,-0.0489115976,0,2.21300006,0.82537657,-0.0143048232,0.957481444,0.896135747,1.47129107,0,-0.0533790924,0.491442949,1.23968863,1.35087121,1.33242333,0.822801173,0.612332284,-0.0942896381,-0.0425597429,-0.404258102,-1.3495611,-1.82482529,1.23787713,-0.959741592,-0.7543782,-0.208661944,-0.0282166321,-0.296499252,-1.10641932,-2.80747724,0.456023633,-0.787566423,-0.498878568,-0.199069589,4
0,-0.32890445,1.41089916,0.750325441,0.291318804,-0.652502358,-0.407344818,-0.114585042,-0.0596355125,-0.311246723,1.03395164,-1.74774301,-1.09406424,0.804528654,-0.517234027,-0.125630632,-0.0399202406,-0.4359231,-0.500595033,1.03055966,-1.15431678,0.0238113683,0.700073719,-0.110526666,0,1.15249956,0.308397144,0.699460566,0.482327133,1.25138676,0.448292673,-0.0489115976,0,-0.392982006,0.194582611,0.463071167,0.280376405,0.724865794,-0.538628221,0,-0.0533790924,-0.538130045,-1.0675199,-1.1134119,-1.22754025,0.468298674,0.612332284,-0.0942896381,-0.0425597429,-0.404258102,-1.3495611,-1.82482529,-1.79787278,-0.630620003,2.13161039,-0.208661944,-0.0282166321,-0.296499252,0.863229573,0.205195829,0.0467257351,1.41387439,0.972588837,-0.199069589,9
0,-0.32890445,-0.265773267,0.0340020917,0.990595162,1.12166035,-0.407344818,-0.114585042,-0.0596355125,0.939711332,1.03395164,-0.996404767,-1.30233908,0.639769375,0.0528345145,-0.125630632,-0.0399202406,2.65510702,-0.67690438,-1.19376683,-1.15431678,0.828405142,0.700073719,-0.110526666,0,1.15249956,1.12007058,0.699460566,0.969825268,1.41981947,1.25831258,-0.0489115976,0,-0.682535589,-0.751608312,-0.809931457,-1.58166242,-0.131484106,1.47129107,0,-0.0533790924,-0.538130045,-1.0675199,-1.1134119,-1.22754025,-0.772460103,2.02549314,-0.0942896381,-0.0425597429,-0.404258102,0.0629270747,-0.101886839,-1.41840398,0.0276231728,1.10090017,-0.208661944,-0.0282166321,-0.296499252,-0.712489545,0.205195829,0.865321517,1.41387439,0.236855134,-0.199069589,9
0,-0.32890445,-0.684941351,0.0340020917,0.990595162,0.0571627617,-0.407344818,-0.114585042,-0.0596355125,-0.623986244,-0.989608109,1.00716376,0.363859624,-0.678304911,-0.517234027,-0.125630632,-0.0399202406,-0.716925859,0.909879565,1.20166171,-1.15431678,-1.26353872,-0.551693916,-0.110526666,0,-0.143289298,1.12007058,0.870515406,-0.330169797,0.0723577365,-0.631733954,-0.0489115976,0,0.475678682,1.29847205,1.09957254,0.449652672,1.0674057,1.47129107,0,-0.0533790924,0.834633946,1.39350259,0.580782712,-1.06754243,0.645549893,2.02549314,-0.0942896381,-0.0425597429,-0.404258102,0.592610121,1.23817647,0.478939652,0.850427151,2.33775258,-0.208661944,-0.0282166321,-0.296499252,-0.909454465,-0.95352453,0.0467257351,0.905849576,0.972588837,-0.199069589,6
0,0.756221235,1.20131516,0.0340020917,-2.50578666,-1.00733483,-0.407344818,-0.114585042,-0.0596355125,1.87792993,1.03395164,0.00537951011,-0.2609649,-1.33734202,-0.517234027,-0.125630632,-0.0399202406,1.25009334,-0.324285716,0.00394746149,0.787871122,-1.26353872,-0.551693916,-0.110526666,0,-0.467236519,-1.31494963,-0.840033114,0.644826531,-1.27510405,-0.631733954,-0.0489115976,0,-0.682535589,-1.22470379,-0.650806129,0.111100167,-1.5016439,-0.82575953,0,-0.0533790924,-0.538130045,-1.0675199,0.580782712,0.212439299,-1.4814651,-0.800828636,-0.0942896381,-0.0425597429,0.150493473,1.12229323,1.23817647,1.23787713,1.01498795,1.30704224,-0.208661944,-0.0282166321,-0.296499252,1.45412421,-0.258292317,-0.771870077,0.905849576,1.4630779,-0.199069589,2
0,-0.32890445,0.153394848,0.98909992,0.0582266748,-0.829918623,-0.407344818,-0.114585042,-0.0596355125,-0.623986244,-0.989608109,1.00716376,0.572134435,0.310250789,-0.517234027,-0.125630632,-0.0399202406,-0.716925859,-1.73476028,-0.338256598,-0.345071852,1.15024269,-0.551693916,-0.110526666,0,-0.79118371,-1.47728431,-1.52425253,-0.330169797,1.25138676,-0.631733954,-0.0489115976,0,-0.682535589,-1.22470379,-1.44643283,0.449652672,0.724865794,-0.82575953,0,-0.0533790924,-0.538130045,-1.0675199,-0.189305753,1.33242333,0.113796152,0.141278625,4.84413004,-0.0425597429,-0.404258102,-0.819878042,1.23817647,1.23787713,1.17954874,2.54389453,9.5057106,-0.0282166321,-0.296499252,-0.121594876,0.900428057,-0.157923222,0.397824794,0.972588837,0.818127453,2
0,-0.32890445,-0.894525409,0.272776544,-2.73887897,-1.00733483,-0.407344818,-0.114585042,-0.0596355125,-0.623986244,-0.621688128,-0.495512635,-2.13543844,-1.33734202,-0.517234027,-0.125630632,-0.0399202406,-0.4359231,1.08618891,-0.851562738,-1.15431678,-1.26353872,-0.551693916,-0.110526666,0,0.504605114,0.633066535,-1.52425253,-1.63016486,-1.27510405,-0.631733954,-0.0489115976,0,1.34433937,0.667678058,-0.809931457,0.111100167,0.0397858657,-0.538628221,0,-0.0533790924,0.834633946,1.39350259,1.19685352,0.0524415746,0.645549893,0.847859085,-0.0942896381,-0.0425597429,0.705245078,1.12229323,0.0895507634,-1.22866964,0.685866356,0.688616097,-0.208661944,-0.0282166321,-0.296499252,-0.712489545,0.205195829,0.865321517,0.228483185,-0.253634006,-0.199069589,6
0,-0.32890445,0.153394848,0.98909992,0.990595162,0.234579042,-0.407344818,-0.114585042,-0.0596355125,-0.623986244,0.482071757,0.00537951011,0.988684118,0.310250789,-0.517234027,-0.125630632,-0.0399202406,-0.716925859,-1.20583236,-0.16715458,0.949720144,0.184730127,-0.551693916,-0.110526666,0,-0.79118371,-0.178606898,1.21262515,0.969825268,1.25138676,0.988305986,-0.0489115976,0,-0.682535589,-1.06700528,-0.0143048232,0.618928909,-0.131484106,0.609897077,0,-0.0533790924,-0.538130045,-1.0675199,0.580782712,0.212439299,-1.4814651,-0.800828636,-0.0942896381,-0.0425597429,-0.404258102,-0.643316984,1.23817647,-1.22866964,-1.45342398,-0.7543782,-0.208661944,-0.0282166321,-0.296499252,0.863229573,-0.490036398,-2.40906167,-1.12624967,-0.498878568,-0.199069589,7
0,-0.32890445,-1.10410953,-1.6374191,0.757503033,-0.652502358,-0.407344818,-0.114585042,-0.0596355125,-0.623986244,-1.90940797,0.50627166,-0.0526900552,-1.00782347,-0.517234027,-0.125630632,-0.0399202406,-0.716925859,0.380951583,1.20166171,-0.506920815,1.15024269,-0.551693916,-0.110526666,0,1.15249956,1.12007058,-0.840033114,-0.167670414,1.25138676,1.52831924,-0.0489115976,0,3.37121439,1.14077353,0.303945839,0.788205206,1.23867571,1.75842237,0,-0.0533790924,1.86420691,1.23968863,1.19685352,1.33242333,0.468298674,-0.800828636,-0.0942896381,-0.0425597429,-0.404258102,-1.3495611,-1.25051248,1.23787713,-0.466059208,-0.7543782,-0.208661944,-0.0282166321,-0.296499252,-1.10641932,-1.41701269,0.865321517,-0.787566423,-0.498878568,-0.199069589,4
0,0.756221235,1.62048328,0.98909992,0.0582266748,-0.829918623,-0.407344818,-0.114585042,-0.0596355125,-0.311246723,-0.253768176,-1.74774301,1.1969589,-1.17258275,-0.517234027,-0.125630632,-0.0399202406,-0.716925859,-1.73476028,0.346151531,-0.345071852,-1.26353872,-0.551693916,-0.110526666,0,-0.79118371,-0.0162722114,0.186296016,-1.63016486,-1.27510405,-0.631733954,-0.0489115976,0,-0.682535589,0.0368841328,0.940447152,0.957481444,0.382325828,-0.538628221,0,-0.0533790924,-0.538130045,-1.0675199,-1.1134119,-0.907544732,0.645549893,0.847859085,-0.0942896381,-0.0425597429,-0.404258102,-0.99643904,-1.05907488,-0.659466565,1.01498795,-0.13595207,-0.208661944,-0.0282166321,-0.296499252,1.65108919,0.900428057,-0.157923222,-0.279541612,-0.498878568,-0.199069589,3
0,-0.32890445,-1.10410953,0.0340020917,-0.407957584,-1.00733483,-0.407344818,-0.114585042,-0.0596355125,-0.623986244,-1.17356813,0.756717741,-0.677514553,-1.33734202,-0.517234027,-0.125630632,-0.0399202406,-0.716925859,0.909879565,-0.509358644,-1.15431678,-1.26353872,-0.551693916,-0.110526666,0,-0.467236519,1.12007058,-0.326868534,-1.46766543,-1.27510405,-0.631733954,-0.0489115976,0,0.475678682,1.29847205,0.781321824,0.957481444,0.724865794,-0.538628221,0,-0.0533790924,-0.194939047,1.39350259,-1.1134119,-1.06754243,0.291047394,1.78996634,-0.0942896381,-0.0425597429,-0.404258102,1.12229323,-0.101886839,-1.60813844,-0.136937618,1.71932638,-0.208661944,-0.0282166321,-0.296499252,-0.712489545,-0.490036398,0.865321517,1.58321595,0.727344275,-0.199069589,6
0,-0.32890445,-1.10410953,-1.39864469,0.291318804,-0.475086063,-0.407344818,-0.114585042,-0.0596355125,-0.623986244,-1.72544801,0.50627166,0.155584782,-1.33734202,-0.517234027,-0.125630632,-0.0399202406,-0.716925859,-0.500595033,1.37276375,-0.830618858,-1.26353872,-0.551693916,-0.110526666,0,-0.79118371,0.146062478,0.528405726,-1.63016486,-1.27510405,-0.631733954,-0.0489115976,0,-0.682535589,0.82537657,0.940447152,0.957481444,0.724865794,0.609897077,0,-0.0533790924,-0.538130045,0.470619142,1.35087121,-0.427551597,0.468298674,2.49654675,-0.0942896381,-0.0425597429,-0.404258102,-0.113633938,1.04673874,-0.849200904,0.192183971,2.13161039,-0.208661944,-0.0282166321,-0.296499252,-1.10641932,-2.11224484,0.456023633,1.58321595,1.70832253,-0.199069589,6
0,-0.32890445,-1.10410953,0.0340020917,-1.80651033,-1.00733483,-0.407344818,-0.114585042,-0.0596355125,-0.623986244,-0.805648148,0.756717741,-1.71888876,-1.33734202,-0.517234027,-0.125630632,-0.0399202406,-0.716925859,1.08618891,-0.338256598,-1.15431678,-0.619863689,0.700073719,-0.110526666,0,0.504605114,0.957735896,-1.18214285,-1.1426667,1.25138676,1.7983259,-0.0489115976,0,-0.103428438,1.14077353,1.09957254,0.957481444,1.23867571,0.322765768,0,-0.0533790924,-0.538130045,-0.759892046,0.118729629,1.33242333,-0.0634551048,-0.800828636,-0.0942896381,-0.0425597429,-0.404258102,-1.3495611,-0.293324441,1.04814279,-1.45342398,-0.7543782,-0.208661944,-0.0282166321,-0.296499252,-1.10641932,-0.258292317,-0.567221105,-1.12624967,-0.498878568,-0.199069589,4
0,-0.32890445,0.362978905,0.750325441,0.524410903,0.0571627617,-0.407344818,-0.114585042,-0.0596355125,0.939711332,1.03395164,-1.74774301,-0.0526900552,1.29880655,0.622903049,-0.125630632,-0.0399202406,0.969090581,0.909879565,-0.851562738,0.464173138,0.989323914,-0.238752022,-0.110526666,0,-0.467236519,0.633066535,1.21262515,0.644826531,-1.10667133,-0.631733954,-0.0489115976,0,-0.682535589,0.352281094,0.622196496,0.788205206,-0.131484106,-0.82575953,0,-0.0533790924,-0.538130045,1.23968863,-0.80537653,-0.74754703,1.17730367,0.612332284,-0.0942896381,-0.0425597429,-0.404258102,1.29885423,-1.25051248,-0.279997826,1.01498795,0.482474059,-0.208661944,-0.0282166321,-0.296499252,0.0753700212,0.900428057,-0.157923222,-0.448883235,-0.498878568,-0.199069589,8
0,-0.32890445,-0.475357324,0.750325441,0.990595162,1.83132553,3.23485398,-0.114585042,-0.0596355125,-0.623986244,0.298111767,0.00537951011,-0.677514553,1.29880655,1.19297159,-0.125630632,-0.0399202406,0.407085121,0.380951583,-1.19376683,0.302324146,0.828405142,-0.551693916,-0.110526666,0,-0.79118371,-1.31494963,-1.35319769,0.482327133,-0.0960749909,-0.631733954,-0.0489115976,0,-0.682535589,0.0368841328,0.622196496,0.957481444,1.23867571,0.897028387,0,-0.0533790924,-0.538130045,0.778246939,1.19685352,0.692432463,-0.417957604,-0.565301836,-0.0942896381,-0.0425597429,-0.404258102,-1.3495611,1.04673874,-0.849200904,-1.45342398,-0.7543782,-0.208661944,-0.0282166321,-0.296499252,-0.515524685,0.900428057,-1.99976373,-1.12624967,-0.498878568,-0.199069589,7
0,-0.32890445,0.153394848,0.511551023,-0.174865454,-0.829918623,-0.407344818,-0.114585042,-0.0596355125,-0.623986244,0.849991679,-1.74774301,-0.885789394,1.13404715,-0.517234027,-0.125630632,-0.0399202406,0.407085121,1.08618891,-1.19376683,-1.15431678,0.184730127,0.38713181,-0.110526666,0,1.80039394,-0.0162722114,-1.52425253,-1.63016486,-0.601373136,1.52831924,-0.0489115976,0,1.34433937,0.0368841328,-1.44643283,-1.75093865,-0.816564023,1.47129107,0,-0.0533790924,0.834633946,0.162991345,-1.1134119,-1.22754025,0.113796152,0.141278625,-0.0942896381,-0.0425597429,0.150493473,0.945732176,-1.44195008,-1.22866964,0.850427151,-0.7543782,-0.208661944,-0.0282166321,-0.296499252,-0.121594876,0.436939895,0.660672605,-0.448883235,-0.498878568,-0.199069589,0
0,-0.32890445,-0.684941351,0.98909992,0.291318804,-0.829918623,-0.407344818,-0.114585042,-0.0596355125,-0.623986244,-0.805648148,0.756717741,1.1969589,-0.184027076,-0.517234027,-0.125630632,-0.0399202406,-0.716925859,-1.20583236,-0.16715458,1.43526709,0.0238113683,-0.551693916,-0.110526666,0,-0.79118371,-1.47728431,-1.01108789,0.969825268,-0.264507711,-0.631733954,-0.0489115976,0,-0.682535589,-1.06700528,0.622196496,0.449652672,-1.5016439,-0.82575953,0,-0.0533790924,1.521016,1.0858748,1.35087121,-0.587549329,-1.4814651,-0.800828636,-0.0942896381,-0.0425597429,4.58850622,1.47541523,1.23817647,0.668674052,0.192183971,-0.13595207,-0.208661944,-0.0282166321,-0.296499252,-0.318559766,-0.258292317,0.660672605,1.58321595,1.95356703,-0.199069589,2
0,0.756221235,1.20131516,0.98909992,0.990595162,1.12166035,-0.407344818,-0.114585042,-0.0596355125,1.87792993,1.03395164,0.255825579,1.1969589,1.29880655,0.33786878,-0.125630632,-0.0399202406,-0.4359231,-0.853213727,0.00394746149,1.43526709,0.989323914,-0.551693916,-0.110526666,0,-0.79118371,-1.47728431,0.357350856,0.969825268,-0.601373136,-0.631733954,-0.0489115976,0,-0.682535589,-1.22470379,-1.12818217,0.788205206,0.0397858657,-0.82575953,0,-0.0533790924,-0.538130045,-1.0675199,-1.1134119,0.532434762,0.822801173,-0.800828636,-0.0942896381,-0.0425597429,-0.404258102,-0.819878042,-0.484762043,1.04814279,0.850427151,-0.7543782,-0.208661944,-0.0282166321,-0.296499252,1.65108919,0.900428057,0.865321517,-0.110200025,-0.498878568,-0.199069589,3
0,-0.32890445,-0.0561892018,0.750325441,-0.641049683,-1.00733483,-0.407344818,-0.114585042,-0.0596355125,-0.623986244,0.849991679,-1.49729693,0.155584782,-0.348786354,-0.517234027,-0.125630632,-0.0399202406,1.25009334,-0.147976398,-1.19376683,-1.15431678,0.989323914,-0.551693916,-0.110526666,0,0.828552306,-0.0162722114,-1.52425253,-1.63016486,0.0723577365,0.988305986,-0.0489115976,0,0.475678682,0.82537657,-1.44643283,-1.75093865,-0.816564023,1.47129107,0,-0.0533790924,-0.194939047,1.39350259,-1.1134119,-1.22754025,-0.772460103,1.78996634,-0.0942896381,-0.0425597429,-0.404258102,1.29885423,-0.484762043,-0.849200904,1.17954874,0.0701899752,-0.208661944,-0.0282166321,-0.296499252,-0.712489545,0.668684006,0.660672605,-0.279541612,-0.498878568,-0.199069589,0
0,-0.32890445,0.572562933,0.98909992,-1.34032607,-0.475086063,-0.407344818,-0.114585042,-0.0596355125,0.00149279006,0.482071757,-1.74774301,-0.0526900552,0.969287932,-0.517234027,-0.125630632,-0.0399202406,0.407085121,0.733570218,-1.02266479,0.302324146,1.3111614,-0.551693916,-0.110526666,0,-0.79118371,0.470731825,0.699460566,-0.330169797,0.914521337,-0.631733954,-0.0489115976,0,-0.682535589,-1.22470379,-0.969056785,-1.75093865,0.382325828,-0.251496881,0,-0.0533790924,-0.538130045,-1.0675199,-1.1134119,-1.22754025,0.645549893,-0.329775035,-0.0942896381,-0.0425597429,-0.404258102,-0.643316984,-1.63338768,-1.79787278,0.850427151,-0.548236191,-0.208661944,-0.0282166321,-0.296499252,0.0753700212,0.668684006,0.865321517,0.567166388,-0.498878568,-0.199069589,9
0,5.09672403,2.24923539,0.0340020917,-2.50578666,-1.00733483,-0.407344818,-0.114585042,-0.0596355125,0.939711332,0.666031718,0.756717741,-0.469239712,-1.33734202,-0.517234027,-0.125630632,-0.0399202406,-0.716925859,-1.73476028,1.20166171,0.464173138,-1.26353872,-0.551693916,-0.110526666,0,-0.79118371,-1.15261495,1.21262515,-0.492669165,-1.27510405,-0.631733954,-0.0489115976,0,-0.682535589,-0.120814353,1.09957254,-1.24310982,-1.5016439,-0.82575953,0,-0.0533790924,0.148251966,1.0858748,0.426765025,-1.22754025,-1.4814651,-0.800828636,-0.0942896381,-0.0425597429,5.69800949,1.47541523,-0.101886839,-0.279997826,-0.136937618,-0.13595207,-0.208661944,-0.0282166321,8.22234726,2.04501891,0.900428057,0.865321517,1.58321595,0.482099682,-0.199069589,2
0,-0.32890445,-0.475357324,0.511551023,0.990595162,1.476493,-0.407344818,-0.114585042,-0.0596355125,0.31423232,0.298111767,1.00716376,-0.469239712,-1.17258275,-0.517234027,-0.125630632,-0.0399202406,3.4981153,1.08618891,0.859457612,-1.15431678,-1.26353872,-0.551693916,-0.110526666,0,2.44828844,1.12007058,1.21262515,-0.330169797,-1.27510405,-0.631733954,-0.0489115976,0,-0.682535589,-0.120814353,0.303945839,0.788205206,-1.33037388,-0.82575953,0,-0.0533790924,-0.538130045,-1.0675199,-0.0352880657,1.33242333,-1.30421388,-0.800828636,-0.0942896381,-0.0425597429,-0.404258102,0.0629270747,1.04673874,1.23787713,-1.12430239,-0.7543782,-0.208661944,-0.0282166321,-0.296499252,-0.318559766,0.900428057,-0.567221105,-1.12624967,-0.498878568,-0.199069589,5
0,-0.32890445,-1.10410953,-1.6374191,-0.641049683,-1.00733483,-0.407344818,-0.114585042,-0.0596355125,-0.623986244,-1.54148805,0.50627166,0.780409276,-1.00782347,-0.517234027,-0.125630632,-0.0399202406,-0.716925859,-0.67690438,1.20166171,0.62602216,0.66748637,-0.551693916,-0.110526666,0,0.180657908,0.957735896,-1.01108789,0.157328367,0.409223169,-0.631733954,-0.0489115976,0,1.63389289,0.509979606,-1.44643283,0.449652672,0.211055845,-0.251496881,0,-0.0533790924,2.89377999,1.39350259,1.35087121,1.33242333,1.17730367,-0.0942482054,-0.0942896381,-0.0425597429,-0.404258102,-0.643316984,0.0895507634,1.04814279,-1.45342398,-0.7543782,-0.208661944,-0.0282166321,-0.296499252,-1.10641932,-0.95352453,-0.567221105,-1.12624967,-0.498878568,-0.199069589,4
0,-0.32890445,0.153394848,0.511551023,0.990595162,0.944244146,-0.407344818,-0.114585042,-0.0596355125,1.25245082,0.666031718,-1.24685085,-1.30233908,1.29880655,0.622903049,-0.125630632,-0.0399202406,1.25009334,-0.500595033,-1.19376683,-0.345071852,1.3111614,0.0741898865,-0.110526666,0,-0.79118371,-1.47728431,0.870515406,0.969825268,-0.432940423,-0.631733954,-0.0489115976,0,-0.682535589,-1.22470379,-0.809931457,0.449652672,0.382325828,-0.82575953,0,-0.0533790924,-0.538130045,-1.0675199,-1.1134119,-1.22754025,0.468298674,1.08338594,-0.0942896381,-0.0425597429,-0.404258102,-1.3495611,-1.44195008,-1.0389353,0.192183971,1.71932638,-0.208661944,-0.0282166321,-0.296499252,0.666264713,0.900428057,0.865321517,0.736508012,0.236855134,-0.199069589,3
0,-0.32890445,-1.10410953,0.272776544,-0.874141812,-1.00733483,-0.407344818,-0.114585042,-0.0596355125,-0.623986244,-1.54148805,0.756717741,-1.9271636,-1.33734202,-0.517234027,-0.125630632,-0.0399202406,-0.716925859,0.204642251,0.517253578,-1.15431678,0.0238113683,0.0741898865,-0.110526666,0,0.504605114,1.12007058,-0.668978274,0.157328367,1.41981947,1.52831924,-0.0489115976,0,1.34433937,1.29847205,1.09957254,0.957481444,1.23867571,0.0356344357,0,-0.0533790924,0.148251966,0.932060838,0.272747338,1.33242333,0.645549893,-0.800828636,-0.0942896381,-0.0425597429,-0.404258102,-1.3495611,-0.484762043,1.23787713,-0.466059208,-0.7543782,-0.208661944,-0.0282166321,-0.296499252,-1.10641932,0.205195829,0.660672605,-0.956908047,-0.498878568,-0.199069589,4
0,0.756221235,2.03965139,0.98909992,-1.80651033,-1.00733483,-0.407344818,-0.114585042,-0.0596355125,2.19066954,1.03395164,-0.245066568,0.780409276,-1.33734202,-0.517234027,-0.125630632,-0.0399202406,2.65510702,0.0283329226,-0.338256598,1.43526709,-1.26353872,-0.551693916,-0.110526666,0,0.504605114,-0.340941578,-0.155813694,0.482327133,-1.27510405,-0.631733954,-0.0489115976,0,-0.682535589,-1.06700528,0.940447152,-0.73528111,-1.5016439,-0.82575953,0,-0.0533790924,-0.538130045,-0.298450351,1.35087121,-0.907544732,-1.4814651,-0.800828636,-0.0942896381,-0.0425597429,1.81474817,1.29885423,0.855301201,0.0994709209,0.356744766,1.71932638,0.762775302,-0.0282166321,-0.296499252,1.45412421,0.900428057,0.865321517,1.41387439,2.19881153,0.309528947,2
0,-0.32890445,-0.265773267,0.750325441,0.990595162,0.944244146,-0.407344818,-0.114585042,-0.0596355125,-0.623986244,-0.621688128,-0.745958686,-0.2609649,1.29880655,-0.517234027,-0.125630632,-0.0399202406,-0.716925859,-1.73476028,-1.19376683,-0.506920815,0.828405142,-0.551693916,-0.110526666,0,-0.79118371,-1.31494963,0.0152411638,0.8073259,1.41981947,2.06833267,-0.0489115976,0,-0.682535589,0.82537657,0.940447152,0.957481444,-0.131484106,-0.251496881,0,-0.0533790924,-0.538130045,-0.606078148,-0.0352880657,0.852430165,-1.4814651,-0.800828636,-0.0942896381,-0.0425597429,-0.404258102,-1.1730001,0.663863599,-1.0389353,-1.45342398,-0.7543782,-0.208661944,-0.0282166321,-0.296499252,0.0753700212,-0.258292317,-2.40906167,-1.12624967,-0.498878568,-0.199069589,7
0,-0.32890445,-1.10410953,0.0340020917,0.990595162,-0.829918623,-0.407344818,-0.114585042,-0.0596355125,-0.623986244,-1.17356813,1.00716376,0.155584782,-1.33734202,-0.517234027,-0.125630632,-0.0399202406,-0.716925859,0.380951583,1.37276375,-0.992467821,-1.26353872,-0.551693916,-0.110526666,0,-0.79118371,0.957735896,0.699460566,-0.330169797,-0.601373136,-0.631733954,-0.0489115976,0,0.186125115,1.29847205,0.940447152,0.111100167,1.0674057,1.18415976,0,-0.0533790924,0.148251966,1.23968863,0.426765025,-1.22754025,-0.772460103,2.73207355,14.7209692,-0.0425597429,-0.404258102,0.0629270747,0.472425967,-1.0389353,-0.466059208,2.54389453,4.64852428,-0.0282166321,-0.296499252,-0.909454465,-0.258292317,0.865321517,1.58321595,2.68930078,-0.199069589,6
0,-0.32890445,0.362978905,0.750325441,0.291318804,-1.00733483,-0.407344818,-0.114585042,-0.0596355125,2.19066954,1.03395164,0.756717741,1.1969589,-0.513545632,-0.517234027,-0.125630632,-0.0399202406,2.65510702,1.08618891,-0.338256598,1.27341807,-0.298026145,-0.551693916,-0.110526666,0,-0.79118371,-0.340941578,-1.18214285,0.482327133,0.240790457,-0.631733954,-0.0489115976,0,-0.682535589,-1.22470379,-1.2873075,0.957481444,-0.302754074,-0.82575953,0,-0.0533790924,-0.538130045,-1.0675199,-0.189305753,1.33242333,-0.772460103,-0.800828636,-0.0942896381,-0.0425597429,-0.404258102,-1.1730001,1.04673874,1.23787713,0.521305561,2.33775258,6.59139872,-0.0282166321,-0.296499252,-0.121594876,0.900428057,0.456023633,0.905849576,2.44405627,5.39551401,2
0,-0.32890445,-0.475357324,0.511551023,0.757503033,0.589411557,-0.407344818,-0.114585042,-0.0596355125,-0.623986244,-0.0698082,1.00716376,1.1969589,0.804528654,-0.517234027,-0.125630632,-0.0399202406,-0.154920369,0.557260871,1.5438658,1.43526709,-0.619863689,-0.551693916,-0.110526666,0,-0.79118371,0.470731825,1.21262515,0.969825268,-0.601373136,-0.631733954,-0.0489115976,0,-0.103428438,0.82537657,1.09957254,0.957481444,-0.816564023,-0.82575953,0,-0.0533790924,-0.538130045,0.778246939,1.35087121,1.33242333,-0.772460103,-0.800828636,-0.0942896381,-0.0425597429,-0.404258102,-0.290194958,1.23817647,1.23787713,1.17954874,0.482474059,-0.208661944,-0.0282166321,-0.296499252,-0.712489545,-0.490036398,0.865321517,1.58321595,-0.00838943198,-0.199069589,1
0,-0.32890445,1.41089916,0.98909992,0.0582266748,-1.00733483,-0.407344818,-0.114585042,-0.0596355125,0.31423232,1.03395164,0.00537951011,1.1969589,-0.843064249,-0.517234027,-0.125630632,-0.0399202406,-0.4359231,-0.324285716,-0.509358644,1.43526709,-0.780782402,-0.551693916,-0.110526666,0,-0.79118371,-1.47728431,-0.326868534,0.969825268,-1.10667133,-0.631733954,-0.0489115976,0,-0.682535589,-1.22470379,0.144820511,0.280376405,-1.5016439,-0.82575953,0,-0.0533790924,-0.538130045,-0.452264249,1.35087121,-0.907544732,-1.4814651,-0.800828636,-0.0942896381,-0.0425597429,-0.404258102,0.592610121,1.04673874,-0.279997826,-0.136937618,-0.342094123,-0.208661944,-0.0282166321,-0.296499252,1.25715935,0.900428057,0.865321517,0.905849576,-0.253634006,-0.199069589,2
0,-0.32890445,-0.894525409,0.272776544,0.757503033,0.411995322,-0.407344818,-0.114585042,-0.0596355125,-0.623986244,0.114151776,0.50627166,-0.469239712,1.13404715,-0.517234027,-0.125630632,-0.0399202406,-0.154920369,1.08618891,-0.680460691,-1.15431678,0.828405142,0.0741898865,-0.110526666,0,0.828552306,0.957735896,-1.52425253,-1.63016486,0.409223169,0.718299329,-0.0489115976,0,0.186125115,0.352281094,-1.44643283,-1.75093865,0.211055845,0.609897077,0,-0.0533790924,0.491442949,0.932060838,-1.1134119,-1.06754243,1.17730367,-0.0942482054,-0.0942896381,-0.0425597429,-0.404258102,0.769171178,0.0895507634,0.289205283,0.356744766,-0.7543782,-0.208661944,-0.0282166321,-0.296499252,-0.909454465,-0.0265482478,-0.157923222,-0.448883235,-0.498878568,-0.199069589,0
0,-0.32890445,-0.684941351,0.750325441,-1.80651033,-1.00733483,-0.407344818,-0.114585042,-0.0596355125,-0.623986244,0.114151776,0.255825579,-2.13543844,-1.33734202,-0.517234027,-0.125630632,-0.0399202406,-0.716925859,1.08618891,-0.16715458,-1.15431678,-1.26353872,-0.551693916,-0.110526666,0,0.180657908,1.12007058,-0.326868534,-1.63016486,-1.27510405,-0.631733954,-0.0489115976,0,0.475678682,1.29847205,1.09957254,0.788205206,-0.645294011,-0.82575953,0,-0.0533790924,0.834633946,1.39350259,-0.343323469,-0.74754703,0.822801173,0.847859085,-0.0942896381,-0.0425597429,0.150493473,1.12229323,-0.101886839,-1.79787278,-0.136937618,1.92546833,-0.208661944,-0.0282166321,-0.296499252,-0.712489545,0.205195829,0.865321517,1.58321595,1.4630779,-0.199069589,6
0,0.756221235,1.62048328,0.98909992,0.990595162,-0.120253511,-0.407344818,-0.114585042,-0.0596355125,1.56519043,-0.0698082,-1.99818909,-0.0526900552,0.639769375,-0.517234027,-0.125630632,-0.0399202406,-0.716925859,-1.73476028,-1.19376683,0.62602216,-0.137107387,-0.551693916,-0.110526666,0,-0.79118371,-1.47728431,-1.18214285,0.8073259,-0.938238621,-0.631733954,-0.0489115976,0,-0.682535589,-1.22470379,0.463071167,-0.566004872,-1.5016439,-0.82575953,0,-0.0533790924,-0.538130045,-0.144636467,0.734800398,-1.06754243,-1.4814651,-0.800828636,-0.0942896381,-0.0425597429,-0.404258102,1.47541523,-1.25051248,-1.60813844,-0.630620003,-0.13595207,-0.208661944,-0.0282166321,0.768356621,1.84805405,0.900428057,0.865321517,1.41387439,0.236855134,-0.199069589,2
0,-0.32890445,-1.10410953,-0.68232125,0.291318804,0.766827881,-0.103828259,-0.114585042,-0.0596355125,-0.623986244,-0.253768176,0.00537951011,-1.30233908,1.13404715,0.907937288,-0.125630632,-0.0399202406,-0.716925859,1.08618891,-0.509358644,-1.15431678,0.66748637,0.700073719,-0.110526666,0,0.180657908,0.957735896,0.0152411638,-1.1426667,1.08295405,-0.361727297,-0.0489115976,0,-0.682535589,-0.909306765,-0.0143048232,0.957481444,0.211055845,-0.82575953,0,-0.0533790924,-0.538130045,-1.0675199,-0.497341156,1.01242793,1.17730367,-0.329775035,-0.0942896381,-0.0425597429,-0.404258102,-1.3495611,0.0895507634,-0.279997826,0.850427151,-0.13595207,-0.208661944,-0.0282166321,-0.296499252,-1.10641932,-0.490036398,0.865321517,0.905849576,-0.498878568,-0.199069589,8
0,-0.32890445,0.362978905,0.98909992,0.757503033,-0.297669798,-0.407344818,-0.114585042,-0.0596355125,-0.623986244,-1.35752809,0.255825579,-1.30233908,-1.00782347,-0.517234027,-0.125630632,-0.0399202406,-0.716925859,-0.147976398,0.346151531,-1.15431678,-1.26353872,-0.551693916,-0.110526666,0,-0.79118371,0.795401216,-0.326868534,-1.63016486,-1.27510405,-0.631733954,-0.0489115976,0,-0.682535589,0.82537657,1.09957254,0.449652672,-1.15910399,-0.82575953,0,-0.0533790924,-0.538130045,-1.0675199,-0.497341156,0.532434762,-0.0634551048,-0.800828636,-0.0942896381,-0.0425597429,-0.404258102,-1.3495611,-1.63338768,0.668674052,-0.466059208,-0.7543782,-0.208661944,-0.0282166321,-0.296499252,0.0753700212,0.900428057,0.456023633,-1.12624967,-0.498878568,-0.199069589,5
0,-0.32890445,-0.0561892018,0.511551023,0.990595162,1.83132553,0.503204882,-0.114585042,-0.0596355125,-0.623986244,-0.621688128,1.00716376,1.1969589,1.29880655,0.907937288,-0.125630632,-0.0399202406,-0.716925859,-1.73476028,-1.19376683,0.140475139,1.3111614,-0.551693916,-0.110526666,0,-0.79118371,-0.0162722114,0.870515406,0.969825268,1.41981947,2.8783524,-0.0489115976,0,-0.103428438,1.29847205,1.09957254,0.788205206,-0.302754074,-0.538628221,0,-0.0533790924,-0.538130045,-0.913705945,1.04283583,0.37243703,-1.4814651,-0.800828636,-0.0942896381,-0.0425597429,-0.404258102,-0.819878042,1.23817647,-0.849200904,-1.45342398,-0.7543782,-0.208661944,-0.0282166321,-0.296499252,0.272334903,0.205195829,-2.40906167,-1.12624967,-0.498878568,-0.199069589,7
0,-0.32890445,-1.10410953,-2.5925169,0.990595162,-0.475086063,-0.407344818,-0.114585042,-0.0596355125,-0.623986244,-1.90940797,-0.495512635,0.155584782,-1.33734202,-0.517234027,-0.125630632,-0.0399202406,-0.716925859,-1.55845106,1.20166171,-0.668769836,-1.26353872,-0.551693916,-0.110526666,0,-0.79118371,-0.340941578,0.528405726,-1.63016486,-0.769805908,1.7983259,-0.0489115976,0,-0.682535589,0.983075023,-1.12818217,-1.75093865,0.211055845,1.18415976,0,-0.0533790924,1.521016,0.932060838,-0.343323469,0.532434762,1.00005245,-0.565301836,-0.0942896381,-0.0425597429,5.69800949,1.47541523,1.23817647,1.23787713,0.0276231728,-0.7543782,-0.208661944,-0.0282166321,0.768356621,-0.712489545,-2.57573318,0.456023633,-0.956908047,-0.498878568,-0.199069589,4
0,-0.32890445,-1.10410953,-1.15987015,-0.174865454,-1.00733483,-0.407344818,-0.114585042,-0.0596355125,-0.623986244,-1.72544801,1.00716376,-0.0526900552,-1.33734202,-0.517234027,-0.125630632,-0.0399202406,-0.716925859,-0.500595033,0.688355625,-1.15431678,-1.26353872,-0.551693916,-0.110526666,0,-0.79118371,0.308397144,-0.155813694,-1.46766543,-1.10667133,-0.631733954,-0.0489115976,0,-0.682535589,0.667678058,1.09957254,0.957481444,1.0674057,0.609897077,0,-0.0533790924,-0.538130045,1.0858748,0.580782712,-1.22754025,-1.30421388,2.73207355,-0.0942896381,-0.0425597429,-0.404258102,-0.290194958,0.280988365,-1.60813844,-0.959741592,2.13161039,1.73421252,-0.0282166321,-0.296499252,-1.10641932,-0.95352453,0.865321517,1.58321595,1.2178334,-0.199069589,6
0,-0.32890445,-1.10410953,-2.83129144,-0.874141812,0.766827881,-0.407344818,-0.114585042,-0.0596355125,-0.623986244,-1.90940797,-2.9999733,0.572134435,-0.348786354,-0.517234027,-0.125630632,-0.0399202406,-0.716925859,-1.73476028,-0.338256598,0.949720144,-1.26353872,-0.551693916,-0.110526666,0,-0.79118371,-1.15261495,0.870515406,-1.1426667,0.409223169,2.06833267,-0.0489115976,0,-0.392982006,0.983075023,0.940447152,-0.0581760854,1.23867571,0.897028387,0,-0.0533790924,4.26654387,1.0858748,0.734800398,1.17242563,1.35455489,-0.329775035,-0.0942896381,-0.0425597429,1.25999665,-1.3495611,-1.82482529,-0.279997826,0.850427151,-0.7543782,-0.208661944,-0.0282166321,-0.296499252,-1.10641932,-2.80747724,-1.38581693,0.567166388,-0.498878568,-0.199069589,4
0,-0.32890445,0.153394848,0.511551023,-0.641049683,-0.120253511,0.1996883,-0.114585042,-0.0596355125,1.56519043,0.849991679,-1.49729693,-1.71888876,0.639769375,1.76304007,-0.125630632,-0.0399202406,0.688087881,0.909879565,-0.851562738,0.140475139,1.15024269,-0.238752022,-0.110526666,0,-0.467236519,0.470731825,0.870515406,0.969825268,-0.601373136,-0.631733954,-0.0489115976,0,-0.682535589,-1.06700528,1.09957254,0.111100167,-1.5016439,-0.82575953,0,-0.0533790924,-0.538130045,-0.452264249,0.426765025,1.33242333,-0.949711382,-0.800828636,-0.0942896381,-0.0425597429,-0.404258102,0.239488095,-1.44195008,0.668674052,-0.136937618,-0.7543782,-0.208661944,-0.0282166321,-0.296499252,-0.121594876,0.436939895,-0.157923222,-0.618224859,-0.498878568,-0.199069589,8
0,-0.32890445,-0.684941351,0.272776544,-2.73887897,-1.00733483,-0.407344818,-0.114585042,-0.0596355125,-0.623986244,0.298111767,0.00537951011,-2.13543844,-1.33734202,-0.517234027,-0.125630632,-0.0399202406,-0.154920369,1.08618891,-0.851562738,-1.15431678,-1.26353872,-0.551693916,-0.110526666,0,0.504605114,0.795401216,-0.155813694,-0.492669165,-0.938238621,-0.631733954,-0.0489115976,0,1.63389289,1.14077353,0.463071167,0.449652672,1.0674057,-0.251496881,0,-0.0533790924,0.148251966,1.23968863,-0.959394217,-1.22754025,-0.240706354,1.78996634,-0.0942896381,-0.0425597429,-0.404258102,0.945732176,-0.293324441,-0.849200904,0.685866356,1.10090017,-0.208661944,-0.0282166321,-0.296499252,-0.712489545,0.205195829,0.865321517,0.736508012,-0.253634006,-0.199069589,6
0,-0.32890445,-0.894525409,0.511551023,-1.34032607,-1.00733483,-0.407344818,-0.114585042,-0.0596355125,-0.623986244,-0.621688128,1.00716376,-1.9271636,-1.33734202,-0.517234027,-0.125630632,-0.0399202406,-0.716925859,0.557260871,0.517253578,-1.15431678,-1.26353872,-0.551693916,-0.110526666,0,-0.79118371,0.795401216,-0.326868534,-1.63016486,-1.27510405,-0.631733954,-0.0489115976,0,0.186125115,1.29847205,0.144820511,-0.396728605,-0.987833977,-0.82575953,0,-0.0533790924,-0.538130045,1.39350259,0.888818085,0.692432463,1.00005245,0.847859085,-0.0942896381,-0.0425597429,-0.404258102,1.12229323,-0.101886839,-1.0389353,0.356744766,1.92546833,-0.208661944,-0.0282166321,-0.296499252,-0.712489545,-0.0265482478,0.865321517,0.905849576,0.482099682,-0.199069589,6
0,-0.32890445,0.153394848,0.0340020917,0.291318804,0.0571627617,-0.407344818,-0.114585042,-0.0596355125,1.25245082,1.03395164,-0.745958686,0.363859624,1.29880655,0.0528345145,-0.125630632,-0.0399202406,1.25009334,1.08618891,0.346151531,1.27341807,0.828405142,-0.551693916,-0.110526666,0,-0.79118371,0.308397144,1.04157031,0.969825268,-0.601373136,-0.631733954,-0.0489115976,0,-0.682535589,-1.22470379,0.463071167,-0.0581760854,-1.5016439,-0.82575953,0,-0.0533790924,-0.538130045,-0.606078148,1.35087121,-0.587549329,-1.4814651,-0.800828636,-0.0942896381,-0.0425597429,-0.404258102,-1.1730001,1.23817647,-1.41840398,-1.45342398,-0.7543782,-0.208661944,-0.0282166321,-0.296499252,0.0753700212,-0.258292317,-2.40906167,-1.12624967,-0.498878568,-0.199069589,9
0,0.756221235,0.991731048,0.272776544,-2.27269459,-1.00733483,-0.407344818,-0.114585042,-0.0596355125,2.50340891,1.03395164,1.00716376,0.363859624,-1.33734202,-0.517234027,-0.125630632,-0.0399202406,1.81209886,-0.147976398,0.175049499,1.43526709,-1.26353872,-0.551693916,-0.110526666,0,-0.79118371,-1.47728431,-0.497923404,0.969825268,-0.938238621,-0.631733954,-0.0489115976,0,-0.682535589,-1.06700528,0.303945839,0.788205206,-1.5016439,-0.82575953,0,-0.0533790924,-0.538130045,-0.452264249,1.35087121,0.852430165,-1.12696266,-0.800828636,-0.0942896381,-0.0425597429,-0.404258102,1.12229323,1.23817647,1.23787713,1.17954874,1.92546833,-0.208661944,-0.0282166321,-0.296499252,0.666264713,0.205195829,-0.157923222,0.567166388,1.70832253,-0.199069589,2
0,-0.32890445,-0.0561892018,0.750325441,0.524410903,1.29907668,0.1996883,-0.114585042,-0.0596355125,-0.623986244,0.298111767,0.756717741,-0.2609649,-0.184027076,-0.232199743,-0.125630632,-0.0399202406,0.688087881,1.08618891,0.175049499,-1.15431678,-1.26353872,-0.551693916,-0.110526666,0,2.12434125,1.12007058,1.21262515,-0.492669165,-1.27510405,-0.631733954,-0.0489115976,0,1.05478585,0.667678058,0.781321824,-0.566004872,-1.5016439,-0.82575953,0,-0.0533790924,-0.538130045,-1.0675199,0.580782712,-0.267553866,-1.4814651,-0.800828636,-0.0942896381,-0.0425597429,-0.404258102,-0.99643904,1.23817647,-1.22866964,-1.45342398,-0.7543782,-0.208661944,-0.0282166321,-0.296499252,0.272334903,0.436939895,-2.40906167,-1.12624967,-0.498878568,-0.199069589,5
0,-0.32890445,-1.10410953,-2.83129144,0.0582266748,1.29907668,-0.103828259,-0.114585042,-0.0596355125,-0.623986244,-1.90940797,-0.996404767,1.1969589,1.13404715,0.0528345145,-0.125630632,-0.0399202406,-0.716925859,0.0283329226,1.5438658,1.43526709,0.66748637,-0.551693916,-0.110526666,0,0.504605114,1.12007058,1.21262515,0.969825268,0.914521337,-0.631733954,-0.0489115976,0,0.475678682,-0.120814353,-0.809931457,0.957481444,-0.474024057,-0.82575953,0,-0.0533790924,-0.538130045,-1.0675199,-0.959394217,1.33242333,-0.0634551048,-0.800828636,-0.0942896381,-0.0425597429,-0.404258102,-1.3495611,-1.63338768,1.23787713,-0.136937618,-0.7543782,-0.208661944,-0.0282166321,-0.296499252,-1.10641932,-2.80747724,0.0467257351,0.905849576,-0.498878568,-0.199069589,1
0,-0.32890445,-0.0561892018,0.750325441,-1.57341826,-1.00733483,-0.407344818,-0.114585042,-0.0596355125,-0.623986244,0.298111767,-0.245066568,0.572134435,-0.0192677919,-0.517234027,-0.125630632,-0.0399202406,-0.716925859,0.204642251,0.346151531,0.464173138,1.3111614,-0.551693916,-0.110526666,0,-0.79118371,-0.99028033,1.04157031,0.969825268,1.41981947,-0.361727297,-0.0489115976,0,-0.682535589,-1.22470379,-1.44643283,-1.75093865,0.896135747,0.897028387,0,-0.0533790924,-0.538130045,-1.0675199,-1.1134119,-1.22754025,0.822801173,1.08338594,-0.0942896381,-0.0425597429,-0.404258102,-0.290194958,-1.25051248,-1.79787278,0.850427151,0.482474059,-0.208661944,-0.0282166321,-0.296499252,-0.712489545,0.205195829,0.865321517,1.41387439,0.236855134,-0.199069589,9
0,-0.32890445,1.62048328,0.98909992,-0.174865454,-1.00733483,-0.407344818,-0.114585042,-0.0596355125,0.00149279006,1.03395164,-0.245066568,1.1969589,-0.678304911,-0.517234027,-0.125630632,-0.0399202406,-0.716925859,0.733570218,0.346151531,1.27341807,0.184730127,-0.551693916,-0.110526666,0,-0.79118371,-1.47728431,-1.18214285,0.969825268,0.0723577365,-0.631733954,-0.0489115976,0,-0.682535589,-1.22470379,-0.809931457,0.957481444,-0.816564023,-0.82575953,0,-0.0533790924,-0.538130045,-1.0675199,0.272747338,1.33242333,-1.30421388,-0.800828636,-0.0942896381,-0.0425597429,-0.404258102,0.239488095,1.23817647,1.04814279,-0.136937618,1.51318431,4.64852428,-0.0282166321,-0.296499252,0.666264713,-0.0265482478,0.251374692,1.58321595,3.42503452,5.39551401,2
0,-0.32890445,-1.10410953,-0.921095729,0.757503033,-0.652502358,-0.407344818,-0.114585042,-0.0596355125,-0.623986244,-0.805648148,1.00716376,-1.09406424,-1.33734202,-0.517234027,-0.125630632,-0.0399202406,-0.716925859,0.380951583,0.175049499,-1.15431678,-1.26353872,-0.551693916,-0.110526666,0,-0.79118371,0.633066535,-0.497923404,-1.63016486,-1.27510405,-0.631733954,-0.0489115976,0,-0.682535589,0.667678058,0.463071167,0.957481444,0.896135747,-0.82575953,0,-0.0533790924,-0.538130045,1.0858748,1.19685352,-0.267553866,-0.0634551048,1.78996634,-0.0942896381,-0.0425597429,1.25999665,0.769171178,0.855301201,-0.849200904,0.192183971,1.92546833,-0.208661944,-0.0282166321,-0.296499252,-1.10641932,-0.721780479,0.865321517,1.07519114,0.727344275,-0.199069589,6
0,-0.32890445,0.572562933,0.750325441,0.757503033,-0.652502358,-0.407344818,-0.114585042,-0.0596355125,0.00149279006,1.03395164,0.255825579,0.363859624,0.310250789,-0.517234027,-0.125630632,-0.0399202406,0.126082376,0.909879565,-1.02266479,0.302324146,0.506567657,-0.551693916,-0.110526666,0,-0.79118371,-1.47728431,-1.35319769,0.8073259,0.0723577365,-0.631733954,-0.0489115976,0,-0.682535589,-1.22470379,0.144820511,0.449652672,-1.33037388,-0.82575953,0,-0.0533790924,-0.538130045,0.162991345,1.35087121,-0.107556142,-1.4814651,-0.800828636,-0.0942896381,-0.0425597429,2.92425132,1.47541523,1.23817647,0.668674052,-0.301498413,0.482474059,0.762775302,-0.0282166321,-0.296499252,0.272334903,-1.64875674,0.0467257351,1.58321595,3.17978978,0.818127453,2
0,-0.32890445,-0.475357324,0.272776544,0.524410903,-0.297669798,-0.407344818,-0.114585042,-0.0596355125,-0.623986244,0.849991679,-0.996404767,-0.677514553,0.475010067,-0.517234027,-0.125630632,-0.0399202406,-0.716925859,1.08618891,-1.19376683,-1.15431678,0.506567657,0.38713181,-0.110526666,0,-0.79118371,0.146062478,-0.497923404,0.644826531,1.08295405,-0.361727297,-0.0489115976,0,-0.682535589,-0.436211318,1.09957254,0.618928909,-1.33037388,-0.82575953,0,-0.0533790924,-0.538130045,0.778246939,0.426765025,0.0524415746,0.645549893,-0.800828636,-0.0942896381,-0.0425597429,-0.404258102,1.12229323,-1.25051248,-1.79787278,0.0276231728,0.894758165,-0.208661944,-0.0282166321,-0.296499252,-0.318559766,0.436939895,0.660672605,0.905849576,0.482099682,-0.199069589,8
0,-0.32890445,-0.265773267,-0.204772368,0.757503033,0.411995322,-0.407344818,-0.114585042,-0.0596355125,-0.623986244,0.482071757,1.00716376,0.155584782,0.804528654,1.47800589,-0.125630632,-0.0399202406,0.126082376,1.08618891,0.859457612,-1.15431678,-0.619863689,1.95184135,-0.110526666,0,1.15249956,1.12007058,-0.668978274,-1.63016486,-0.601373136,1.52831924,-0.0489115976,0,1.34433937,0.194582611,-1.44643283,-1.75093865,0.0397858657,1.18415976,0,-0.0533790924,0.834633946,0.470619142,-1.1134119,-0.907544732,1.17730367,-0.329775035,-0.0942896381,-0.0425597429,0.150493473,1.47541523,0.472425967,0.858408391,0.192183971,-0.7543782,-0.208661944,-0.0282166321,-0.296499252,-0.318559766,0.436939895,0.456023633,-0.956908047,-0.498878568,-0.199069589,0
0,-0.32890445,-0.684941351,0.511551023,0.757503033,-0.297669798,-0.407344818,-0.114585042,-0.0596355125,-0.623986244,-1.54148805,1.00716376,1.1969589,0.475010067,-0.517234027,-0.125630632,-0.0399202406,-0.716925859,-1.38214171,1.5438658,1.43526709,0.345648885,-0.551693916,-0.110526666,0,-0.79118371,-0.665610969,1.21262515,0.969825268,-0.0960749909,-0.631733954,-0.0489115976,0,-0.682535589,0.983075023,1.09957254,0.618928909,-1.15910399,-0.82575953,0,-0.0533790924,0.834633946,1.39350259,1.35087121,0.0524415746,-1.4814651,-0.800828636,-0.0942896381,-0.0425597429,1.25999665,1.29885423,1.23817647,-0.279997826,-1.45342398,-0.7543782,-0.208661944,-0.0282166321,-0.296499252,-0.121594876,0.668684006,0.251374692,-0.787566423,-0.498878568,-0.199069589,1
0,-0.32890445,-0.0561892018,0.511551023,-2.73887897,-1.00733483,-0.407344818,-0.114585042,-0.0596355125,-0.623986244,0.298111767,-0.745958686,-2.13543844,-1.33734202,-0.517234027,-0.125630632,-0.0399202406,-0.716925859,0.909879565,-0.680460691,-1.15431678,-1.26353872,-0.551693916,-0.110526666,0,-0.467236519,1.12007058,-1.52425253,-1.63016486,-1.27510405,-0.631733954,-0.0489115976,0,-0.392982006,1.29847205,-1.12818217,-0.566004872,-0.816564023,-0.82575953,0,-0.0533790924,0.491442949,1.39350259,1.35087121,1.33242333,1.35455489,1.31891274,-0.0942896381,-0.0425597429,-0.404258102,1.29885423,1.04673874,-1.0389353,0.192183971,2.54389453,-0.208661944,-0.0282166321,-0.296499252,-0.318559766,0.436939895,0.865321517,0.905849576,1.2178334,-0.199069589,6
0,-0.32890445,-1.10410953,-0.921095729,0.291318804,-0.652502358,-0.407344818,-0.114585042,-0.0596355125,-0.623986244,-0.253768176,1.00716376,0.572134435,-0.843064249,-0.517234027,-0.125630632,-0.0399202406,-0.4359231,0.909879565,1.20166171,-0.992467821,-1.26353872,-0.551693916,-0.110526666,0,-0.143289298,1.12007058,0.357350856,-0.980167329,-1.10667133,-0.631733954,-0.0489115976,0,0.186125115,1.29847205,1.09957254,0.618928909,1.0674057,-0.251496881,0,-0.0533790924,0.148251966,1.39350259,0.888818085,-1.06754243,1.35455489,1.31891274,-0.0942896381,-0.0425597429,-0.404258102,0.239488095,1.04673874,-0.0902634487,1.17954874,0.688616097,-0.208661944,-0.0282166321,-0.296499252,-1.10641932,-0.95352453,0.865321517,1.07519114,-0.00838943198,-0.199069589,6
0,-0.32890445,0.572562933,0.0340020917,0.990595162,1.83132553,0.806721449,-0.114585042,-0.0596355125,-0.623986244,0.849991679,-1.49729693,-0.0526900552,-0.513545632,-0.517234027,-0.125630632,-0.0399202406,0.407085121,0.380951583,-0.851562738,0.140475139,-0.298026145,-0.551693916,-0.110526666,0,1.80039394,0.795401216,0.870515406,-0.330169797,0.914521337,0.718299329,-0.0489115976,0,0.186125115,-0.120814353,-1.44643283,-1.75093865,-0.131484106,1.47129107,0,-0.0533790924,-0.538130045,-1.0675199,-1.1134119,-1.22754025,0.645549893,-0.329775035,-0.0942896381,-0.0425597429,-0.404258102,-0.466755986,-1.44195008,-0.849200904,0.521305561,-0.7543782,-0.208661944,-0.0282166321,-0.296499252,0.272334903,0.668684006,0.660672605,-0.787566423,-0.498878568,-0.199069589,5
0,1.84134698,2.24923539,0.98909992,0.990595162,1.476493,1.11023796,-0.114585042,-0.0596355125,2.19066954,1.03395164,-0.245066568,-0.885789394,-0.0192677919,0.33786878,-0.125630632,-0.0399202406,1.81209886,1.08618891,-0.851562738,-1.15431678,-1.26353872,-0.551693916,-0.110526666,0,0.180657908,1.12007058,0.699460566,-1.46766543,-1.27510405,-0.631733954,-0.0489115976,0,-0.682535589,0.0368841328,1.09957254,0.280376405,-1.5016439,-0.82575953,0,-0.0533790924,-0.538130045,-1.0675199,0.734800398,1.33242333,-0.772460103,-0.800828636,-0.0942896381,-0.0425597429,-0.404258102,-1.1730001,0.280988365,1.23787713,-0.466059208,-0.7543782,-0.208661944,-0.0282166321,3.96292424,2.04501891,0.900428057,-0.771870077,-1.12624967,-0.498878568,-0.199069589,5
0,-0.32890445,-0.684941351,0.511551023,-0.407957584,-1.00733483,-0.407344818,-0.114585042,-0.0596355125,-0.623986244,0.298111767,-0.495512635,-2.13543844,-1.33734202,-0.517234027,-0.125630632,-0.0399202406,-0.154920369,0.909879565,-0.851562738,-1.15431678,-1.26353872,-0.551693916,-0.110526666,0,1.47644675,0.470731825,-1.35319769,-0.980167329,-0.264507711,-0.631733954,-0.0489115976,0,1.34433937,1.29847205,1.09957254,0.788205206,1.0674057,1.47129107,0,-0.0533790924,-0.538130045,1.39350259,0.888818085,-1.22754025,-0.772460103,2.02549314,-0.0942896381,-0.0425597429,-0.404258102,0.416049123,0.472425967,-1.0389353,-0.136937618,2.33775258,-0.208661944,-0.0282166321,-0.296499252,-0.712489545,-0.258292317,0.865321517,1.41387439,0.727344275,-0.199069589,6
0,-0.32890445,-1.10410953,-0.443546832,-0.641049683,-1.00733483,-0.407344818,-0.114585042,-0.0596355125,-0.623986244,-1.35752809,0.756717741,0.572134435,-0.513545632,-0.517234027,-0.125630632,-0.0399202406,-0.716925859,0.557260871,1.03055966,-0.992467821,0.828405142,-0.551693916,-0.110526666,0,-0.79118371,1.12007058,-0.326868534,-1.63016486,1.41981947,-0.631733954,-0.0489115976,0,-0.682535589,1.29847205,0.303945839,-1.24310982,1.0674057,-0.82575953,0,-0.0533790924,-0.538130045,1.0858748,-0.0352880657,1.33242333,0.645549893,-0.800828636,-0.0942896381,-0.0425597429,-0.404258102,0.239488095,0.663863599,1.04814279,-0.466059208,-0.7543782,-0.208661944,-0.0282166321,-0.296499252,-1.10641932,0.205195829,-0.362572163,-1.12624967,-0.498878568,-0.199069589,0
0,-0.32890445,-0.684941351,0.272776544,0.291318804,-0.829918623,-0.407344818,-0.114585042,-0.0596355125,-0.623986244,-0.437728167,1.00716376,0.780409276,-0.678304911,-0.517234027,-0.125630632,-0.0399202406,-0.716925859,-0.853213727,1.5438658,0.464173138,0.0238113683,0.700073719,-0.110526666,0,-0.79118371,-1.31494963,1.21262515,0.969825268,0.409223169,-0.0917206332,-0.0489115976,0,-0.103428438,1.14077353,0.622196496,0.280376405,-1.5016439,-0.82575953,0,-0.0533790924,1.17782497,0.778246939,-0.651358843,1.17242563,-1.30421388,-0.800828636,-0.0942896381,-0.0425597429,-0.404258102,1.12229323,-1.25051248,0.668674052,-0.795180798,-0.7543782,-0.208661944,-0.0282166321,-0.296499252,-0.515524685,0.668684006,0.251374692,-0.956908047,-0.498878568,-0.199069589,8
0,-0.32890445,-1.10410953,0.511551023,0.990595162,1.65390921,2.93133736,-0.114585042,-0.0596355125,-0.623986244,-1.54148805,1.00716376,1.1969589,1.29880655,2.33310866,-0.125630632,-0.0399202406,-0.716925859,-1.02952302,1.5438658,1.43526709,1.3111614,0.700073719,-0.110526666,0,-0.79118371,0.470731825,1.21262515,0.969825268,0.746088624,-0.631733954,-0.0489115976,0,-0.682535589,0.667678058,1.09957254,0.957481444,-0.474024057,-0.82575953,0,-0.0533790924,-0.538130045,1.0858748,1.35087121,1.33242333,-0.417957604,-0.800828636,-0.0942896381,-0.0425597429,-0.404258102,0.592610121,1.23817647,1.04814279,-1.12430239,-0.7543782,-0.208661944,-0.0282166321,-0.296499252,-0.909454465,0.668684006,0.660672605,-0.956908047,-0.498878568,-0.199069589,1
0,-0.32890445,-0.475357324,0.750325441,-1.80651033,-1.00733483,-0.407344818,-0.114585042,-0.0596355125,-0.623986244,-1.90940797,0.756717741,0.155584782,-1.33734202,-0.517234027,-0.125630632,-0.0399202406,-0.716925859,-1.73476028,1.37276375,1.43526709,-0.941701174,-0.551693916,-0.110526666,0,-0.79118371,-1.47728431,0.870515406,0.969825268,0.0723577365,-0.631733954,-0.0489115976,0,-0.682535589,-1.22470379,-0.332555473,0.449652672,0.896135747,-0.82575953,0,-0.0533790924,-0.538130045,-1.0675199,-1.1134119,-0.587549329,1.35455489,0.141278625,-0.0942896381,-0.0425597429,-0.404258102,-0.819878042,-0.101886839,0.668674052,1.17954874,1.71932638,4.64852428,-0.0282166321,-0.296499252,-0.515524685,0.668684006,0.865321517,1.58321595,3.42503452,7.93850708,1
0,-0.32890445,-1.10410953,-2.83129144,-0.407957584,-1.00733483,-0.407344818,-0.114585042,-0.0596355125,-0.623986244,-1.90940797,-0.495512635,-0.469239712,-1.33734202,1.76304007,-0.125630632,-0.0399202406,-0.716925859,-1.02952302,1.03055966,-0.830618858,-0.941701174,3.82949281,-0.110526666,0,-0.143289298,0.795401216,0.528405726,-0.492669165,0.0723577365,2.06833267,-0.0489115976,0,1.92344654,1.29847205,1.09957254,0.957481444,1.23867571,1.18415976,0,-0.0533790924,-0.538130045,-1.0675199,-1.1134119,-0.427551597,1.17730367,-0.565301836,-0.0942896381,-0.0425597429,-0.404258102,-1.3495611,-1.82482529,-0.279997826,0.521305561,-0.7543782,-0.208661944,-0.0282166321,-0.296499252,-1.10641932,-2.80747724,0.865321517,0.228483185,-0.498878568,-0.199069589,4
0,-0.32890445,-1.10410953,-1.87619352,0.291318804,1.29907668,-0.407344818,-0.114585042,-0.0596355125,-0.623986244,-1.90940797,-0.495512635,1.1969589,1.29880655,-0.232199743,-0.125630632,-0.0399202406,-0.716925859,-1.20583236,1.20166171,1.43526709,0.828405142,-0.551693916,-0.110526666,0,-0.79118371,-0.178606898,1.21262515,0.969825268,-0.432940423,-0.631733954,-0.0489115976,0,0.186125115,1.14077353,1.09957254,0.957481444,-0.816564023,-0.82575953,0,-0.0533790924,0.834633946,1.39350259,1.35087121,1.33242333,-0.417957604,-0.800828636,-0.0942896381,-0.0425597429,0.705245078,0.0629270747,1.04673874,1.23787713,0.0276231728,-0.7543782,-0.208661944,-0.0282166321,-0.296499252,-1.10641932,-1.88050091,0.456023633,0.905849576,-0.498878568,-0.199069589,1
0,-0.32890445,0.153394848,0.750325441,-0.641049683,-1.00733483,-0.407344818,-0.114585042,-0.0596355125,2.19066954,1.03395164,0.50627166,1.1969589,-1.17258275,-0.517234027,-0.125630632,-0.0399202406,3.21711254,0.380951583,-0.680460691,1.43526709,-0.619863689,-0.551693916,-0.110526666,0,2.12434125,0.308397144,-1.01108789,0.969825268,-0.769805908,-0.631733954,-0.0489115976,0,-0.682535589,-0.909306765,-0.0143048232,0.957481444,-1.5016439,-0.82575953,0,-0.0533790924,-0.538130045,-1.0675199,0.888818085,0.532434762,-1.4814651,-0.800828636,-0.0942896381,-0.0425597429,-0.404258102,-0.643316984,1.23817647,0.478939652,0.0276231728,1.30704224,2.70564985,-0.0282166321,-0.296499252,0.469299793,0.900428057,0.865321517,1.58321595,3.42503452,6.92130995,2
0,-0.32890445,-0.475357324,0.272776544,-0.641049683,-0.829918623,-0.407344818,-0.114585042,-0.0596355125,-0.623986244,0.482071757,0.50627166,0.988684118,0.804528654,-0.517234027,-0.125630632,-0.0399202406,-0.154920369,0.733570218,-1.02266479,-0.830618858,0.828405142,0.700073719,-0.110526666,0,0.504605114,-0.178606898,-1.52425253,-1.63016486,-0.432940423,1.52831924,-0.0489115976,0,0.475678682,0.0368841328,-1.44643283,-1.75093865,-0.816564023,1.47129107,0,-0.0533790924,0.834633946,0.470619142,-1.1134119,-1.22754025,-0.595208883,1.08338594,-0.0942896381,-0.0425597429,-0.404258102,1.12229323,0.280988365,0.0994709209,0.850427151,0.276332021,-0.208661944,-0.0282166321,-0.296499252,-0.318559766,-0.0265482478,0.251374692,0.397824794,-0.498878568,-0.199069589,0
0,1.84134698,0.991731048,0.98909992,0.0582266748,-1.00733483,-0.407344818,-0.114585042,-0.0596355125,3.12888789,0.666031718,0.00537951011,1.1969589,-0.513545632,-0.517234027,-0.125630632,-0.0399202406,-0.154920369,-1.73476028,-0.509358644,1.43526709,-0.137107387,-0.238752022,-0.110526666,0,-0.79118371,-0.82794565,1.04157031,0.969825268,1.41981947,2.06833267,-0.0489115976,0,-0.392982006,1.29847205,1.09957254,0.280376405,-0.645294011,-0.251496881,0,-0.0533790924,-0.538130045,1.23968863,0.734800398,-1.06754243,-1.4814651,-0.800828636,-0.0942896381,-0.0425597429,0.150493473,1.12229323,-1.05907488,-1.79787278,-1.45342398,-0.7543782,-0.208661944,-0.0282166321,-0.296499252,2.04501891,-2.11224484,-2.40906167,-1.12624967,-0.498878568,-0.199069589,7
0,-0.32890445,1.62048328,0.98909992,0.990595162,0.589411557,-0.407344818,-0.114585042,-0.0596355125,0.00149279006,1.03395164,-1.24685085,-0.677514553,1.29880655,-0.517234027,-0.125630632,-0.0399202406,-0.716925859,-1.02952302,-1.19376683,0.62602216,0.345648885,-0.551693916,-0.110526666,0,-0.79118371,-1.31494963,0.699460566,0.644826531,-0.769805908,-0.631733954,-0.0489115976,0,-0.682535589,-1.22470379,-0.332555473,0.788205206,0.382325828,-0.538628221,0,-0.0533790924,-0.538130045,-1.0675199,-0.959394217,-0.907544732,0.822801173,1.55443954,-0.0942896381,-0.0425597429,-0.404258102,0.0629270747,-0.101886839,-1.60813844,0.521305561,1.51318431,-0.208661944,-0.0282166321,-0.296499252,1.06019449,0.900428057,0.865321517,1.41387439,-0.253634006,-0.199069589,3
0,-0.32890445,-1.10410953,-0.443546832,-0.874141812,-1.00733483,-0.407344818,-0.114585042,-0.0596355125,-0.623986244,-0.805648148,0.50627166,-1.51061392,-1.33734202,-0.517234027,-0.125630632,-0.0399202406,-0.716925859,0.204642251,0.175049499,-1.15431678,-1.26353872,-0.551693916,-0.110526666,0,0.180657908,1.12007058,-0.155813694,-1.30516613,-1.27510405,-0.631733954,-0.0489115976,0,1.05478585,1.29847205,1.09957254,0.957481444,1.0674057,0.0356344357,0,-0.0533790924,-0.538130045,1.39350259,-0.80537653,-1.22754025,-0.0634551048,2.02549314,-0.0942896381,-0.0425597429,-0.404258102,0.592610121,0.472425967,-0.849200904,0.356744766,1.71932638,-0.208661944,-0.0282166321,-0.296499252,-0.909454465,-0.95352453,0.865321517,1.41387439,-0.00838943198,-0.199069589,6
0,-0.32890445,-1.10410953,-2.83129144,0.757503033,0.589411557,-0.407344818,-0.114585042,-0.0596355125,-0.623986244,-1.90940797,-0.996404767,1.1969589,-0.513545632,-0.517234027,-0.125630632,-0.0399202406,-0.716925859,-1.55845106,1.5438658,1.43526709,-0.458944917,-0.551693916,-0.110526666,0,-0.79118371,0.308397144,1.21262515,0.969825268,-1.10667133,-0.361727297,-0.0489115976,0,1.05478585,1.29847205,1.09957254,0.957481444,1.0674057,1.75842237,0,-0.0533790924,1.86420691,1.23968863,1.35087121,1.33242333,0.291047394,-0.565301836,-0.0942896381,-0.0425597429,-0.404258102,-1.1730001,-0.484762043,1.23787713,-1.28886318,-0.7543782,-0.208661944,-0.0282166321,-0.296499252,-1.10641932,-2.57573318,0.660672605,-0.279541612,-0.498878568,-0.199069589,4
0,-0.32890445,-1.10410953,-1.6374191,-0.174865454,-1.00733483,-0.407344818,-0.114585042,-0.0596355125,-0.623986244,-1.72544801,0.50627166,-0.2609649,-1.33734202,-0.517234027,-0.125630632,-0.0399202406,-0.716925859,-1.02952302,1.20166171,-0.992467821,-1.26353872,-0.551693916,-0.110526666,0,-0.79118371,0.146062478,-0.155813694,-1.63016486,-1.27510405,-0.631733954,-0.0489115976,0,-0.682535589,0.82537657,-0.17343016,-1.07383358,-0.474024057,-0.251496881,0,-0.0533790924,-0.538130045,0.624433041,1.35087121,0.852430165,0.645549893,2.26101995,-0.0942896381,-0.0425597429,-0.404258102,0.769171178,0.855301201,-1.0389353,-0.630620003,2.54389453,1.73421252,-0.0282166321,-0.296499252,-0.909454465,-0.95352453,0.865321517,1.07519114,1.70832253,0.309528947,6
0,-0.32890445,-0.684941351,0.511551023,0.291318804,-0.652502358,-0.407344818,-0.114585042,-0.0596355125,-0.623986244,0.114151776,1.00716376,0.988684118,0.804528654,-0.517234027,-0.125630632,-0.0399202406,-0.716925859,0.557260871,1.03055966,-0.992467821,1.3111614,0.38713181,-0.110526666,0,-0.79118371,0.470731825,0.699460566,-1.63016486,1.25138676,0.988305986,-0.0489115976,0,-0.392982006,1.29847205,-0.332555473,-1.58166242,1.23867571,0.322765768,0,-0.0533790924,-0.194939047,1.39350259,-0.343323469,0.0524415746,1.35455489,-0.565301836,-0.0942896381,-0.0425597429,-0.404258102,1.29885423,0.663863599,1.04814279,0.685866356,-0.7543782,-0.208661944,-0.0282166321,-0.296499252,-0.515524685,0.668684006,0.660672605,-0.787566423,-0.498878568,-0.199069589,0
0,-0.32890445,0.572562933,0.750325441,0.524410903,0.234579042,-0.407344818,-0.114585042,-0.0596355125,-0.623986244,0.298111767,1.00716376,0.780409276,1.29880655,-0.517234027,-0.125630632,-0.0399202406,-0.716925859,-1.20583236,1.37276375,1.11156917,0.989323914,-0.238752022,-0.110526666,0,-0.79118371,-1.47728431,0.357350856,0.969825268,-1.10667133,-0.631733954,-0.0489115976,0,-0.682535589,-0.436211318,0.781321824,0.618928909,-0.816564023,-0.82575953,0,-0.0533790924,-0.538130045,0.778246939,-0.189305753,0.0524415746,-0.0634551048,-0.800828636,-0.0942896381,-0.0425597429,0.150493473,1.47541523,-1.44195008,-0.0902634487,-0.301498413,-0.7543782,-0.208661944,-0.0282166321,-0.296499252,0.666264713,0.900428057,-0.157923222,-0.956908047,-0.498878568,-0.199069589,8
0,0.756221235,1.62048328,0.98909992,0.990595162,1.12166035,-0.407344818,-0.114585042,-0.0596355125,0.31423232,0.298111767,-1.49729693,0.155584782,0.969287932,-0.517234027,-0.125630632,-0.0399202406,-0.716925859,-1.73476028,-1.19376683,0.302324146,0.66748637,-0.551693916,-0.110526666,0,-0.467236519,-0.0162722114,1.04157031,0.969825268,1.41981947,1.7983259,-0.0489115976,0,-0.103428438,0.667678058,0.940447152,0.618928909,-0.645294011,0.609897077,0,-0.0533790924,-0.538130045,-0.298450351,1.19685352,-1.06754243,-1.4814651,-0.800828636,-0.0942896381,-0.0425597429,-0.404258102,0.592610121,-0.101886839,-1.79787278,-1.45342398,-0.7543782,-0.208661944,-0.0282166321,-0.296499252,1.84805405,-2.11224484,-2.40906167,-1.12624967,-0.498878568,-0.199069589,7
0,-0.32890445,0.572562933,0.750325441,0.990595162,0.0571627617,-0.407344818,-0.114585042,-0.0596355125,-0.623986244,0.482071757,0.255825579,0.572134435,0.804528654,-0.517234027,-0.125630632,-0.0399202406,-0.716925859,-1.38214171,-0.16715458,1.43526709,0.184730127,-0.551693916,-0.110526666,0,-0.79118371,-1.47728431,-1.01108789,0.969825268,-0.938238621,-0.631733954,-0.0489115976,0,-0.682535589,-1.22470379,-1.44643283,-0.0581760854,0.211055845,-0.82575953,0,-0.0533790924,-0.538130045,-1.0675199,-1.1134119,-0.427551597,1.17730367,-0.800828636,-0.0942896381,-0.0425597429,-0.404258102,-0.113633938,-1.05907488,0.289205283,1.17954874,-0.548236191,-0.208661944,-0.0282166321,-0.296499252,0.272334903,0.900428057,0.865321517,0.228483185,-0.498878568,-0.199069589,3
0,-0.32890445,0.153394848,0.750325441,-1.34032607,-1.00733483,-0.407344818,-0.114585042,-0.0596355125,-0.623986244,0.666031718,-0.245066568,0.572134435,-0.678304911,-0.517234027,-0.125630632,-0.0399202406,-0.716925859,0.204642251,0.00394746149,-0.0213738531,0.828405142,-0.551693916,-0.110526666,0,-0.79118371,-0.665610969,1.21262515,0.969825268,1.41981947,-0.361727297,-0.0489115976,0,-0.682535589,-1.22470379,-1.44643283,-1.75093865,0.896135747,1.18415976,0,-0.0533790924,-0.538130045,-1.0675199,-1.1134119,-1.22754025,0.291047394,2.26101995,-0.0942896381,-0.0425597429,-0.404258102,-0.99643904,0.280988365,-1.79787278,0.356744766,1.71932638,-0.208661944,-0.0282166321,-0.296499252,-0.121594876,0.900428057,0.456023633,0.397824794,0.482099682,-0.199069589,9
0,-0.32890445,-0.684941351,0.750325441,0.757503033,-0.475086063,-0.407344818,-0.114585042,-0.0596355125,-0.623986244,-0.437728167,0.50627166,1.1969589,0.475010067,-0.517234027,-0.125630632,-0.0399202406,-0.716925859,-1.73476028,-1.19376683,0.62602216,0.989323914,-0.551693916,-0.110526666,0,-0.79118371,-1.47728431,-1.52425253,0.157328367,1.08295405,0.178286016,-0.0489115976,0,-0.682535589,-0.5939098,0.463071167,0.957481444,1.23867571,1.18415976,0,-0.0533790924,-0.538130045,0.624433041,1.35087121,0.692432463,-1.30421388,-0.800828636,-0.0942896381,-0.0425597429,-0.404258102,-1.1730001,0.855301201,-0.659466565,-1.45342398,-0.7543782,-0.208661944,-0.0282166321,-0.296499252,-0.318559766,-0.0265482478,-2.2044127,-1.12624967,-0.498878568,-0.199069589,7
0,-0.32890445,0.153394848,0.98909992,0.990595162,-0.475086063,-0.407344818,-0.114585042,-0.0596355125,-0.623986244,-0.437728167,1.00716376,1.1969589,0.639769375,-0.517234027,-0.125630632,-0.0399202406,-0.716925859,-1.73476028,-0.509358644,1.27341807,0.506567657,-0.551693916,-0.110526666,0,-0.79118371,-0.503276289,1.21262515,0.969825268,1.41981947,2.8783524,-0.0489115976,0,-0.682535589,0.509979606,1.09957254,0.957481444,-0.645294011,-0.538628221,0,-0.0533790924,-0.538130045,-1.0675199,1.04283583,-0.107556142,-1.4814651,-0.800828636,-0.0942896381,-0.0425597429,-0.404258102,-0.643316984,1.23817647,-1.60813844,-1.45342398,-0.7543782,-0.208661944,-0.0282166321,-0.296499252,1.06019449,-0.258292317,-2.40906167,-1.12624967,-0.498878568,-0.199069589,7
0,-0.32890445,-0.475357324,0.272776544,-0.874141812,-1.00733483,-0.407344818,-0.114585042,-0.0596355125,0.626971841,1.03395164,1.00716376,0.780409276,-1.33734202,-0.517234027,-0.125630632,-0.0399202406,2.37410426,0.204642251,0.346151531,0.464173138,-1.26353872,-0.551693916,-0.110526666,0,1.80039394,0.795401216,1.04157031,-0.167670414,-1.27510405,-0.631733954,-0.0489115976,0,-0.682535589,-0.120814353,1.09957254,0.788205206,-0.645294011,-0.82575953,0,-0.0533790924,-0.538130045,-0.452264249,1.35087121,-0.74754703,0.822801173,1.31891274,-0.0942896381,-0.0425597429,-0.404258102,-0.466755986,1.04673874,-1.0389353,0.685866356,1.51318431,-0.208661944,-0.0282166321,-0.296499252,-0.909454465,0.668684006,0.660672605,0.228483185,-0.00838943198,-0.199069589,8
0,2.92647266,1.41089916,0.98909992,-0.641049683,-1.00733483,-0.407344818,-0.114585042,-0.0596355125,3.4416275,0.849991679,-0.996404767,0.988684118,-1.00782347,-0.517234027,-0.125630632,-0.0399202406,2.37410426,-0.67690438,-1.19376683,0.787871122,-0.619863689,-0.551693916,-0.110526666,0,-0.467236519,-1.47728431,-1.52425253,0.8073259,-0.769805908,-0.631733954,-0.0489115976,0,-0.682535589,-1.22470379,-0.809931457,0.957481444,-1.33037388,-0.82575953,0,-0.0533790924,-0.538130045,-1.0675199,0.734800398,0.532434762,-1.4814651,-0.800828636,-0.0942896381,-0.0425597429,-0.404258102,0.592610121,1.23817647,0.0994709209,-0.795180798,0.482474059,0.762775302,-0.0282166321,1.83321249,1.84805405,0.900428057,0.865321517,1.58321595,3.42503452,1.32672596,2
0,-0.32890445,-0.684941351,0.272776544,-0.874141812,0.0571627617,-0.407344818,-0.114585042,-0.0596355125,-0.623986244,-0.621688128,0.50627166,0.780409276,1.29880655,-0.517234027,-0.125630632,-0.0399202406,-0.716925859,-0.500595033,0.346151531,-0.668769836,1.3111614,0.700073719,-0.110526666,0,-0.79118371,-0.665610969,0.870515406,0.8073259,1.41981947,0.448292673,-0.0489115976,0,-0.682535589,-1.22470379,-0.969056785,-1.41238606,0.724865794,0.609897077,0,-0.0533790924,-0.538130045,-0.606078148,-1.1134119,-1.22754025,0.645549893,0.612332284,-0.0942896381,-0.0425597429,0.150493473,0.769171178,-0.676199675,-1.79787278,0.356744766,0.688616097,-0.208661944,-0.0282166321,-0.296499252,-0.515524685,-0.0265482478,0.865321517,1.58321595,-0.253634006,-0.199069589,9
0,-0.32890445,-1.10410953,-1.15987015,0.291318804,0.411995322,-0.407344818,-0.114585042,-0.0596355125,-0.623986244,-1.54148805,1.00716376,-0.469239712,1.13404715,-0.517234027,-0.125630632,-0.0399202406,-0.716925859,-1.02952302,0.859457612,0.140475139,0.506567657,-0.551693916,-0.110526666,0,-0.79118371,-1.15261495,1.21262515,0.969825268,-0.769805908,-0.631733954,-0.0489115976,0,-0.682535589,-0.436211318,1.09957254,0.957481444,-1.15910399,-0.82575953,0,-0.0533790924,0.148251966,1.39350259,-0.0352880657,0.212439299,0.468298674,-0.800828636,-0.0942896381,-0.0425597429,-0.404258102,0.239488095,0.472425967,-1.60813844,0.850427151,0.482474059,-0.208661944,-0.0282166321,-0.296499252,-1.10641932,-1.41701269,0.660672605,1.41387439,2.44405627,-0.199069589,8
0,-0.32890445,-0.684941351,0.511551023,0.291318804,0.411995322,-0.407344818,-0.114585042,-0.0596355125,-0.623986244,0.298111767,0.255825579,0.363859624,0.804528654,-0.517234027,-0.125630632,-0.0399202406,-0.716925859,0.204642251,-0.16715458,-0.183222845,1.3111614,0.700073719,-0.110526666,0,-0.79118371,-0.665610969,1.21262515,0.8073259,1.41981947,1.52831924,-0.0489115976,0,-0.682535589,-1.22470379,-1.12818217,-1.07383358,0.382325828,1.47129107,0,-0.0533790924,-0.538130045,-1.0675199,-1.1134119,-1.22754025,0.468298674,1.31891274,-0.0942896381,-0.0425597429,0.705245078,0.945732176,-0.484762043,-1.60813844,0.356744766,1.30704224,-0.208661944,-0.0282166321,-0.296499252,-0.712489545,-0.490036398,0.660672605,1.58321595,-0.00838943198,-0.199069589,9
0,-0.32890445,-1.10410953,-0.68232125,0.524410903,-0.829918623,-0.407344818,-0.114585042,-0.0596355125,-0.623986244,-1.54148805,1.00716376,-0.469239712,-1.33734202,-0.517234027,-0.125630632,-0.0399202406,-0.716925859,0.380951583,1.20166171,-0.992467821,-1.26353872,-0.551693916,-0.110526666,0,0.828552306,1.12007058,-0.840033114,-1.30516613,-1.10667133,-0.631733954,-0.0489115976,0,2.79210711,0.82537657,-1.2873075,0.618928909,-0.131484106,-0.538628221,0,6.65637302,4.95292616,1.39350259,1.35087121,1.33242333,1.17730367,-0.0942482054,-0.0942896381,-0.0425597429,2.36949968,0.0629270747,0.280988365,1.04814279,-1.28886318,-0.7543782,-0.208661944,-0.0282166321,-0.296499252,-1.10641932,-0.490036398,0.865321517,-0.618224859,-0.498878568,-0.199069589,4
0,-0.32890445,0.78214699,0.98909992,0.990595162,0.766827881,-0.407344818,-0.114585042,-0.0596355125,-0.623986244,-0.253768176,-0.745958686,-0.2609649,1.13404715,-0.517234027,-0.125630632,-0.0399202406,-0.716925859,-1.73476028,-1.19376683,-0.183222845,0.989323914,-0.551693916,-0.110526666,0,-0.79118371,-1.47728431,-1.18214285,0.8073259,-0.0960749909,-0.631733954,-0.0489115976,0,-0.682535589,-1.06700528,0.781321824,0.957481444,-0.816564023,-0.82575953,0,-0.0533790924,-0.538130045,-0.298450351,1.35087121,1.33242333,-0.0634551048,-0.800828636,-0.0942896381,-0.0425597429,-0.404258102,-1.3495611,-0.676199675,1.23787713,-0.795180798,-0.7543782,-0.208661944,-0.0282166321,-0.296499252,1.06019449,0.900428057,0.0467257351,-1.12624967,-0.498878568,-0.199069589,3
0,-0.32890445,1.20131516,0.98909992,0.0582266748,-0.652502358,-0.407344818,-0.114585042,-0.0596355125,1.56519043,1.03395164,-1.49729693,-0.0526900552,0.804528654,-0.517234027,-0.125630632,-0.0399202406,-0.716925859,-1.38214171,-1.19376683,-0.668769836,1.3111614,-0.551693916,-0.110526666,0,-0.79118371,-1.47728431,-1.01108789,0.319827735,0.240790457,-0.631733954,-0.0489115976,0,-0.682535589,-1.22470379,0.144820511,0.957481444,0.553595781,-0.82575953,0,-0.0533790924,-0.538130045,-0.606078148,-1.1134119,-0.74754703,1.17730367,0.847859085,-0.0942896381,-0.0425597429,1.25999665,1.47541523,-0.484762043,-0.659466565,0.850427151,0.894758165,-0.208661944,-0.0282166321,0.768356621,0.666264713,0.668684006,0.865321517,0.905849576,-0.253634006,-0.199069589,3
0,-0.32890445,0.78214699,0.272776544,-0.874141812,-1.00733483,-0.407344818,-0.114585042,-0.0596355125,-0.623986244,0.482071757,1.00716376,1.1969589,0.639769375,-0.517234027,-0.125630632,-0.0399202406,-0.154920369,1.08618891,0.00394746149,-0.183222845,1.15024269,0.38713181,-0.110526666,0,1.80039394,0.795401216,-1.52425253,-1.63016486,0.0723577365,0.178286016,-0.0489115976,0,0.765232265,0.983075023,-1.44643283,-1.75093865,-0.131484106,1.47129107,0,-0.0533790924,0.148251966,1.39350259,0.888818085,0.532434762,1.00005245,0.141278625,-0.0942896381,-0.0425597429,1.25999665,1.47541523,1.04673874,1.23787713,-0.466059208,-0.7543782,-0.208661944,-0.0282166321,-0.296499252,0.0753700212,0.436939895,-0.771870077,-1.12624967,-0.498878568,-0.199069589,0
0,2.92647266,2.03965139,0.750325441,-2.27269459,-1.00733483,-0.407344818,-0.114585042,-0.0596355125,1.56519043,1.03395164,1.00716376,-0.885789394,-1.33734202,-0.517234027,-0.125630632,-0.0399202406,-0.4359231,-0.147976398,1.5438658,-0.183222845,-1.26353872,-0.551693916,-0.110526666,0,-0.79118371,-0.503276289,1.21262515,-1.46766543,-1.27510405,-0.631733954,-0.0489115976,0,-0.682535589,0.352281094,0.463071167,-1.75093865,-1.5016439,-0.82575953,0,-0.0533790924,0.491442949,1.23968863,0.118729629,-1.22754025,-1.4814651,-0.800828636,-0.0942896381,-0.0425597429,4.03375435,1.47541523,0.663863599,1.04814279,1.01498795,0.276332021,-0.208661944,-0.0282166321,3.96292424,2.04501891,0.900428057,0.865321517,1.07519114,0.236855134,-0.199069589,2
0,-0.32890445,-1.10410953,0.0340020917,0.990595162,0.589411557,-0.407344818,-0.114585042,-0.0596355125,-0.623986244,-1.54148805,1.00716376,1.1969589,-0.348786354,-0.517234027,-0.125630632,-0.0399202406,-0.716925859,-1.20583236,1.5438658,1.43526709,-0.941701174,-0.551693916,-0.110526666,0,-0.79118371,-0.178606898,1.21262515,0.319827735,-1.27510405,-0.631733954,-0.0489115976,0,-0.682535589,-0.278512836,1.09957254,0.957481444,-1.5016439,-0.82575953,0,-0.0533790924,-0.538130045,0.470619142,1.35087121,1.17242563,-1.30421388,-0.800828636,-0.0942896381,-0.0425597429,-0.404258102,0.239488095,1.23817647,0.289205283,-1.45342398,-0.7543782,-0.208661944,-0.0282166321,-0.296499252,0.469299793,0.900428057,-0.362572163,-1.12624967,-0.498878568,-0.199069589,1
0,-0.32890445,-1.10410953,-2.5925169,0.990595162,-0.120253511,-0.407344818,-0.114585042,-0.0596355125,-0.623986244,-1.90940797,-1.74774301,1.1969589,0.475010067,-0.517234027,-0.125630632,-0.0399202406,-0.716925859,-1.73476028,0.859457612,1.43526709,0.506567657,-0.551693916,-0.110526666,0,1.47644675,0.470731825,1.21262515,0.969825268,-0.0960749909,-0.631733954,-0.0489115976,0,0.475678682,0.0368841328,0.463071167,0.957481444,-0.816564023,-0.82575953,0,-0.0533790924,-0.538130045,-1.0675199,0.272747338,1.33242333,-1.12696266,-0.800828636,-0.0942896381,-0.0425597429,-0.404258102,-1.3495611,0.0895507634,1.23787713,-1.12430239,-0.7543782,-0.208661944,-0.0282166321,-0.296499252,-1.10641932,-2.11224484,0.251374692,-0.279541612,-0.498878568,-0.199069589,1
0,-0.32890445,-0.475357324,-0.443546832,0.990595162,1.12166035,-0.407344818,-0.114585042,-0.0596355125,-0.623986244,0.482071757,0.00537951011,-2.13543844,-1.00782347,-0.517234027,-0.125630632,-0.0399202406,0.407085121,1.08618891,-0.851562738,-1.15431678,-1.26353872,-0.551693916,-0.110526666,0,-0.79118371,1.12007058,0.870515406,0.969825268,1.08295405,-0.0917206332,-0.0489115976,0,1.05478585,1.29847205,0.463071167,-0.904557347,1.23867571,0.609897077,0,-0.0533790924,-0.194939047,0.778246939,-0.959394217,-1.22754025,1.00005245,0.847859085,-0.0942896381,-0.0425597429,-0.404258102,-1.3495611,-1.25051248,0.668674052,0.685866356,-0.548236191,-0.208661944,-0.0282166321,-0.296499252,-0.909454465,0.205195829,-0.362572163,-0.956908047,-0.498878568,-0.199069589,5
0,0.756221235,1.20131516,0.98909992,0.757503033,1.12166035,0.503204882,-0.114585042,-0.0596355125,-0.311246723,0.482071757,1.00716376,1.1969589,0.639769375,-0.517234027,-0.125630632,-0.0399202406,-0.154920369,1.08618891,1.5438658,1.43526709,0.0238113683,-0.551693916,-0.110526666,0,-0.79118371,1.12007058,1.21262515,0.969825268,-0.938238621,-0.631733954,-0.0489115976,0,1.63389289,1.29847205,1.09957254,0.618928909,-1.5016439,-0.82575953,0,-0.0533790924,1.86420691,1.39350259,1.35087121,0.212439299,-1.4814651,-0.800828636,-0.0942896381,-0.0425597429,0.150493473,0.945732176,1.23817647,0.668674052,-1.28886318,-0.7543782,-0.208661944,-0.0282166321,-0.296499252,0.469299793,0.900428057,0.0467257351,-1.12624967,-0.498878568,-0.199069589,1
0,-0.32890445,-0.894525409,0.272776544,-0.641049683,-1.00733483,-0.407344818,-0.114585042,-0.0596355125,-0.623986244,-0.437728167,1.00716376,-1.30233908,-1.33734202,-0.517234027,-0.125630632,-0.0399202406,-0.716925859,1.08618891,0.688355625,-1.15431678,-1.26353872,-0.551693916,-0.110526666,0,-0.143289298,1.12007058,0.186296016,-1.30516613,-1.27510405,-0.631733954,-0.0489115976,0,1.34433937,1.29847205,1.09957254,0.957481444,0.211055845,-0.538628221,0,-0.0533790924,0.834633946,1.39350259,-0.189305753,-0.907544732,1.00005245,0.847859085,-0.0942896381,-0.0425597429,-0.404258102,0.592610121,1.04673874,0.478939652,1.01498795,0.894758165,-0.208661944,-0.0282166321,-0.296499252,-0.712489545,0.436939895,0.660672605,-0.110200025,-0.498878568,-0.199069589,6
0,2.92647266,-0.0561892018,0.511551023,0.291318804,0.0571627617,-0.407344818,-0.114585042,-0.0596355125,2.19066954,1.03395164,0.00537951011,-0.0526900552,0.639769375,-0.517234027,-0.125630632,-0.0399202406,0.969090581,1.08618891,-0.680460691,0.787871122,0.506567657,-0.551693916,-0.110526666,0,-0.467236519,0.633066535,0.186296016,0.969825268,-0.264507711,-0.631733954,-0.0489115976,0,-0.682535589,0.352281094,1.09957254,-0.0581760854,-1.5016439,-0.82575953,0,-0.0533790924,-0.194939047,1.23968863,1.35087121,0.37243703,-1.4814651,-0.800828636,-0.0942896381,-0.0425597429,-0.404258102,1.47541523,0.472425967,1.23787713,-1.45342398,-0.7543782,-0.208661944,-0.0282166321,-0.296499252,-0.515524685,0.668684006,0.865321517,-0.279541612,-0.498878568,-0.199069589,8
0,0.756221235,1.20131516,0.98909992,0.990595162,0.766827881,-0.407344818,-0.114585042,-0.0596355125,1.87792993,1.03395164,-0.245066568,-0.677514553,1.29880655,-0.232199743,-0.125630632,-0.0399202406,1.25009334,0.204642251,-1.19376683,-0.345071852,1.3111614,0.0741898865,-0.110526666,0,-0.79118371,-1.15261495,-1.52425253,-0.492669165,1.08295405,-0.631733954,-0.0489115976,0,-0.682535589,-1.22470379,-1.44643283,0.111100167,0.553595781,-0.82575953,0,-0.0533790924,-0.538130045,-1.0675199,-0.651358843,1.33242333,-0.417957604,-0.800828636,-0.0942896381,-0.0425597429,-0.404258102,-0.466755986,1.04673874,1.23787713,0.356744766,0.482474059,-0.208661944,-0.0282166321,-0.296499252,1.65108919,0.900428057,0.251374692,1.07519114,3.42503452,2.34392309,2
0,-0.32890445,-1.10410953,-0.204772368,0.990595162,0.0571627617,-0.407344818,-0.114585042,-0.0596355125,-0.623986244,-0.0698082,1.00716376,-0.0526900552,-1.33734202,-0.517234027,-0.125630632,-0.0399202406,-0.716925859,1.08618891,-0.680460691,-1.15431678,-1.26353872,-0.551693916,-0.110526666,0,0.828552306,0.795401216,-1.52425253,-1.1426667,-1.27510405,-0.631733954,-0.0489115976,0,-0.103428438,1.29847205,1.09957254,0.449652672,0.553595781,-0.538628221,0,-0.0533790924,0.148251966,1.23968863,-0.651358843,-1.22754025,-0.0634551048,0.847859085,-0.0942896381,-0.0425597429,-0.404258102,0.0629270747,-0.293324441,-1.79787278,0.192183971,0.688616097,-0.208661944,-0.0282166321,-0.296499252,-0.909454465,-0.258292317,0.0467257351,1.41387439,0.482099682,-0.199069589,6
0,-0.32890445,-0.475357324,0.0340020917,0.990595162,0.0571627617,-0.407344818,-0.114585042,-0.0596355125,-0.623986244,0.482071757,1.00716376,0.363859624,-0.678304911,-0.517234027,-0.125630632,-0.0399202406,0.126082376,1.08618891,0.346151531,-1.15431678,-1.26353872,-0.551693916,-0.110526666,0,1.15249956,0.633066535,-0.668978274,-0.980167329,-1.27510405,-0.631733954,-0.0489115976,0,1.63389289,0.983075023,-0.969056785,0.957481444,-1.15910399,-0.82575953,0,-0.0533790924,0.834633946,1.39350259,-0.497341156,0.852430165,-0.240706354,-0.800828636,-0.0942896381,-0.0425597429,-0.404258102,0.592610121,0.280988365,0.289205283,0.850427151,-0.7543782,-0.208661944,-0.0282166321,-0.296499252,-0.515524685,-0.0265482478,0.865321517,1.41387439,-0.498878568,-0.199069589,6
0,-0.32890445,0.362978905,0.98909992,0.990595162,1.83132553,2.62782073,-0.114585042,-0.0596355125,-0.623986244,-0.0698082,-0.495512635,-1.09406424,0.639769375,4.04331398,2.08300853,-0.0399202406,-0.716925859,-1.73476028,-1.19376683,-0.0213738531,1.15024269,1.32595754,-0.110526666,0,-0.79118371,-1.31494963,0.699460566,0.969825268,0.914521337,-0.631733954,-0.0489115976,0,-0.682535589,-1.22470379,-0.332555473,0.280376405,1.23867571,0.897028387,0,-0.0533790924,-0.538130045,-1.0675199,-1.1134119,-0.907544732,1.35455489,0.612332284,-0.0942896381,-0.0425597429,-0.404258102,-0.99643904,-0.101886839,0.289205283,0.850427151,-0.548236191,-0.208661944,-0.0282166321,-0.296499252,-0.121594876,0.900428057,0.660672605,-0.279541612,-0.498878568,-0.199069589,3
0,0.756221235,1.62048328,0.98909992,0.990595162,1.12166035,-0.103828259,-0.114585042,-0.0596355125,3.12888789,0.849991679,-1.49729693,0.363859624,1.29880655,0.33786878,-0.125630632,-0.0399202406,2.93610978,0.0283329226,0.517253578,1.43526709,0.184730127,-0.551693916,-0.110526666,0,-0.79118371,-0.665610969,1.21262515,0.8073259,-0.601373136,-0.631733954,-0.0489115976,0,-0.682535589,-1.22470379,-1.12818217,-0.0581760854,0.896135747,-0.538628221,0,-0.0533790924,-0.538130045,-1.0675199,-1.1134119,-1.06754243,1.35455489,0.847859085,-0.0942896381,-0.0425597429,-0.404258102,-0.819878042,-1.63338768,-0.849200904,1.17954874,1.10090017,-0.208661944,-0.0282166321,0.768356621,1.65108919,0.900428057,0.865321517,0.736508012,-0.253634006,-0.199069589,3
0,-0.32890445,0.153394848,0.511551023,0.990595162,1.29907668,-0.407344818,-0.114585042,-0.0596355125,-0.623986244,-0.253768176,-0.745958686,-0.2609649,1.13404715,-0.517234027,-0.125630632,-0.0399202406,-0.716925859,-1.73476028,-1.19376683,1.11156917,0.184730127,-0.551693916,-0.110526666,0,-0.79118371,-1.15261495,0.186296016,0.969825268,1.41981947,2.60834575,-0.0489115976,0,-0.682535589,0.82537657,1.09957254,0.280376405,-0.302754074,0.0356344357,0,-0.0533790924,-0.538130045,-0.606078148,1.04283583,-0.267553866,-1.4814651,-0.800828636,-0.0942896381,-0.0425597429,-0.404258102,-0.290194958,1.23817647,-1.41840398,-1.45342398,-0.7543782,-0.208661944,-0.0282166321,-0.296499252,0.863229573,0.205195829,-2.40906167,-1.12624967,-0.498878568,-0.199069589,7
0,-0.32890445,-0.684941351,0.272776544,0.990595162,0.411995322,-0.407344818,-0.114585042,-0.0596355125,-0.623986244,0.114151776,1.00716376,-0.885789394,-1.00782347,-0.517234027,-0.125630632,-0.0399202406,-0.154920369,1.08618891,0.175049499,-1.15431678,-1.26353872,-0.551693916,-0.110526666,0,0.828552306,1.12007058,0.0152411638,-1.46766543,-1.27510405,-0.631733954,-0.0489115976,0,0.765232265,1.29847205,1.09957254,0.449652672,-1.15910399,-0.82575953,0,-0.0533790924,-0.194939047,1.39350259,-0.189305753,0.0524415746,1.00005245,-0.800828636,-0.0942896381,-0.0425597429,-0.404258102,0.592610121,0.0895507634,-1.60813844,1.17954874,0.276332021,-0.208661944,-0.0282166321,-0.296499252,-0.515524685,0.668684006,0.865321517,1.58321595,0.236855134,-0.199069589,6
0,-0.32890445,0.153394848,0.750325441,-1.57341826,-1.00733483,-0.407344818,-0.114585042,-0.0596355125,-0.311246723,0.849991679,0.756717741,0.988684118,-0.843064249,-0.517234027,-0.125630632,-0.0399202406,-0.154920369,1.08618891,-0.16715458,0.62602216,0.989323914,-0.551693916,-0.110526666,0,-0.79118371,0.957735896,0.870515406,0.8073259,1.41981947,-0.361727297,-0.0489115976,0,-0.682535589,-0.751608312,-0.17343016,-0.0581760854,1.23867571,0.609897077,0,-0.0533790924,-0.538130045,-1.0675199,-1.1134119,-0.74754703,1.35455489,1.08338594,-0.0942896381,-0.0425597429,-0.404258102,-1.3495611,-1.05907488,0.0994709209,1.17954874,0.894758165,-0.208661944,-0.0282166321,-0.296499252,0.272334903,-0.0265482478,0.251374692,0.905849576,-0.253634006,-0.199069589,9
